  [1m[35m (167.6ms)[0m  [1m[35mCREATE DATABASE "monthly_report_development" ENCODING = 'unicode'[0m
  [1m[35m (59.8ms)[0m  [1m[35mCREATE DATABASE "monthly_report_test" ENCODING = 'unicode'[0m
  [1m[35m (20.5ms)[0m  [1m[35mCREATE TABLE "schema_migrations" ("version" character varying NOT NULL PRIMARY KEY)[0m
  [1m[35m (1.6ms)[0m  [1m[35mCREATE TABLE "ar_internal_metadata" ("key" character varying NOT NULL PRIMARY KEY, "value" character varying, "created_at" timestamp(6) NOT NULL, "updated_at" timestamp(6) NOT NULL)[0m
  [1m[35m (0.2ms)[0m  [1m[34mSELECT pg_try_advisory_lock(6440100315216638910)[0m
  [1m[36mActiveRecord::SchemaMigration Load (0.2ms)[0m  [1m[34mSELECT "schema_migrations"."version" FROM "schema_migrations" ORDER BY "schema_migrations"."version" ASC[0m
  [1m[36mActiveRecord::InternalMetadata Load (1.0ms)[0m  [1m[34mSELECT * FROM "ar_internal_metadata" WHERE "ar_internal_metadata"."key" = $1 ORDER BY "ar_internal_metadata"."key" ASC LIMIT 1[0m  [[nil, "environment"]]
  [1m[36mActiveRecord::InternalMetadata Create (2.8ms)[0m  [1m[32mINSERT INTO "ar_internal_metadata" ("key", "value", "created_at", "updated_at") VALUES ('environment', 'development', '2026-05-17 10:47:33.669770', '2026-05-17 10:47:33.669773') RETURNING "key"[0m
Migrating to EnableExtensions (20240101000001)
  [1m[36mTRANSACTION (0.1ms)[0m  [1m[35mBEGIN[0m
  [1m[35mSQL (168.3ms)[0m  [1m[35mCREATE EXTENSION IF NOT EXISTS "pgcrypto"[0m
  [1m[35mSQL (1096.5ms)[0m  [1m[35mCREATE EXTENSION IF NOT EXISTS "uuid-ossp"[0m
  [1m[36mActiveRecord::SchemaMigration Create (0.7ms)[0m  [1m[32mINSERT INTO "schema_migrations" ("version") VALUES ('20240101000001') RETURNING "version"[0m
  [1m[36mTRANSACTION (1.1ms)[0m  [1m[35mCOMMIT[0m
Migrating to CreateUnits (20240101000002)
  [1m[36mTRANSACTION (0.2ms)[0m  [1m[35mBEGIN[0m
  [1m[35m (8.4ms)[0m  [1m[35mCREATE TABLE "units" ("id" uuid DEFAULT gen_random_uuid() NOT NULL PRIMARY KEY, "name" character varying NOT NULL, "parent_id" uuid, "scope_level" character varying NOT NULL, "created_at" timestamp(6) NOT NULL, "updated_at" timestamp(6) NOT NULL, CONSTRAINT "fk_rails_2999ed96c7"
FOREIGN KEY ("parent_id")
  REFERENCES "units" ("id")
)[0m
  [1m[35m (1.5ms)[0m  [1m[35mCREATE INDEX "index_units_on_parent_id" ON "units" ("parent_id")[0m
  [1m[36mActiveRecord::SchemaMigration Create (0.2ms)[0m  [1m[32mINSERT INTO "schema_migrations" ("version") VALUES ('20240101000002') RETURNING "version"[0m
  [1m[36mTRANSACTION (0.6ms)[0m  [1m[35mCOMMIT[0m
Migrating to CreateMembers (20240101000003)
  [1m[36mTRANSACTION (0.1ms)[0m  [1m[35mBEGIN[0m
  [1m[35m (3.9ms)[0m  [1m[35mCREATE TABLE "members" ("id" uuid DEFAULT gen_random_uuid() NOT NULL PRIMARY KEY, "name" character varying NOT NULL, "email" character varying NOT NULL, "phone" character varying, "password_digest" character varying NOT NULL, "uc_id" uuid NOT NULL, "created_by_id" uuid, "is_active" boolean DEFAULT TRUE NOT NULL, "created_at" timestamp(6) NOT NULL, "updated_at" timestamp(6) NOT NULL, CONSTRAINT "fk_rails_4e07c2996a"
FOREIGN KEY ("uc_id")
  REFERENCES "units" ("id")
, CONSTRAINT "fk_rails_f904282f6b"
FOREIGN KEY ("created_by_id")
  REFERENCES "members" ("id")
)[0m
  [1m[35m (1.0ms)[0m  [1m[35mCREATE INDEX "index_members_on_uc_id" ON "members" ("uc_id")[0m
  [1m[35m (1.0ms)[0m  [1m[35mCREATE INDEX "index_members_on_created_by_id" ON "members" ("created_by_id")[0m
  [1m[35m (1.2ms)[0m  [1m[35mCREATE UNIQUE INDEX "index_members_on_email" ON "members" ("email")[0m
  [1m[35m (1.4ms)[0m  [1m[35mCREATE UNIQUE INDEX "index_members_on_phone" ON "members" ("phone")[0m
  [1m[36mActiveRecord::SchemaMigration Create (0.2ms)[0m  [1m[32mINSERT INTO "schema_migrations" ("version") VALUES ('20240101000003') RETURNING "version"[0m
  [1m[36mTRANSACTION (0.4ms)[0m  [1m[35mCOMMIT[0m
Migrating to AddPresidentIdToUnits (20240101000004)
  [1m[36mTRANSACTION (0.2ms)[0m  [1m[35mBEGIN[0m
  [1m[35m (1.3ms)[0m  [1m[35mALTER TABLE "units" ADD "president_id" uuid[0m
  [1m[35m (1.6ms)[0m  [1m[35mCREATE INDEX "index_units_on_president_id" ON "units" ("president_id")[0m
  [1m[35m (2.8ms)[0m  [1m[35mALTER TABLE "units" ADD CONSTRAINT "fk_rails_6e2cb5b54f"
FOREIGN KEY ("president_id")
  REFERENCES "members" ("id")
[0m
  [1m[36mActiveRecord::SchemaMigration Create (0.2ms)[0m  [1m[32mINSERT INTO "schema_migrations" ("version") VALUES ('20240101000004') RETURNING "version"[0m
  [1m[36mTRANSACTION (0.3ms)[0m  [1m[35mCOMMIT[0m
Migrating to CreateRoles (20240101000005)
  [1m[36mTRANSACTION (0.1ms)[0m  [1m[35mBEGIN[0m
  [1m[35m (3.9ms)[0m  [1m[35mCREATE TABLE "roles" ("id" uuid DEFAULT gen_random_uuid() NOT NULL PRIMARY KEY, "name" character varying NOT NULL, "description" text, "created_at" timestamp(6) NOT NULL)[0m
  [1m[35m (1.1ms)[0m  [1m[35mCREATE UNIQUE INDEX "index_roles_on_name" ON "roles" ("name")[0m
  [1m[36mActiveRecord::SchemaMigration Create (0.2ms)[0m  [1m[32mINSERT INTO "schema_migrations" ("version") VALUES ('20240101000005') RETURNING "version"[0m
  [1m[36mTRANSACTION (0.3ms)[0m  [1m[35mCOMMIT[0m
Migrating to CreatePermissions (20240101000006)
  [1m[36mTRANSACTION (0.1ms)[0m  [1m[35mBEGIN[0m
  [1m[35m (4.3ms)[0m  [1m[35mCREATE TABLE "permissions" ("id" uuid DEFAULT gen_random_uuid() NOT NULL PRIMARY KEY, "name" character varying NOT NULL, "method" character varying NOT NULL, "path" character varying NOT NULL, "description" text, "created_at" timestamp(6) NOT NULL)[0m
  [1m[35m (1.0ms)[0m  [1m[35mCREATE UNIQUE INDEX "index_permissions_on_name" ON "permissions" ("name")[0m
  [1m[35m (1.3ms)[0m  [1m[35mCREATE UNIQUE INDEX "index_permissions_on_method_and_path" ON "permissions" ("method", "path")[0m
  [1m[36mActiveRecord::SchemaMigration Create (0.2ms)[0m  [1m[32mINSERT INTO "schema_migrations" ("version") VALUES ('20240101000006') RETURNING "version"[0m
  [1m[36mTRANSACTION (0.2ms)[0m  [1m[35mCOMMIT[0m
Migrating to CreateRolePermissions (20240101000007)
  [1m[36mTRANSACTION (0.1ms)[0m  [1m[35mBEGIN[0m
  [1m[35m (4.0ms)[0m  [1m[35mCREATE TABLE "role_permissions" ("id" uuid DEFAULT gen_random_uuid() NOT NULL PRIMARY KEY, "role_id" uuid NOT NULL, "permission_id" uuid NOT NULL, "created_at" timestamp(6) NOT NULL, CONSTRAINT "fk_rails_60126080bd"
FOREIGN KEY ("role_id")
  REFERENCES "roles" ("id")
, CONSTRAINT "fk_rails_439e640a3f"
FOREIGN KEY ("permission_id")
  REFERENCES "permissions" ("id")
)[0m
  [1m[35m (0.9ms)[0m  [1m[35mCREATE INDEX "index_role_permissions_on_role_id" ON "role_permissions" ("role_id")[0m
  [1m[35m (0.8ms)[0m  [1m[35mCREATE INDEX "index_role_permissions_on_permission_id" ON "role_permissions" ("permission_id")[0m
  [1m[35m (0.8ms)[0m  [1m[35mCREATE UNIQUE INDEX "index_role_permissions_on_role_id_and_permission_id" ON "role_permissions" ("role_id", "permission_id")[0m
  [1m[36mActiveRecord::SchemaMigration Create (0.2ms)[0m  [1m[32mINSERT INTO "schema_migrations" ("version") VALUES ('20240101000007') RETURNING "version"[0m
  [1m[36mTRANSACTION (0.4ms)[0m  [1m[35mCOMMIT[0m
Migrating to CreateMemberRoles (20240101000008)
  [1m[36mTRANSACTION (0.1ms)[0m  [1m[35mBEGIN[0m
  [1m[35m (6.0ms)[0m  [1m[35mCREATE TABLE "member_roles" ("id" uuid DEFAULT gen_random_uuid() NOT NULL PRIMARY KEY, "member_id" uuid NOT NULL, "role_id" uuid NOT NULL, "granted_by_id" uuid, "granted_at" timestamp(6) DEFAULT NOW() NOT NULL, "revoked_at" timestamp(6), CONSTRAINT "fk_rails_8c85e76fea"
FOREIGN KEY ("member_id")
  REFERENCES "members" ("id")
, CONSTRAINT "fk_rails_d347fa8e3c"
FOREIGN KEY ("role_id")
  REFERENCES "roles" ("id")
, CONSTRAINT "fk_rails_b45b40030e"
FOREIGN KEY ("granted_by_id")
  REFERENCES "members" ("id")
)[0m
  [1m[35m (0.9ms)[0m  [1m[35mCREATE INDEX "index_member_roles_on_member_id" ON "member_roles" ("member_id")[0m
  [1m[35m (1.2ms)[0m  [1m[35mCREATE INDEX "index_member_roles_on_role_id" ON "member_roles" ("role_id")[0m
  [1m[35m (1.0ms)[0m  [1m[35mCREATE INDEX "index_member_roles_on_granted_by_id" ON "member_roles" ("granted_by_id")[0m
  [1m[35m (0.8ms)[0m  [1m[35mCREATE UNIQUE INDEX "index_member_roles_on_member_id_and_role_id" ON "member_roles" ("member_id", "role_id")[0m
  [1m[36mActiveRecord::SchemaMigration Create (0.2ms)[0m  [1m[32mINSERT INTO "schema_migrations" ("version") VALUES ('20240101000008') RETURNING "version"[0m
  [1m[36mTRANSACTION (0.5ms)[0m  [1m[35mCOMMIT[0m
Migrating to CreateMonthlyReports (20240101000009)
  [1m[36mTRANSACTION (0.1ms)[0m  [1m[35mBEGIN[0m
  [1m[35m (8.1ms)[0m  [1m[35mCREATE TABLE "monthly_reports" ("id" uuid DEFAULT gen_random_uuid() NOT NULL PRIMARY KEY, "unit_id" uuid NOT NULL, "month" date NOT NULL, "president_member_id" uuid, "secretary_member_id" uuid, "status" character varying DEFAULT 'draft' NOT NULL, "locked_at" timestamp(6), "finalized_at" timestamp(6), "created_by_id" uuid, "created_at" timestamp(6) NOT NULL, "updated_at" timestamp(6) NOT NULL, CONSTRAINT "fk_rails_d2ac4c05e0"
FOREIGN KEY ("unit_id")
  REFERENCES "units" ("id")
, CONSTRAINT "fk_rails_8ad6a1ffd4"
FOREIGN KEY ("president_member_id")
  REFERENCES "members" ("id")
, CONSTRAINT "fk_rails_8f5245ffdd"
FOREIGN KEY ("secretary_member_id")
  REFERENCES "members" ("id")
, CONSTRAINT "fk_rails_3da56fd205"
FOREIGN KEY ("created_by_id")
  REFERENCES "members" ("id")
)[0m
  [1m[35m (1.4ms)[0m  [1m[35mCREATE INDEX "index_monthly_reports_on_unit_id" ON "monthly_reports" ("unit_id")[0m
  [1m[35m (1.1ms)[0m  [1m[35mCREATE INDEX "index_monthly_reports_on_president_member_id" ON "monthly_reports" ("president_member_id")[0m
  [1m[35m (1.1ms)[0m  [1m[35mCREATE INDEX "index_monthly_reports_on_secretary_member_id" ON "monthly_reports" ("secretary_member_id")[0m
  [1m[35m (1.1ms)[0m  [1m[35mCREATE INDEX "index_monthly_reports_on_created_by_id" ON "monthly_reports" ("created_by_id")[0m
  [1m[35m (0.8ms)[0m  [1m[35mCREATE UNIQUE INDEX "index_monthly_reports_on_unit_id_and_month" ON "monthly_reports" ("unit_id", "month")[0m
  [1m[36mActiveRecord::SchemaMigration Create (0.3ms)[0m  [1m[32mINSERT INTO "schema_migrations" ("version") VALUES ('20240101000009') RETURNING "version"[0m
  [1m[36mTRANSACTION (0.4ms)[0m  [1m[35mCOMMIT[0m
Migrating to CreateActivityDefinitions (20240101000010)
  [1m[36mTRANSACTION (0.1ms)[0m  [1m[35mBEGIN[0m
  [1m[35m (4.0ms)[0m  [1m[35mCREATE TABLE "activity_definitions" ("id" uuid DEFAULT gen_random_uuid() NOT NULL PRIMARY KEY, "name" character varying NOT NULL, "scope_level" character varying DEFAULT 'UC' NOT NULL, "compulsory_per_month" integer DEFAULT 0 NOT NULL, "is_active" boolean DEFAULT TRUE NOT NULL, "created_at" timestamp(6) NOT NULL)[0m
  [1m[36mActiveRecord::SchemaMigration Create (0.1ms)[0m  [1m[32mINSERT INTO "schema_migrations" ("version") VALUES ('20240101000010') RETURNING "version"[0m
  [1m[36mTRANSACTION (0.5ms)[0m  [1m[35mCOMMIT[0m
Migrating to CreateReportActivities (20240101000011)
  [1m[36mTRANSACTION (0.1ms)[0m  [1m[35mBEGIN[0m
  [1m[35m (4.0ms)[0m  [1m[35mCREATE TABLE "report_activities" ("id" uuid DEFAULT gen_random_uuid() NOT NULL PRIMARY KEY, "report_id" uuid NOT NULL, "definition_id" uuid, "name" character varying NOT NULL, "occurrences" integer DEFAULT 1 NOT NULL, "avg_attendance" integer, "conductor" character varying, "notes" text, "created_at" timestamp(6) NOT NULL, CONSTRAINT "fk_rails_33d9456a43"
FOREIGN KEY ("report_id")
  REFERENCES "monthly_reports" ("id")
, CONSTRAINT "fk_rails_91f8188f93"
FOREIGN KEY ("definition_id")
  REFERENCES "activity_definitions" ("id")
)[0m
  [1m[35m (1.2ms)[0m  [1m[35mCREATE INDEX "index_report_activities_on_report_id" ON "report_activities" ("report_id")[0m
  [1m[35m (0.7ms)[0m  [1m[35mCREATE INDEX "index_report_activities_on_definition_id" ON "report_activities" ("definition_id")[0m
  [1m[36mActiveRecord::SchemaMigration Create (0.2ms)[0m  [1m[32mINSERT INTO "schema_migrations" ("version") VALUES ('20240101000011') RETURNING "version"[0m
  [1m[36mTRANSACTION (0.2ms)[0m  [1m[35mCOMMIT[0m
Migrating to CreateFormSections (20240101000012)
  [1m[36mTRANSACTION (0.1ms)[0m  [1m[35mBEGIN[0m
  [1m[35m (3.6ms)[0m  [1m[35mCREATE TABLE "form_sections" ("id" uuid DEFAULT gen_random_uuid() NOT NULL PRIMARY KEY, "key" character varying NOT NULL, "label" character varying NOT NULL, "scope_level" character varying NOT NULL, "order_index" integer NOT NULL, "is_active" boolean DEFAULT TRUE NOT NULL, "created_at" timestamp(6) NOT NULL)[0m
  [1m[35m (0.7ms)[0m  [1m[35mCREATE UNIQUE INDEX "index_form_sections_on_key" ON "form_sections" ("key")[0m
  [1m[35m (1.3ms)[0m  [1m[35mCREATE UNIQUE INDEX "index_form_sections_on_scope_level_and_order_index" ON "form_sections" ("scope_level", "order_index")[0m
  [1m[36mActiveRecord::SchemaMigration Create (0.2ms)[0m  [1m[32mINSERT INTO "schema_migrations" ("version") VALUES ('20240101000012') RETURNING "version"[0m
  [1m[36mTRANSACTION (0.4ms)[0m  [1m[35mCOMMIT[0m
Migrating to CreateFormFields (20240101000013)
  [1m[36mTRANSACTION (0.1ms)[0m  [1m[35mBEGIN[0m
  [1m[35m (2.3ms)[0m  [1m[35mCREATE TABLE "form_fields" ("id" uuid DEFAULT gen_random_uuid() NOT NULL PRIMARY KEY, "key" character varying NOT NULL, "label" character varying NOT NULL, "field_type" character varying NOT NULL, "is_required" boolean DEFAULT FALSE NOT NULL, "prefill_source" character varying, "options" jsonb, "validation" jsonb, "helper_text" character varying, "is_active" boolean DEFAULT TRUE NOT NULL, "created_at" timestamp(6) NOT NULL)[0m
  [1m[35m (0.8ms)[0m  [1m[35mCREATE UNIQUE INDEX "index_form_fields_on_key" ON "form_fields" ("key")[0m
  [1m[36mActiveRecord::SchemaMigration Create (0.5ms)[0m  [1m[32mINSERT INTO "schema_migrations" ("version") VALUES ('20240101000013') RETURNING "version"[0m
  [1m[36mTRANSACTION (0.2ms)[0m  [1m[35mCOMMIT[0m
Migrating to CreateFormSectionFields (20240101000014)
  [1m[36mTRANSACTION (0.1ms)[0m  [1m[35mBEGIN[0m
  [1m[35m (3.2ms)[0m  [1m[35mCREATE TABLE "form_section_fields" ("id" uuid DEFAULT gen_random_uuid() NOT NULL PRIMARY KEY, "section_id" uuid NOT NULL, "field_id" uuid NOT NULL, "order_index" integer NOT NULL, "created_at" timestamp(6) NOT NULL, CONSTRAINT "fk_rails_25e8c7d830"
FOREIGN KEY ("section_id")
  REFERENCES "form_sections" ("id")
, CONSTRAINT "fk_rails_97c9e651ae"
FOREIGN KEY ("field_id")
  REFERENCES "form_fields" ("id")
)[0m
  [1m[35m (0.8ms)[0m  [1m[35mCREATE INDEX "index_form_section_fields_on_section_id" ON "form_section_fields" ("section_id")[0m
  [1m[35m (1.3ms)[0m  [1m[35mCREATE INDEX "index_form_section_fields_on_field_id" ON "form_section_fields" ("field_id")[0m
  [1m[35m (0.9ms)[0m  [1m[35mCREATE UNIQUE INDEX "index_form_section_fields_on_section_id_and_field_id" ON "form_section_fields" ("section_id", "field_id")[0m
  [1m[35m (1.3ms)[0m  [1m[35mCREATE UNIQUE INDEX "index_form_section_fields_on_section_id_and_order_index" ON "form_section_fields" ("section_id", "order_index")[0m
  [1m[36mActiveRecord::SchemaMigration Create (0.3ms)[0m  [1m[32mINSERT INTO "schema_migrations" ("version") VALUES ('20240101000014') RETURNING "version"[0m
  [1m[36mTRANSACTION (0.4ms)[0m  [1m[35mCOMMIT[0m
Migrating to CreateReportFieldValues (20240101000015)
  [1m[36mTRANSACTION (0.1ms)[0m  [1m[35mBEGIN[0m
  [1m[35m (4.4ms)[0m  [1m[35mCREATE TABLE "report_field_values" ("id" uuid DEFAULT gen_random_uuid() NOT NULL PRIMARY KEY, "report_id" uuid NOT NULL, "field_id" uuid NOT NULL, "value" text, "created_at" timestamp(6) NOT NULL, "updated_at" timestamp(6) NOT NULL, CONSTRAINT "fk_rails_91a2b84530"
FOREIGN KEY ("report_id")
  REFERENCES "monthly_reports" ("id")
, CONSTRAINT "fk_rails_81a5ea8b0b"
FOREIGN KEY ("field_id")
  REFERENCES "form_fields" ("id")
)[0m
  [1m[35m (1.3ms)[0m  [1m[35mCREATE INDEX "index_report_field_values_on_report_id" ON "report_field_values" ("report_id")[0m
  [1m[35m (0.8ms)[0m  [1m[35mCREATE INDEX "index_report_field_values_on_field_id" ON "report_field_values" ("field_id")[0m
  [1m[35m (1.2ms)[0m  [1m[35mCREATE UNIQUE INDEX "index_report_field_values_on_report_id_and_field_id" ON "report_field_values" ("report_id", "field_id")[0m
  [1m[36mActiveRecord::SchemaMigration Create (0.2ms)[0m  [1m[32mINSERT INTO "schema_migrations" ("version") VALUES ('20240101000015') RETURNING "version"[0m
  [1m[36mTRANSACTION (0.5ms)[0m  [1m[35mCOMMIT[0m
Migrating to CreateAuditLogs (20240101000016)
  [1m[36mTRANSACTION (0.1ms)[0m  [1m[35mBEGIN[0m
  [1m[35m (3.9ms)[0m  [1m[35mCREATE TABLE "audit_logs" ("id" uuid DEFAULT gen_random_uuid() NOT NULL PRIMARY KEY, "entity_type" character varying NOT NULL, "entity_id" uuid NOT NULL, "field_name" character varying NOT NULL, "old_value" text, "new_value" text, "changed_by_id" uuid, "changed_at" timestamp(6) DEFAULT NOW() NOT NULL, "ip_address" character varying, "user_agent" text, CONSTRAINT "fk_rails_afe69249d2"
FOREIGN KEY ("changed_by_id")
  REFERENCES "members" ("id")
)[0m
  [1m[35m (1.6ms)[0m  [1m[35mCREATE INDEX "index_audit_logs_on_changed_by_id" ON "audit_logs" ("changed_by_id")[0m
  [1m[35m (0.9ms)[0m  [1m[35mCREATE INDEX "index_audit_logs_on_entity_type_and_entity_id_and_changed_at" ON "audit_logs" ("entity_type", "entity_id", "changed_at")[0m
  [1m[36mActiveRecord::SchemaMigration Create (0.2ms)[0m  [1m[32mINSERT INTO "schema_migrations" ("version") VALUES ('20240101000016') RETURNING "version"[0m
  [1m[36mTRANSACTION (0.5ms)[0m  [1m[35mCOMMIT[0m
Migrating to CreateRefreshTokens (20240101000017)
  [1m[36mTRANSACTION (0.1ms)[0m  [1m[35mBEGIN[0m
  [1m[35m (3.6ms)[0m  [1m[35mCREATE TABLE "refresh_tokens" ("id" uuid DEFAULT gen_random_uuid() NOT NULL PRIMARY KEY, "member_id" uuid NOT NULL, "token_hash" character varying NOT NULL, "expires_at" timestamp(6) NOT NULL, "revoked_at" timestamp(6), "created_at" timestamp(6) NOT NULL, CONSTRAINT "fk_rails_4d08f04939"
FOREIGN KEY ("member_id")
  REFERENCES "members" ("id")
)[0m
  [1m[35m (1.5ms)[0m  [1m[35mCREATE INDEX "index_refresh_tokens_on_member_id" ON "refresh_tokens" ("member_id")[0m
  [1m[35m (1.2ms)[0m  [1m[35mCREATE UNIQUE INDEX "index_refresh_tokens_on_token_hash" ON "refresh_tokens" ("token_hash")[0m
  [1m[36mActiveRecord::SchemaMigration Create (0.3ms)[0m  [1m[32mINSERT INTO "schema_migrations" ("version") VALUES ('20240101000017') RETURNING "version"[0m
  [1m[36mTRANSACTION (0.3ms)[0m  [1m[35mCOMMIT[0m
  [1m[35m (0.3ms)[0m  [1m[34mSELECT pg_advisory_unlock(6440100315216638910)[0m
  [1m[36mActiveRecord::SchemaMigration Load (0.2ms)[0m  [1m[34mSELECT "schema_migrations"."version" FROM "schema_migrations" ORDER BY "schema_migrations"."version" ASC[0m
  [1m[36mActiveRecord::SchemaMigration Load (0.4ms)[0m  [1m[34mSELECT "schema_migrations"."version" FROM "schema_migrations" ORDER BY "schema_migrations"."version" ASC[0m
  [1m[36mRole Load (0.9ms)[0m  [1m[34mSELECT "roles".* FROM "roles" WHERE "roles"."name" = $1 LIMIT $2[0m  [["name", "UC_PRESIDENT"], ["LIMIT", 1]]
  [1m[36mTRANSACTION (0.0ms)[0m  [1m[35mBEGIN[0m
  [1m[36mRole Exists? (0.2ms)[0m  [1m[34mSELECT 1 AS one FROM "roles" WHERE "roles"."name" = $1 LIMIT $2[0m  [["name", "UC_PRESIDENT"], ["LIMIT", 1]]
  [1m[36mRole Create (0.6ms)[0m  [1m[32mINSERT INTO "roles" ("name", "description", "created_at") VALUES ($1, $2, $3) RETURNING "id"[0m  [["name", "UC_PRESIDENT"], ["description", "Manages own UC report and members"], ["created_at", "2026-05-17 10:48:02.531011"]]
  [1m[36mTRANSACTION (0.5ms)[0m  [1m[35mCOMMIT[0m
  [1m[36mRole Load (0.1ms)[0m  [1m[34mSELECT "roles".* FROM "roles" WHERE "roles"."name" = $1 LIMIT $2[0m  [["name", "UC_SECRETARY"], ["LIMIT", 1]]
  [1m[36mTRANSACTION (0.0ms)[0m  [1m[35mBEGIN[0m
  [1m[36mRole Exists? (0.5ms)[0m  [1m[34mSELECT 1 AS one FROM "roles" WHERE "roles"."name" = $1 LIMIT $2[0m  [["name", "UC_SECRETARY"], ["LIMIT", 1]]
  [1m[36mRole Create (0.2ms)[0m  [1m[32mINSERT INTO "roles" ("name", "description", "created_at") VALUES ($1, $2, $3) RETURNING "id"[0m  [["name", "UC_SECRETARY"], ["description", "Assists with UC report entry"], ["created_at", "2026-05-17 10:48:02.534359"]]
  [1m[36mTRANSACTION (0.1ms)[0m  [1m[35mCOMMIT[0m
  [1m[36mRole Load (0.1ms)[0m  [1m[34mSELECT "roles".* FROM "roles" WHERE "roles"."name" = $1 LIMIT $2[0m  [["name", "ZONE_PRESIDENT"], ["LIMIT", 1]]
  [1m[36mTRANSACTION (0.0ms)[0m  [1m[35mBEGIN[0m
  [1m[36mRole Exists? (0.5ms)[0m  [1m[34mSELECT 1 AS one FROM "roles" WHERE "roles"."name" = $1 LIMIT $2[0m  [["name", "ZONE_PRESIDENT"], ["LIMIT", 1]]
  [1m[36mRole Create (0.1ms)[0m  [1m[32mINSERT INTO "roles" ("name", "description", "created_at") VALUES ($1, $2, $3) RETURNING "id"[0m  [["name", "ZONE_PRESIDENT"], ["description", "Oversees zone UCs, locks zone reports"], ["created_at", "2026-05-17 10:48:02.536437"]]
  [1m[36mTRANSACTION (0.1ms)[0m  [1m[35mCOMMIT[0m
  [1m[36mRole Load (0.1ms)[0m  [1m[34mSELECT "roles".* FROM "roles" WHERE "roles"."name" = $1 LIMIT $2[0m  [["name", "ZONE_SECRETARY"], ["LIMIT", 1]]
  [1m[36mTRANSACTION (0.0ms)[0m  [1m[35mBEGIN[0m
  [1m[36mRole Exists? (0.5ms)[0m  [1m[34mSELECT 1 AS one FROM "roles" WHERE "roles"."name" = $1 LIMIT $2[0m  [["name", "ZONE_SECRETARY"], ["LIMIT", 1]]
  [1m[36mRole Create (0.2ms)[0m  [1m[32mINSERT INTO "roles" ("name", "description", "created_at") VALUES ($1, $2, $3) RETURNING "id"[0m  [["name", "ZONE_SECRETARY"], ["description", "Assists zone-level operations"], ["created_at", "2026-05-17 10:48:02.538407"]]
  [1m[36mTRANSACTION (0.1ms)[0m  [1m[35mCOMMIT[0m
  [1m[36mRole Load (0.1ms)[0m  [1m[34mSELECT "roles".* FROM "roles" WHERE "roles"."name" = $1 LIMIT $2[0m  [["name", "ZILA_PRESIDENT"], ["LIMIT", 1]]
  [1m[36mTRANSACTION (0.0ms)[0m  [1m[35mBEGIN[0m
  [1m[36mRole Exists? (0.5ms)[0m  [1m[34mSELECT 1 AS one FROM "roles" WHERE "roles"."name" = $1 LIMIT $2[0m  [["name", "ZILA_PRESIDENT"], ["LIMIT", 1]]
  [1m[36mRole Create (0.1ms)[0m  [1m[32mINSERT INTO "roles" ("name", "description", "created_at") VALUES ($1, $2, $3) RETURNING "id"[0m  [["name", "ZILA_PRESIDENT"], ["description", "Full access; assigns roles; finalizes reports"], ["created_at", "2026-05-17 10:48:02.540478"]]
  [1m[36mTRANSACTION (0.1ms)[0m  [1m[35mCOMMIT[0m
  [1m[36mRole Load (0.2ms)[0m  [1m[34mSELECT "roles".* FROM "roles" WHERE "roles"."name" = $1 LIMIT $2[0m  [["name", "ZILA_SECRETARY"], ["LIMIT", 1]]
  [1m[36mTRANSACTION (0.1ms)[0m  [1m[35mBEGIN[0m
  [1m[36mRole Exists? (0.5ms)[0m  [1m[34mSELECT 1 AS one FROM "roles" WHERE "roles"."name" = $1 LIMIT $2[0m  [["name", "ZILA_SECRETARY"], ["LIMIT", 1]]
  [1m[36mRole Create (0.2ms)[0m  [1m[32mINSERT INTO "roles" ("name", "description", "created_at") VALUES ($1, $2, $3) RETURNING "id"[0m  [["name", "ZILA_SECRETARY"], ["description", "Assists Zila-level operations"], ["created_at", "2026-05-17 10:48:02.542503"]]
  [1m[36mTRANSACTION (0.2ms)[0m  [1m[35mCOMMIT[0m
  [1m[36mPermission Load (0.6ms)[0m  [1m[34mSELECT "permissions".* FROM "permissions" WHERE "permissions"."name" = $1 LIMIT $2[0m  [["name", "auth:login"], ["LIMIT", 1]]
  [1m[36mTRANSACTION (0.0ms)[0m  [1m[35mBEGIN[0m
  [1m[36mPermission Exists? (0.1ms)[0m  [1m[34mSELECT 1 AS one FROM "permissions" WHERE "permissions"."name" = $1 LIMIT $2[0m  [["name", "auth:login"], ["LIMIT", 1]]
  [1m[36mPermission Exists? (0.1ms)[0m  [1m[34mSELECT 1 AS one FROM "permissions" WHERE "permissions"."path" = $1 AND "permissions"."method" = $2 LIMIT $3[0m  [["path", "/auth/login"], ["method", "POST"], ["LIMIT", 1]]
  [1m[36mPermission Create (0.3ms)[0m  [1m[32mINSERT INTO "permissions" ("name", "method", "path", "description", "created_at") VALUES ($1, $2, $3, $4, $5) RETURNING "id"[0m  [["name", "auth:login"], ["method", "POST"], ["path", "/auth/login"], ["description", nil], ["created_at", "2026-05-17 10:48:02.551052"]]
  [1m[36mTRANSACTION (0.2ms)[0m  [1m[35mCOMMIT[0m
  [1m[36mPermission Load (0.1ms)[0m  [1m[34mSELECT "permissions".* FROM "permissions" WHERE "permissions"."name" = $1 LIMIT $2[0m  [["name", "auth:refresh"], ["LIMIT", 1]]
  [1m[36mTRANSACTION (0.0ms)[0m  [1m[35mBEGIN[0m
  [1m[36mPermission Exists? (0.4ms)[0m  [1m[34mSELECT 1 AS one FROM "permissions" WHERE "permissions"."name" = $1 LIMIT $2[0m  [["name", "auth:refresh"], ["LIMIT", 1]]
  [1m[36mPermission Exists? (0.1ms)[0m  [1m[34mSELECT 1 AS one FROM "permissions" WHERE "permissions"."path" = $1 AND "permissions"."method" = $2 LIMIT $3[0m  [["path", "/auth/refresh"], ["method", "POST"], ["LIMIT", 1]]
  [1m[36mPermission Create (0.2ms)[0m  [1m[32mINSERT INTO "permissions" ("name", "method", "path", "description", "created_at") VALUES ($1, $2, $3, $4, $5) RETURNING "id"[0m  [["name", "auth:refresh"], ["method", "POST"], ["path", "/auth/refresh"], ["description", nil], ["created_at", "2026-05-17 10:48:02.553778"]]
  [1m[36mTRANSACTION (0.1ms)[0m  [1m[35mCOMMIT[0m
  [1m[36mPermission Load (0.2ms)[0m  [1m[34mSELECT "permissions".* FROM "permissions" WHERE "permissions"."name" = $1 LIMIT $2[0m  [["name", "auth:logout"], ["LIMIT", 1]]
  [1m[36mTRANSACTION (0.0ms)[0m  [1m[35mBEGIN[0m
  [1m[36mPermission Exists? (0.5ms)[0m  [1m[34mSELECT 1 AS one FROM "permissions" WHERE "permissions"."name" = $1 LIMIT $2[0m  [["name", "auth:logout"], ["LIMIT", 1]]
  [1m[36mPermission Exists? (0.2ms)[0m  [1m[34mSELECT 1 AS one FROM "permissions" WHERE "permissions"."path" = $1 AND "permissions"."method" = $2 LIMIT $3[0m  [["path", "/auth/logout"], ["method", "POST"], ["LIMIT", 1]]
  [1m[36mPermission Create (0.2ms)[0m  [1m[32mINSERT INTO "permissions" ("name", "method", "path", "description", "created_at") VALUES ($1, $2, $3, $4, $5) RETURNING "id"[0m  [["name", "auth:logout"], ["method", "POST"], ["path", "/auth/logout"], ["description", nil], ["created_at", "2026-05-17 10:48:02.556475"]]
  [1m[36mTRANSACTION (0.1ms)[0m  [1m[35mCOMMIT[0m
  [1m[36mPermission Load (0.1ms)[0m  [1m[34mSELECT "permissions".* FROM "permissions" WHERE "permissions"."name" = $1 LIMIT $2[0m  [["name", "members:create"], ["LIMIT", 1]]
  [1m[36mTRANSACTION (0.0ms)[0m  [1m[35mBEGIN[0m
  [1m[36mPermission Exists? (0.5ms)[0m  [1m[34mSELECT 1 AS one FROM "permissions" WHERE "permissions"."name" = $1 LIMIT $2[0m  [["name", "members:create"], ["LIMIT", 1]]
  [1m[36mPermission Exists? (0.2ms)[0m  [1m[34mSELECT 1 AS one FROM "permissions" WHERE "permissions"."path" = $1 AND "permissions"."method" = $2 LIMIT $3[0m  [["path", "/members"], ["method", "POST"], ["LIMIT", 1]]
  [1m[36mPermission Create (0.2ms)[0m  [1m[32mINSERT INTO "permissions" ("name", "method", "path", "description", "created_at") VALUES ($1, $2, $3, $4, $5) RETURNING "id"[0m  [["name", "members:create"], ["method", "POST"], ["path", "/members"], ["description", nil], ["created_at", "2026-05-17 10:48:02.559065"]]
  [1m[36mTRANSACTION (0.2ms)[0m  [1m[35mCOMMIT[0m
  [1m[36mPermission Load (0.1ms)[0m  [1m[34mSELECT "permissions".* FROM "permissions" WHERE "permissions"."name" = $1 LIMIT $2[0m  [["name", "members:list"], ["LIMIT", 1]]
  [1m[36mTRANSACTION (0.0ms)[0m  [1m[35mBEGIN[0m
  [1m[36mPermission Exists? (0.5ms)[0m  [1m[34mSELECT 1 AS one FROM "permissions" WHERE "permissions"."name" = $1 LIMIT $2[0m  [["name", "members:list"], ["LIMIT", 1]]
  [1m[36mPermission Exists? (0.1ms)[0m  [1m[34mSELECT 1 AS one FROM "permissions" WHERE "permissions"."path" = $1 AND "permissions"."method" = $2 LIMIT $3[0m  [["path", "/members"], ["method", "GET"], ["LIMIT", 1]]
  [1m[36mPermission Create (0.2ms)[0m  [1m[32mINSERT INTO "permissions" ("name", "method", "path", "description", "created_at") VALUES ($1, $2, $3, $4, $5) RETURNING "id"[0m  [["name", "members:list"], ["method", "GET"], ["path", "/members"], ["description", nil], ["created_at", "2026-05-17 10:48:02.561796"]]
  [1m[36mTRANSACTION (0.3ms)[0m  [1m[35mCOMMIT[0m
  [1m[36mPermission Load (0.2ms)[0m  [1m[34mSELECT "permissions".* FROM "permissions" WHERE "permissions"."name" = $1 LIMIT $2[0m  [["name", "members:read"], ["LIMIT", 1]]
  [1m[36mTRANSACTION (0.0ms)[0m  [1m[35mBEGIN[0m
  [1m[36mPermission Exists? (0.7ms)[0m  [1m[34mSELECT 1 AS one FROM "permissions" WHERE "permissions"."name" = $1 LIMIT $2[0m  [["name", "members:read"], ["LIMIT", 1]]
  [1m[36mPermission Exists? (0.2ms)[0m  [1m[34mSELECT 1 AS one FROM "permissions" WHERE "permissions"."path" = $1 AND "permissions"."method" = $2 LIMIT $3[0m  [["path", "/members/:id"], ["method", "GET"], ["LIMIT", 1]]
  [1m[36mPermission Create (0.1ms)[0m  [1m[32mINSERT INTO "permissions" ("name", "method", "path", "description", "created_at") VALUES ($1, $2, $3, $4, $5) RETURNING "id"[0m  [["name", "members:read"], ["method", "GET"], ["path", "/members/:id"], ["description", nil], ["created_at", "2026-05-17 10:48:02.564919"]]
  [1m[36mTRANSACTION (0.1ms)[0m  [1m[35mCOMMIT[0m
  [1m[36mPermission Load (0.1ms)[0m  [1m[34mSELECT "permissions".* FROM "permissions" WHERE "permissions"."name" = $1 LIMIT $2[0m  [["name", "members:roles_assign"], ["LIMIT", 1]]
  [1m[36mTRANSACTION (0.0ms)[0m  [1m[35mBEGIN[0m
  [1m[36mPermission Exists? (0.5ms)[0m  [1m[34mSELECT 1 AS one FROM "permissions" WHERE "permissions"."name" = $1 LIMIT $2[0m  [["name", "members:roles_assign"], ["LIMIT", 1]]
  [1m[36mPermission Exists? (0.1ms)[0m  [1m[34mSELECT 1 AS one FROM "permissions" WHERE "permissions"."path" = $1 AND "permissions"."method" = $2 LIMIT $3[0m  [["path", "/members/:id/roles"], ["method", "POST"], ["LIMIT", 1]]
  [1m[36mPermission Create (0.1ms)[0m  [1m[32mINSERT INTO "permissions" ("name", "method", "path", "description", "created_at") VALUES ($1, $2, $3, $4, $5) RETURNING "id"[0m  [["name", "members:roles_assign"], ["method", "POST"], ["path", "/members/:id/roles"], ["description", nil], ["created_at", "2026-05-17 10:48:02.567392"]]
  [1m[36mTRANSACTION (0.1ms)[0m  [1m[35mCOMMIT[0m
  [1m[36mPermission Load (0.0ms)[0m  [1m[34mSELECT "permissions".* FROM "permissions" WHERE "permissions"."name" = $1 LIMIT $2[0m  [["name", "members:roles_revoke"], ["LIMIT", 1]]
  [1m[36mTRANSACTION (0.0ms)[0m  [1m[35mBEGIN[0m
  [1m[36mPermission Exists? (0.4ms)[0m  [1m[34mSELECT 1 AS one FROM "permissions" WHERE "permissions"."name" = $1 LIMIT $2[0m  [["name", "members:roles_revoke"], ["LIMIT", 1]]
  [1m[36mPermission Exists? (0.1ms)[0m  [1m[34mSELECT 1 AS one FROM "permissions" WHERE "permissions"."path" = $1 AND "permissions"."method" = $2 LIMIT $3[0m  [["path", "/members/:id/roles/:role_name"], ["method", "DELETE"], ["LIMIT", 1]]
  [1m[36mPermission Create (0.1ms)[0m  [1m[32mINSERT INTO "permissions" ("name", "method", "path", "description", "created_at") VALUES ($1, $2, $3, $4, $5) RETURNING "id"[0m  [["name", "members:roles_revoke"], ["method", "DELETE"], ["path", "/members/:id/roles/:role_name"], ["description", nil], ["created_at", "2026-05-17 10:48:02.569633"]]
  [1m[36mTRANSACTION (2.2ms)[0m  [1m[35mCOMMIT[0m
  [1m[36mPermission Load (0.1ms)[0m  [1m[34mSELECT "permissions".* FROM "permissions" WHERE "permissions"."name" = $1 LIMIT $2[0m  [["name", "units:list"], ["LIMIT", 1]]
  [1m[36mTRANSACTION (0.0ms)[0m  [1m[35mBEGIN[0m
  [1m[36mPermission Exists? (0.5ms)[0m  [1m[34mSELECT 1 AS one FROM "permissions" WHERE "permissions"."name" = $1 LIMIT $2[0m  [["name", "units:list"], ["LIMIT", 1]]
  [1m[36mPermission Exists? (0.1ms)[0m  [1m[34mSELECT 1 AS one FROM "permissions" WHERE "permissions"."path" = $1 AND "permissions"."method" = $2 LIMIT $3[0m  [["path", "/units"], ["method", "GET"], ["LIMIT", 1]]
  [1m[36mPermission Create (0.1ms)[0m  [1m[32mINSERT INTO "permissions" ("name", "method", "path", "description", "created_at") VALUES ($1, $2, $3, $4, $5) RETURNING "id"[0m  [["name", "units:list"], ["method", "GET"], ["path", "/units"], ["description", nil], ["created_at", "2026-05-17 10:48:02.574083"]]
  [1m[36mTRANSACTION (0.2ms)[0m  [1m[35mCOMMIT[0m
  [1m[36mPermission Load (0.0ms)[0m  [1m[34mSELECT "permissions".* FROM "permissions" WHERE "permissions"."name" = $1 LIMIT $2[0m  [["name", "units:create"], ["LIMIT", 1]]
  [1m[36mTRANSACTION (0.0ms)[0m  [1m[35mBEGIN[0m
  [1m[36mPermission Exists? (0.4ms)[0m  [1m[34mSELECT 1 AS one FROM "permissions" WHERE "permissions"."name" = $1 LIMIT $2[0m  [["name", "units:create"], ["LIMIT", 1]]
  [1m[36mPermission Exists? (0.1ms)[0m  [1m[34mSELECT 1 AS one FROM "permissions" WHERE "permissions"."path" = $1 AND "permissions"."method" = $2 LIMIT $3[0m  [["path", "/units"], ["method", "POST"], ["LIMIT", 1]]
  [1m[36mPermission Create (0.1ms)[0m  [1m[32mINSERT INTO "permissions" ("name", "method", "path", "description", "created_at") VALUES ($1, $2, $3, $4, $5) RETURNING "id"[0m  [["name", "units:create"], ["method", "POST"], ["path", "/units"], ["description", nil], ["created_at", "2026-05-17 10:48:02.576435"]]
  [1m[36mTRANSACTION (0.1ms)[0m  [1m[35mCOMMIT[0m
  [1m[36mPermission Load (0.0ms)[0m  [1m[34mSELECT "permissions".* FROM "permissions" WHERE "permissions"."name" = $1 LIMIT $2[0m  [["name", "units:read"], ["LIMIT", 1]]
  [1m[36mTRANSACTION (0.0ms)[0m  [1m[35mBEGIN[0m
  [1m[36mPermission Exists? (0.4ms)[0m  [1m[34mSELECT 1 AS one FROM "permissions" WHERE "permissions"."name" = $1 LIMIT $2[0m  [["name", "units:read"], ["LIMIT", 1]]
  [1m[36mPermission Exists? (11.2ms)[0m  [1m[34mSELECT 1 AS one FROM "permissions" WHERE "permissions"."path" = $1 AND "permissions"."method" = $2 LIMIT $3[0m  [["path", "/units/:id"], ["method", "GET"], ["LIMIT", 1]]
  [1m[36mPermission Create (0.3ms)[0m  [1m[32mINSERT INTO "permissions" ("name", "method", "path", "description", "created_at") VALUES ($1, $2, $3, $4, $5) RETURNING "id"[0m  [["name", "units:read"], ["method", "GET"], ["path", "/units/:id"], ["description", nil], ["created_at", "2026-05-17 10:48:02.589848"]]
  [1m[36mTRANSACTION (0.2ms)[0m  [1m[35mCOMMIT[0m
  [1m[36mPermission Load (0.1ms)[0m  [1m[34mSELECT "permissions".* FROM "permissions" WHERE "permissions"."name" = $1 LIMIT $2[0m  [["name", "units:update"], ["LIMIT", 1]]
  [1m[36mTRANSACTION (0.1ms)[0m  [1m[35mBEGIN[0m
  [1m[36mPermission Exists? (0.6ms)[0m  [1m[34mSELECT 1 AS one FROM "permissions" WHERE "permissions"."name" = $1 LIMIT $2[0m  [["name", "units:update"], ["LIMIT", 1]]
  [1m[36mPermission Exists? (0.1ms)[0m  [1m[34mSELECT 1 AS one FROM "permissions" WHERE "permissions"."path" = $1 AND "permissions"."method" = $2 LIMIT $3[0m  [["path", "/units/:id"], ["method", "PATCH"], ["LIMIT", 1]]
  [1m[36mPermission Create (0.2ms)[0m  [1m[32mINSERT INTO "permissions" ("name", "method", "path", "description", "created_at") VALUES ($1, $2, $3, $4, $5) RETURNING "id"[0m  [["name", "units:update"], ["method", "PATCH"], ["path", "/units/:id"], ["description", nil], ["created_at", "2026-05-17 10:48:02.598040"]]
  [1m[36mTRANSACTION (0.1ms)[0m  [1m[35mCOMMIT[0m
  [1m[36mPermission Load (0.1ms)[0m  [1m[34mSELECT "permissions".* FROM "permissions" WHERE "permissions"."name" = $1 LIMIT $2[0m  [["name", "reports:new"], ["LIMIT", 1]]
  [1m[36mTRANSACTION (0.0ms)[0m  [1m[35mBEGIN[0m
  [1m[36mPermission Exists? (0.6ms)[0m  [1m[34mSELECT 1 AS one FROM "permissions" WHERE "permissions"."name" = $1 LIMIT $2[0m  [["name", "reports:new"], ["LIMIT", 1]]
  [1m[36mPermission Exists? (0.1ms)[0m  [1m[34mSELECT 1 AS one FROM "permissions" WHERE "permissions"."path" = $1 AND "permissions"."method" = $2 LIMIT $3[0m  [["path", "/reports/new"], ["method", "GET"], ["LIMIT", 1]]
  [1m[36mPermission Create (0.2ms)[0m  [1m[32mINSERT INTO "permissions" ("name", "method", "path", "description", "created_at") VALUES ($1, $2, $3, $4, $5) RETURNING "id"[0m  [["name", "reports:new"], ["method", "GET"], ["path", "/reports/new"], ["description", nil], ["created_at", "2026-05-17 10:48:02.601015"]]
  [1m[36mTRANSACTION (0.1ms)[0m  [1m[35mCOMMIT[0m
  [1m[36mPermission Load (0.1ms)[0m  [1m[34mSELECT "permissions".* FROM "permissions" WHERE "permissions"."name" = $1 LIMIT $2[0m  [["name", "reports:create"], ["LIMIT", 1]]
  [1m[36mTRANSACTION (0.0ms)[0m  [1m[35mBEGIN[0m
  [1m[36mPermission Exists? (0.6ms)[0m  [1m[34mSELECT 1 AS one FROM "permissions" WHERE "permissions"."name" = $1 LIMIT $2[0m  [["name", "reports:create"], ["LIMIT", 1]]
  [1m[36mPermission Exists? (0.2ms)[0m  [1m[34mSELECT 1 AS one FROM "permissions" WHERE "permissions"."path" = $1 AND "permissions"."method" = $2 LIMIT $3[0m  [["path", "/reports"], ["method", "POST"], ["LIMIT", 1]]
  [1m[36mPermission Create (0.2ms)[0m  [1m[32mINSERT INTO "permissions" ("name", "method", "path", "description", "created_at") VALUES ($1, $2, $3, $4, $5) RETURNING "id"[0m  [["name", "reports:create"], ["method", "POST"], ["path", "/reports"], ["description", nil], ["created_at", "2026-05-17 10:48:02.605246"]]
  [1m[36mTRANSACTION (0.2ms)[0m  [1m[35mCOMMIT[0m
  [1m[36mPermission Load (0.1ms)[0m  [1m[34mSELECT "permissions".* FROM "permissions" WHERE "permissions"."name" = $1 LIMIT $2[0m  [["name", "reports:list"], ["LIMIT", 1]]
  [1m[36mTRANSACTION (0.0ms)[0m  [1m[35mBEGIN[0m
  [1m[36mPermission Exists? (0.6ms)[0m  [1m[34mSELECT 1 AS one FROM "permissions" WHERE "permissions"."name" = $1 LIMIT $2[0m  [["name", "reports:list"], ["LIMIT", 1]]
  [1m[36mPermission Exists? (0.1ms)[0m  [1m[34mSELECT 1 AS one FROM "permissions" WHERE "permissions"."path" = $1 AND "permissions"."method" = $2 LIMIT $3[0m  [["path", "/reports"], ["method", "GET"], ["LIMIT", 1]]
  [1m[36mPermission Create (0.2ms)[0m  [1m[32mINSERT INTO "permissions" ("name", "method", "path", "description", "created_at") VALUES ($1, $2, $3, $4, $5) RETURNING "id"[0m  [["name", "reports:list"], ["method", "GET"], ["path", "/reports"], ["description", nil], ["created_at", "2026-05-17 10:48:02.609564"]]
  [1m[36mTRANSACTION (0.1ms)[0m  [1m[35mCOMMIT[0m
  [1m[36mPermission Load (0.1ms)[0m  [1m[34mSELECT "permissions".* FROM "permissions" WHERE "permissions"."name" = $1 LIMIT $2[0m  [["name", "reports:read"], ["LIMIT", 1]]
  [1m[36mTRANSACTION (0.2ms)[0m  [1m[35mBEGIN[0m
  [1m[36mPermission Exists? (1.3ms)[0m  [1m[34mSELECT 1 AS one FROM "permissions" WHERE "permissions"."name" = $1 LIMIT $2[0m  [["name", "reports:read"], ["LIMIT", 1]]
  [1m[36mPermission Exists? (0.5ms)[0m  [1m[34mSELECT 1 AS one FROM "permissions" WHERE "permissions"."path" = $1 AND "permissions"."method" = $2 LIMIT $3[0m  [["path", "/reports/:id"], ["method", "GET"], ["LIMIT", 1]]
  [1m[36mPermission Create (0.3ms)[0m  [1m[32mINSERT INTO "permissions" ("name", "method", "path", "description", "created_at") VALUES ($1, $2, $3, $4, $5) RETURNING "id"[0m  [["name", "reports:read"], ["method", "GET"], ["path", "/reports/:id"], ["description", nil], ["created_at", "2026-05-17 10:48:02.615000"]]
  [1m[36mTRANSACTION (0.3ms)[0m  [1m[35mCOMMIT[0m
  [1m[36mPermission Load (0.1ms)[0m  [1m[34mSELECT "permissions".* FROM "permissions" WHERE "permissions"."name" = $1 LIMIT $2[0m  [["name", "reports:update"], ["LIMIT", 1]]
  [1m[36mTRANSACTION (0.0ms)[0m  [1m[35mBEGIN[0m
  [1m[36mPermission Exists? (0.8ms)[0m  [1m[34mSELECT 1 AS one FROM "permissions" WHERE "permissions"."name" = $1 LIMIT $2[0m  [["name", "reports:update"], ["LIMIT", 1]]
  [1m[36mPermission Exists? (0.1ms)[0m  [1m[34mSELECT 1 AS one FROM "permissions" WHERE "permissions"."path" = $1 AND "permissions"."method" = $2 LIMIT $3[0m  [["path", "/reports/:id"], ["method", "PATCH"], ["LIMIT", 1]]
  [1m[36mPermission Create (0.3ms)[0m  [1m[32mINSERT INTO "permissions" ("name", "method", "path", "description", "created_at") VALUES ($1, $2, $3, $4, $5) RETURNING "id"[0m  [["name", "reports:update"], ["method", "PATCH"], ["path", "/reports/:id"], ["description", nil], ["created_at", "2026-05-17 10:48:02.618828"]]
  [1m[36mTRANSACTION (0.2ms)[0m  [1m[35mCOMMIT[0m
  [1m[36mPermission Load (0.1ms)[0m  [1m[34mSELECT "permissions".* FROM "permissions" WHERE "permissions"."name" = $1 LIMIT $2[0m  [["name", "reports:lock_zone"], ["LIMIT", 1]]
  [1m[36mTRANSACTION (0.0ms)[0m  [1m[35mBEGIN[0m
  [1m[36mPermission Exists? (0.8ms)[0m  [1m[34mSELECT 1 AS one FROM "permissions" WHERE "permissions"."name" = $1 LIMIT $2[0m  [["name", "reports:lock_zone"], ["LIMIT", 1]]
  [1m[36mPermission Exists? (0.2ms)[0m  [1m[34mSELECT 1 AS one FROM "permissions" WHERE "permissions"."path" = $1 AND "permissions"."method" = $2 LIMIT $3[0m  [["path", "/reports/:id/lock-zone"], ["method", "POST"], ["LIMIT", 1]]
  [1m[36mPermission Create (0.1ms)[0m  [1m[32mINSERT INTO "permissions" ("name", "method", "path", "description", "created_at") VALUES ($1, $2, $3, $4, $5) RETURNING "id"[0m  [["name", "reports:lock_zone"], ["method", "POST"], ["path", "/reports/:id/lock-zone"], ["description", nil], ["created_at", "2026-05-17 10:48:02.621998"]]
  [1m[36mTRANSACTION (0.2ms)[0m  [1m[35mCOMMIT[0m
  [1m[36mPermission Load (0.1ms)[0m  [1m[34mSELECT "permissions".* FROM "permissions" WHERE "permissions"."name" = $1 LIMIT $2[0m  [["name", "reports:finalize"], ["LIMIT", 1]]
  [1m[36mTRANSACTION (0.0ms)[0m  [1m[35mBEGIN[0m
  [1m[36mPermission Exists? (0.7ms)[0m  [1m[34mSELECT 1 AS one FROM "permissions" WHERE "permissions"."name" = $1 LIMIT $2[0m  [["name", "reports:finalize"], ["LIMIT", 1]]
  [1m[36mPermission Exists? (0.1ms)[0m  [1m[34mSELECT 1 AS one FROM "permissions" WHERE "permissions"."path" = $1 AND "permissions"."method" = $2 LIMIT $3[0m  [["path", "/reports/:id/finalize"], ["method", "POST"], ["LIMIT", 1]]
  [1m[36mPermission Create (0.1ms)[0m  [1m[32mINSERT INTO "permissions" ("name", "method", "path", "description", "created_at") VALUES ($1, $2, $3, $4, $5) RETURNING "id"[0m  [["name", "reports:finalize"], ["method", "POST"], ["path", "/reports/:id/finalize"], ["description", nil], ["created_at", "2026-05-17 10:48:02.624797"]]
  [1m[36mTRANSACTION (0.1ms)[0m  [1m[35mCOMMIT[0m
  [1m[36mPermission Load (0.0ms)[0m  [1m[34mSELECT "permissions".* FROM "permissions" WHERE "permissions"."name" = $1 LIMIT $2[0m  [["name", "reports:export"], ["LIMIT", 1]]
  [1m[36mTRANSACTION (0.0ms)[0m  [1m[35mBEGIN[0m
  [1m[36mPermission Exists? (0.6ms)[0m  [1m[34mSELECT 1 AS one FROM "permissions" WHERE "permissions"."name" = $1 LIMIT $2[0m  [["name", "reports:export"], ["LIMIT", 1]]
  [1m[36mPermission Exists? (0.1ms)[0m  [1m[34mSELECT 1 AS one FROM "permissions" WHERE "permissions"."path" = $1 AND "permissions"."method" = $2 LIMIT $3[0m  [["path", "/reports/export"], ["method", "GET"], ["LIMIT", 1]]
  [1m[36mPermission Create (0.3ms)[0m  [1m[32mINSERT INTO "permissions" ("name", "method", "path", "description", "created_at") VALUES ($1, $2, $3, $4, $5) RETURNING "id"[0m  [["name", "reports:export"], ["method", "GET"], ["path", "/reports/export"], ["description", nil], ["created_at", "2026-05-17 10:48:02.627363"]]
  [1m[36mTRANSACTION (0.3ms)[0m  [1m[35mCOMMIT[0m
  [1m[36mPermission Load (0.2ms)[0m  [1m[34mSELECT "permissions".* FROM "permissions" WHERE "permissions"."name" = $1 LIMIT $2[0m  [["name", "activities:list"], ["LIMIT", 1]]
  [1m[36mTRANSACTION (0.4ms)[0m  [1m[35mBEGIN[0m
  [1m[36mPermission Exists? (1.4ms)[0m  [1m[34mSELECT 1 AS one FROM "permissions" WHERE "permissions"."name" = $1 LIMIT $2[0m  [["name", "activities:list"], ["LIMIT", 1]]
  [1m[36mPermission Exists? (0.5ms)[0m  [1m[34mSELECT 1 AS one FROM "permissions" WHERE "permissions"."path" = $1 AND "permissions"."method" = $2 LIMIT $3[0m  [["path", "/activities"], ["method", "GET"], ["LIMIT", 1]]
  [1m[36mPermission Create (0.1ms)[0m  [1m[32mINSERT INTO "permissions" ("name", "method", "path", "description", "created_at") VALUES ($1, $2, $3, $4, $5) RETURNING "id"[0m  [["name", "activities:list"], ["method", "GET"], ["path", "/activities"], ["description", nil], ["created_at", "2026-05-17 10:48:02.632481"]]
  [1m[36mTRANSACTION (0.2ms)[0m  [1m[35mCOMMIT[0m
  [1m[36mPermission Load (0.1ms)[0m  [1m[34mSELECT "permissions".* FROM "permissions" WHERE "permissions"."name" = $1 LIMIT $2[0m  [["name", "activities:create"], ["LIMIT", 1]]
  [1m[36mTRANSACTION (0.0ms)[0m  [1m[35mBEGIN[0m
  [1m[36mPermission Exists? (0.5ms)[0m  [1m[34mSELECT 1 AS one FROM "permissions" WHERE "permissions"."name" = $1 LIMIT $2[0m  [["name", "activities:create"], ["LIMIT", 1]]
  [1m[36mPermission Exists? (0.2ms)[0m  [1m[34mSELECT 1 AS one FROM "permissions" WHERE "permissions"."path" = $1 AND "permissions"."method" = $2 LIMIT $3[0m  [["path", "/activities"], ["method", "POST"], ["LIMIT", 1]]
  [1m[36mPermission Create (0.2ms)[0m  [1m[32mINSERT INTO "permissions" ("name", "method", "path", "description", "created_at") VALUES ($1, $2, $3, $4, $5) RETURNING "id"[0m  [["name", "activities:create"], ["method", "POST"], ["path", "/activities"], ["description", nil], ["created_at", "2026-05-17 10:48:02.636126"]]
  [1m[36mTRANSACTION (0.1ms)[0m  [1m[35mCOMMIT[0m
  [1m[36mPermission Load (0.1ms)[0m  [1m[34mSELECT "permissions".* FROM "permissions" WHERE "permissions"."name" = $1 LIMIT $2[0m  [["name", "audit_logs:read"], ["LIMIT", 1]]
  [1m[36mTRANSACTION (0.1ms)[0m  [1m[35mBEGIN[0m
  [1m[36mPermission Exists? (1.1ms)[0m  [1m[34mSELECT 1 AS one FROM "permissions" WHERE "permissions"."name" = $1 LIMIT $2[0m  [["name", "audit_logs:read"], ["LIMIT", 1]]
  [1m[36mPermission Exists? (0.1ms)[0m  [1m[34mSELECT 1 AS one FROM "permissions" WHERE "permissions"."path" = $1 AND "permissions"."method" = $2 LIMIT $3[0m  [["path", "/audit-logs"], ["method", "GET"], ["LIMIT", 1]]
  [1m[36mPermission Create (0.2ms)[0m  [1m[32mINSERT INTO "permissions" ("name", "method", "path", "description", "created_at") VALUES ($1, $2, $3, $4, $5) RETURNING "id"[0m  [["name", "audit_logs:read"], ["method", "GET"], ["path", "/audit-logs"], ["description", nil], ["created_at", "2026-05-17 10:48:02.642153"]]
  [1m[36mTRANSACTION (0.2ms)[0m  [1m[35mCOMMIT[0m
  [1m[36mRolePermission Load (1.7ms)[0m  [1m[34mSELECT "role_permissions".* FROM "role_permissions" WHERE "role_permissions"."role_id" = $1 AND "role_permissions"."permission_id" = $2 LIMIT $3[0m  [["role_id", "19a7ed9f-2682-49ee-a37e-d7738e030263"], ["permission_id", "ce02c243-e26d-4da7-b162-58b54f521d4d"], ["LIMIT", 1]]
  [1m[36mTRANSACTION (0.1ms)[0m  [1m[35mBEGIN[0m
  [1m[36mRolePermission Exists? (0.3ms)[0m  [1m[34mSELECT 1 AS one FROM "role_permissions" WHERE "role_permissions"."role_id" = $1 AND "role_permissions"."permission_id" = $2 LIMIT $3[0m  [["role_id", "19a7ed9f-2682-49ee-a37e-d7738e030263"], ["permission_id", "ce02c243-e26d-4da7-b162-58b54f521d4d"], ["LIMIT", 1]]
  [1m[36mRolePermission Create (1.1ms)[0m  [1m[32mINSERT INTO "role_permissions" ("role_id", "permission_id", "created_at") VALUES ($1, $2, $3) RETURNING "id"[0m  [["role_id", "19a7ed9f-2682-49ee-a37e-d7738e030263"], ["permission_id", "ce02c243-e26d-4da7-b162-58b54f521d4d"], ["created_at", "2026-05-17 10:48:02.699913"]]
  [1m[36mTRANSACTION (0.1ms)[0m  [1m[35mCOMMIT[0m
  [1m[36mRolePermission Load (0.1ms)[0m  [1m[34mSELECT "role_permissions".* FROM "role_permissions" WHERE "role_permissions"."role_id" = $1 AND "role_permissions"."permission_id" = $2 LIMIT $3[0m  [["role_id", "19a7ed9f-2682-49ee-a37e-d7738e030263"], ["permission_id", "2279db02-4364-41c9-ac3f-1a7a866cf26f"], ["LIMIT", 1]]
  [1m[36mTRANSACTION (0.7ms)[0m  [1m[35mBEGIN[0m
  [1m[36mRolePermission Exists? (2.5ms)[0m  [1m[34mSELECT 1 AS one FROM "role_permissions" WHERE "role_permissions"."role_id" = $1 AND "role_permissions"."permission_id" = $2 LIMIT $3[0m  [["role_id", "19a7ed9f-2682-49ee-a37e-d7738e030263"], ["permission_id", "2279db02-4364-41c9-ac3f-1a7a866cf26f"], ["LIMIT", 1]]
  [1m[36mRolePermission Create (1.0ms)[0m  [1m[32mINSERT INTO "role_permissions" ("role_id", "permission_id", "created_at") VALUES ($1, $2, $3) RETURNING "id"[0m  [["role_id", "19a7ed9f-2682-49ee-a37e-d7738e030263"], ["permission_id", "2279db02-4364-41c9-ac3f-1a7a866cf26f"], ["created_at", "2026-05-17 10:48:02.709434"]]
  [1m[36mTRANSACTION (0.4ms)[0m  [1m[35mCOMMIT[0m
  [1m[36mRolePermission Load (0.4ms)[0m  [1m[34mSELECT "role_permissions".* FROM "role_permissions" WHERE "role_permissions"."role_id" = $1 AND "role_permissions"."permission_id" = $2 LIMIT $3[0m  [["role_id", "19a7ed9f-2682-49ee-a37e-d7738e030263"], ["permission_id", "6241f15c-6cf7-4869-bbc0-800d5680e30c"], ["LIMIT", 1]]
  [1m[36mTRANSACTION (0.1ms)[0m  [1m[35mBEGIN[0m
  [1m[36mRolePermission Exists? (0.9ms)[0m  [1m[34mSELECT 1 AS one FROM "role_permissions" WHERE "role_permissions"."role_id" = $1 AND "role_permissions"."permission_id" = $2 LIMIT $3[0m  [["role_id", "19a7ed9f-2682-49ee-a37e-d7738e030263"], ["permission_id", "6241f15c-6cf7-4869-bbc0-800d5680e30c"], ["LIMIT", 1]]
  [1m[36mRolePermission Create (1.8ms)[0m  [1m[32mINSERT INTO "role_permissions" ("role_id", "permission_id", "created_at") VALUES ($1, $2, $3) RETURNING "id"[0m  [["role_id", "19a7ed9f-2682-49ee-a37e-d7738e030263"], ["permission_id", "6241f15c-6cf7-4869-bbc0-800d5680e30c"], ["created_at", "2026-05-17 10:48:02.720757"]]
  [1m[36mTRANSACTION (0.3ms)[0m  [1m[35mCOMMIT[0m
  [1m[36mRolePermission Load (0.2ms)[0m  [1m[34mSELECT "role_permissions".* FROM "role_permissions" WHERE "role_permissions"."role_id" = $1 AND "role_permissions"."permission_id" = $2 LIMIT $3[0m  [["role_id", "19a7ed9f-2682-49ee-a37e-d7738e030263"], ["permission_id", "db74d77e-ce56-43e5-a392-316d0940281c"], ["LIMIT", 1]]
  [1m[36mTRANSACTION (0.1ms)[0m  [1m[35mBEGIN[0m
  [1m[36mRolePermission Exists? (0.6ms)[0m  [1m[34mSELECT 1 AS one FROM "role_permissions" WHERE "role_permissions"."role_id" = $1 AND "role_permissions"."permission_id" = $2 LIMIT $3[0m  [["role_id", "19a7ed9f-2682-49ee-a37e-d7738e030263"], ["permission_id", "db74d77e-ce56-43e5-a392-316d0940281c"], ["LIMIT", 1]]
  [1m[36mRolePermission Create (0.4ms)[0m  [1m[32mINSERT INTO "role_permissions" ("role_id", "permission_id", "created_at") VALUES ($1, $2, $3) RETURNING "id"[0m  [["role_id", "19a7ed9f-2682-49ee-a37e-d7738e030263"], ["permission_id", "db74d77e-ce56-43e5-a392-316d0940281c"], ["created_at", "2026-05-17 10:48:02.725958"]]
  [1m[36mTRANSACTION (0.2ms)[0m  [1m[35mCOMMIT[0m
  [1m[36mRolePermission Load (0.1ms)[0m  [1m[34mSELECT "role_permissions".* FROM "role_permissions" WHERE "role_permissions"."role_id" = $1 AND "role_permissions"."permission_id" = $2 LIMIT $3[0m  [["role_id", "19a7ed9f-2682-49ee-a37e-d7738e030263"], ["permission_id", "cd4908f8-3f08-4366-acfc-9d24a9ed8233"], ["LIMIT", 1]]
  [1m[36mTRANSACTION (0.0ms)[0m  [1m[35mBEGIN[0m
  [1m[36mRolePermission Exists? (0.5ms)[0m  [1m[34mSELECT 1 AS one FROM "role_permissions" WHERE "role_permissions"."role_id" = $1 AND "role_permissions"."permission_id" = $2 LIMIT $3[0m  [["role_id", "19a7ed9f-2682-49ee-a37e-d7738e030263"], ["permission_id", "cd4908f8-3f08-4366-acfc-9d24a9ed8233"], ["LIMIT", 1]]
  [1m[36mRolePermission Create (0.2ms)[0m  [1m[32mINSERT INTO "role_permissions" ("role_id", "permission_id", "created_at") VALUES ($1, $2, $3) RETURNING "id"[0m  [["role_id", "19a7ed9f-2682-49ee-a37e-d7738e030263"], ["permission_id", "cd4908f8-3f08-4366-acfc-9d24a9ed8233"], ["created_at", "2026-05-17 10:48:02.729055"]]
  [1m[36mTRANSACTION (0.1ms)[0m  [1m[35mCOMMIT[0m
  [1m[36mRolePermission Load (0.1ms)[0m  [1m[34mSELECT "role_permissions".* FROM "role_permissions" WHERE "role_permissions"."role_id" = $1 AND "role_permissions"."permission_id" = $2 LIMIT $3[0m  [["role_id", "19a7ed9f-2682-49ee-a37e-d7738e030263"], ["permission_id", "74081e5e-6701-41db-8873-79c23cd48da5"], ["LIMIT", 1]]
  [1m[36mTRANSACTION (0.1ms)[0m  [1m[35mBEGIN[0m
  [1m[36mRolePermission Exists? (0.6ms)[0m  [1m[34mSELECT 1 AS one FROM "role_permissions" WHERE "role_permissions"."role_id" = $1 AND "role_permissions"."permission_id" = $2 LIMIT $3[0m  [["role_id", "19a7ed9f-2682-49ee-a37e-d7738e030263"], ["permission_id", "74081e5e-6701-41db-8873-79c23cd48da5"], ["LIMIT", 1]]
  [1m[36mRolePermission Create (0.2ms)[0m  [1m[32mINSERT INTO "role_permissions" ("role_id", "permission_id", "created_at") VALUES ($1, $2, $3) RETURNING "id"[0m  [["role_id", "19a7ed9f-2682-49ee-a37e-d7738e030263"], ["permission_id", "74081e5e-6701-41db-8873-79c23cd48da5"], ["created_at", "2026-05-17 10:48:02.731774"]]
  [1m[36mTRANSACTION (0.2ms)[0m  [1m[35mCOMMIT[0m
  [1m[36mRolePermission Load (0.1ms)[0m  [1m[34mSELECT "role_permissions".* FROM "role_permissions" WHERE "role_permissions"."role_id" = $1 AND "role_permissions"."permission_id" = $2 LIMIT $3[0m  [["role_id", "19a7ed9f-2682-49ee-a37e-d7738e030263"], ["permission_id", "02dac851-d8d3-423e-ac50-4f8da5b08e19"], ["LIMIT", 1]]
  [1m[36mTRANSACTION (0.0ms)[0m  [1m[35mBEGIN[0m
  [1m[36mRolePermission Exists? (0.8ms)[0m  [1m[34mSELECT 1 AS one FROM "role_permissions" WHERE "role_permissions"."role_id" = $1 AND "role_permissions"."permission_id" = $2 LIMIT $3[0m  [["role_id", "19a7ed9f-2682-49ee-a37e-d7738e030263"], ["permission_id", "02dac851-d8d3-423e-ac50-4f8da5b08e19"], ["LIMIT", 1]]
  [1m[36mRolePermission Create (0.3ms)[0m  [1m[32mINSERT INTO "role_permissions" ("role_id", "permission_id", "created_at") VALUES ($1, $2, $3) RETURNING "id"[0m  [["role_id", "19a7ed9f-2682-49ee-a37e-d7738e030263"], ["permission_id", "02dac851-d8d3-423e-ac50-4f8da5b08e19"], ["created_at", "2026-05-17 10:48:02.734884"]]
  [1m[36mTRANSACTION (0.2ms)[0m  [1m[35mCOMMIT[0m
  [1m[36mRolePermission Load (0.1ms)[0m  [1m[34mSELECT "role_permissions".* FROM "role_permissions" WHERE "role_permissions"."role_id" = $1 AND "role_permissions"."permission_id" = $2 LIMIT $3[0m  [["role_id", "19a7ed9f-2682-49ee-a37e-d7738e030263"], ["permission_id", "68384b69-27ed-41a9-9997-9b34cb96f8a2"], ["LIMIT", 1]]
  [1m[36mTRANSACTION (0.0ms)[0m  [1m[35mBEGIN[0m
  [1m[36mRolePermission Exists? (0.7ms)[0m  [1m[34mSELECT 1 AS one FROM "role_permissions" WHERE "role_permissions"."role_id" = $1 AND "role_permissions"."permission_id" = $2 LIMIT $3[0m  [["role_id", "19a7ed9f-2682-49ee-a37e-d7738e030263"], ["permission_id", "68384b69-27ed-41a9-9997-9b34cb96f8a2"], ["LIMIT", 1]]
  [1m[36mRolePermission Create (0.2ms)[0m  [1m[32mINSERT INTO "role_permissions" ("role_id", "permission_id", "created_at") VALUES ($1, $2, $3) RETURNING "id"[0m  [["role_id", "19a7ed9f-2682-49ee-a37e-d7738e030263"], ["permission_id", "68384b69-27ed-41a9-9997-9b34cb96f8a2"], ["created_at", "2026-05-17 10:48:02.738516"]]
  [1m[36mTRANSACTION (0.2ms)[0m  [1m[35mCOMMIT[0m
  [1m[36mRolePermission Load (0.1ms)[0m  [1m[34mSELECT "role_permissions".* FROM "role_permissions" WHERE "role_permissions"."role_id" = $1 AND "role_permissions"."permission_id" = $2 LIMIT $3[0m  [["role_id", "19a7ed9f-2682-49ee-a37e-d7738e030263"], ["permission_id", "6d1d2c5d-a71c-45ac-a182-951591a4d563"], ["LIMIT", 1]]
  [1m[36mTRANSACTION (0.1ms)[0m  [1m[35mBEGIN[0m
  [1m[36mRolePermission Exists? (0.6ms)[0m  [1m[34mSELECT 1 AS one FROM "role_permissions" WHERE "role_permissions"."role_id" = $1 AND "role_permissions"."permission_id" = $2 LIMIT $3[0m  [["role_id", "19a7ed9f-2682-49ee-a37e-d7738e030263"], ["permission_id", "6d1d2c5d-a71c-45ac-a182-951591a4d563"], ["LIMIT", 1]]
  [1m[36mRolePermission Create (0.4ms)[0m  [1m[32mINSERT INTO "role_permissions" ("role_id", "permission_id", "created_at") VALUES ($1, $2, $3) RETURNING "id"[0m  [["role_id", "19a7ed9f-2682-49ee-a37e-d7738e030263"], ["permission_id", "6d1d2c5d-a71c-45ac-a182-951591a4d563"], ["created_at", "2026-05-17 10:48:02.741060"]]
  [1m[36mTRANSACTION (0.5ms)[0m  [1m[35mCOMMIT[0m
  [1m[36mRolePermission Load (0.1ms)[0m  [1m[34mSELECT "role_permissions".* FROM "role_permissions" WHERE "role_permissions"."role_id" = $1 AND "role_permissions"."permission_id" = $2 LIMIT $3[0m  [["role_id", "19a7ed9f-2682-49ee-a37e-d7738e030263"], ["permission_id", "c43111e6-69d7-4e05-b2a8-866eb03938d4"], ["LIMIT", 1]]
  [1m[36mTRANSACTION (0.1ms)[0m  [1m[35mBEGIN[0m
  [1m[36mRolePermission Exists? (1.6ms)[0m  [1m[34mSELECT 1 AS one FROM "role_permissions" WHERE "role_permissions"."role_id" = $1 AND "role_permissions"."permission_id" = $2 LIMIT $3[0m  [["role_id", "19a7ed9f-2682-49ee-a37e-d7738e030263"], ["permission_id", "c43111e6-69d7-4e05-b2a8-866eb03938d4"], ["LIMIT", 1]]
  [1m[36mRolePermission Create (0.2ms)[0m  [1m[32mINSERT INTO "role_permissions" ("role_id", "permission_id", "created_at") VALUES ($1, $2, $3) RETURNING "id"[0m  [["role_id", "19a7ed9f-2682-49ee-a37e-d7738e030263"], ["permission_id", "c43111e6-69d7-4e05-b2a8-866eb03938d4"], ["created_at", "2026-05-17 10:48:02.748340"]]
  [1m[36mTRANSACTION (0.3ms)[0m  [1m[35mCOMMIT[0m
  [1m[36mRolePermission Load (0.1ms)[0m  [1m[34mSELECT "role_permissions".* FROM "role_permissions" WHERE "role_permissions"."role_id" = $1 AND "role_permissions"."permission_id" = $2 LIMIT $3[0m  [["role_id", "19a7ed9f-2682-49ee-a37e-d7738e030263"], ["permission_id", "5131c04f-4864-4f29-9b20-c2aa89695b97"], ["LIMIT", 1]]
  [1m[36mTRANSACTION (0.0ms)[0m  [1m[35mBEGIN[0m
  [1m[36mRolePermission Exists? (1.2ms)[0m  [1m[34mSELECT 1 AS one FROM "role_permissions" WHERE "role_permissions"."role_id" = $1 AND "role_permissions"."permission_id" = $2 LIMIT $3[0m  [["role_id", "19a7ed9f-2682-49ee-a37e-d7738e030263"], ["permission_id", "5131c04f-4864-4f29-9b20-c2aa89695b97"], ["LIMIT", 1]]
  [1m[36mRolePermission Create (0.3ms)[0m  [1m[32mINSERT INTO "role_permissions" ("role_id", "permission_id", "created_at") VALUES ($1, $2, $3) RETURNING "id"[0m  [["role_id", "19a7ed9f-2682-49ee-a37e-d7738e030263"], ["permission_id", "5131c04f-4864-4f29-9b20-c2aa89695b97"], ["created_at", "2026-05-17 10:48:02.755671"]]
  [1m[36mTRANSACTION (0.2ms)[0m  [1m[35mCOMMIT[0m
  [1m[36mRolePermission Load (0.1ms)[0m  [1m[34mSELECT "role_permissions".* FROM "role_permissions" WHERE "role_permissions"."role_id" = $1 AND "role_permissions"."permission_id" = $2 LIMIT $3[0m  [["role_id", "19a7ed9f-2682-49ee-a37e-d7738e030263"], ["permission_id", "95940a85-6b41-469c-ad0a-1ac2c11abb4e"], ["LIMIT", 1]]
  [1m[36mTRANSACTION (0.0ms)[0m  [1m[35mBEGIN[0m
  [1m[36mRolePermission Exists? (1.8ms)[0m  [1m[34mSELECT 1 AS one FROM "role_permissions" WHERE "role_permissions"."role_id" = $1 AND "role_permissions"."permission_id" = $2 LIMIT $3[0m  [["role_id", "19a7ed9f-2682-49ee-a37e-d7738e030263"], ["permission_id", "95940a85-6b41-469c-ad0a-1ac2c11abb4e"], ["LIMIT", 1]]
  [1m[36mRolePermission Create (0.1ms)[0m  [1m[32mINSERT INTO "role_permissions" ("role_id", "permission_id", "created_at") VALUES ($1, $2, $3) RETURNING "id"[0m  [["role_id", "19a7ed9f-2682-49ee-a37e-d7738e030263"], ["permission_id", "95940a85-6b41-469c-ad0a-1ac2c11abb4e"], ["created_at", "2026-05-17 10:48:02.762831"]]
  [1m[36mTRANSACTION (0.2ms)[0m  [1m[35mCOMMIT[0m
  [1m[36mRolePermission Load (0.1ms)[0m  [1m[34mSELECT "role_permissions".* FROM "role_permissions" WHERE "role_permissions"."role_id" = $1 AND "role_permissions"."permission_id" = $2 LIMIT $3[0m  [["role_id", "16b9d217-391f-46f5-9a08-69f49661c04c"], ["permission_id", "2279db02-4364-41c9-ac3f-1a7a866cf26f"], ["LIMIT", 1]]
  [1m[36mTRANSACTION (0.1ms)[0m  [1m[35mBEGIN[0m
  [1m[36mRolePermission Exists? (1.9ms)[0m  [1m[34mSELECT 1 AS one FROM "role_permissions" WHERE "role_permissions"."role_id" = $1 AND "role_permissions"."permission_id" = $2 LIMIT $3[0m  [["role_id", "16b9d217-391f-46f5-9a08-69f49661c04c"], ["permission_id", "2279db02-4364-41c9-ac3f-1a7a866cf26f"], ["LIMIT", 1]]
  [1m[36mRolePermission Create (0.1ms)[0m  [1m[32mINSERT INTO "role_permissions" ("role_id", "permission_id", "created_at") VALUES ($1, $2, $3) RETURNING "id"[0m  [["role_id", "16b9d217-391f-46f5-9a08-69f49661c04c"], ["permission_id", "2279db02-4364-41c9-ac3f-1a7a866cf26f"], ["created_at", "2026-05-17 10:48:02.773477"]]
  [1m[36mTRANSACTION (0.1ms)[0m  [1m[35mCOMMIT[0m
  [1m[36mRolePermission Load (0.1ms)[0m  [1m[34mSELECT "role_permissions".* FROM "role_permissions" WHERE "role_permissions"."role_id" = $1 AND "role_permissions"."permission_id" = $2 LIMIT $3[0m  [["role_id", "16b9d217-391f-46f5-9a08-69f49661c04c"], ["permission_id", "6241f15c-6cf7-4869-bbc0-800d5680e30c"], ["LIMIT", 1]]
  [1m[36mTRANSACTION (0.0ms)[0m  [1m[35mBEGIN[0m
  [1m[36mRolePermission Exists? (0.6ms)[0m  [1m[34mSELECT 1 AS one FROM "role_permissions" WHERE "role_permissions"."role_id" = $1 AND "role_permissions"."permission_id" = $2 LIMIT $3[0m  [["role_id", "16b9d217-391f-46f5-9a08-69f49661c04c"], ["permission_id", "6241f15c-6cf7-4869-bbc0-800d5680e30c"], ["LIMIT", 1]]
  [1m[36mRolePermission Create (0.2ms)[0m  [1m[32mINSERT INTO "role_permissions" ("role_id", "permission_id", "created_at") VALUES ($1, $2, $3) RETURNING "id"[0m  [["role_id", "16b9d217-391f-46f5-9a08-69f49661c04c"], ["permission_id", "6241f15c-6cf7-4869-bbc0-800d5680e30c"], ["created_at", "2026-05-17 10:48:02.775861"]]
  [1m[36mTRANSACTION (0.1ms)[0m  [1m[35mCOMMIT[0m
  [1m[36mRolePermission Load (0.1ms)[0m  [1m[34mSELECT "role_permissions".* FROM "role_permissions" WHERE "role_permissions"."role_id" = $1 AND "role_permissions"."permission_id" = $2 LIMIT $3[0m  [["role_id", "16b9d217-391f-46f5-9a08-69f49661c04c"], ["permission_id", "db74d77e-ce56-43e5-a392-316d0940281c"], ["LIMIT", 1]]
  [1m[36mTRANSACTION (0.0ms)[0m  [1m[35mBEGIN[0m
  [1m[36mRolePermission Exists? (0.5ms)[0m  [1m[34mSELECT 1 AS one FROM "role_permissions" WHERE "role_permissions"."role_id" = $1 AND "role_permissions"."permission_id" = $2 LIMIT $3[0m  [["role_id", "16b9d217-391f-46f5-9a08-69f49661c04c"], ["permission_id", "db74d77e-ce56-43e5-a392-316d0940281c"], ["LIMIT", 1]]
  [1m[36mRolePermission Create (0.1ms)[0m  [1m[32mINSERT INTO "role_permissions" ("role_id", "permission_id", "created_at") VALUES ($1, $2, $3) RETURNING "id"[0m  [["role_id", "16b9d217-391f-46f5-9a08-69f49661c04c"], ["permission_id", "db74d77e-ce56-43e5-a392-316d0940281c"], ["created_at", "2026-05-17 10:48:02.778122"]]
  [1m[36mTRANSACTION (0.1ms)[0m  [1m[35mCOMMIT[0m
  [1m[36mRolePermission Load (0.1ms)[0m  [1m[34mSELECT "role_permissions".* FROM "role_permissions" WHERE "role_permissions"."role_id" = $1 AND "role_permissions"."permission_id" = $2 LIMIT $3[0m  [["role_id", "16b9d217-391f-46f5-9a08-69f49661c04c"], ["permission_id", "cd4908f8-3f08-4366-acfc-9d24a9ed8233"], ["LIMIT", 1]]
  [1m[36mTRANSACTION (0.0ms)[0m  [1m[35mBEGIN[0m
  [1m[36mRolePermission Exists? (0.5ms)[0m  [1m[34mSELECT 1 AS one FROM "role_permissions" WHERE "role_permissions"."role_id" = $1 AND "role_permissions"."permission_id" = $2 LIMIT $3[0m  [["role_id", "16b9d217-391f-46f5-9a08-69f49661c04c"], ["permission_id", "cd4908f8-3f08-4366-acfc-9d24a9ed8233"], ["LIMIT", 1]]
  [1m[36mRolePermission Create (0.2ms)[0m  [1m[32mINSERT INTO "role_permissions" ("role_id", "permission_id", "created_at") VALUES ($1, $2, $3) RETURNING "id"[0m  [["role_id", "16b9d217-391f-46f5-9a08-69f49661c04c"], ["permission_id", "cd4908f8-3f08-4366-acfc-9d24a9ed8233"], ["created_at", "2026-05-17 10:48:02.780203"]]
  [1m[36mTRANSACTION (0.1ms)[0m  [1m[35mCOMMIT[0m
  [1m[36mRolePermission Load (0.1ms)[0m  [1m[34mSELECT "role_permissions".* FROM "role_permissions" WHERE "role_permissions"."role_id" = $1 AND "role_permissions"."permission_id" = $2 LIMIT $3[0m  [["role_id", "16b9d217-391f-46f5-9a08-69f49661c04c"], ["permission_id", "74081e5e-6701-41db-8873-79c23cd48da5"], ["LIMIT", 1]]
  [1m[36mTRANSACTION (0.0ms)[0m  [1m[35mBEGIN[0m
  [1m[36mRolePermission Exists? (0.4ms)[0m  [1m[34mSELECT 1 AS one FROM "role_permissions" WHERE "role_permissions"."role_id" = $1 AND "role_permissions"."permission_id" = $2 LIMIT $3[0m  [["role_id", "16b9d217-391f-46f5-9a08-69f49661c04c"], ["permission_id", "74081e5e-6701-41db-8873-79c23cd48da5"], ["LIMIT", 1]]
  [1m[36mRolePermission Create (0.1ms)[0m  [1m[32mINSERT INTO "role_permissions" ("role_id", "permission_id", "created_at") VALUES ($1, $2, $3) RETURNING "id"[0m  [["role_id", "16b9d217-391f-46f5-9a08-69f49661c04c"], ["permission_id", "74081e5e-6701-41db-8873-79c23cd48da5"], ["created_at", "2026-05-17 10:48:02.782321"]]
  [1m[36mTRANSACTION (0.1ms)[0m  [1m[35mCOMMIT[0m
  [1m[36mRolePermission Load (0.1ms)[0m  [1m[34mSELECT "role_permissions".* FROM "role_permissions" WHERE "role_permissions"."role_id" = $1 AND "role_permissions"."permission_id" = $2 LIMIT $3[0m  [["role_id", "16b9d217-391f-46f5-9a08-69f49661c04c"], ["permission_id", "02dac851-d8d3-423e-ac50-4f8da5b08e19"], ["LIMIT", 1]]
  [1m[36mTRANSACTION (0.0ms)[0m  [1m[35mBEGIN[0m
  [1m[36mRolePermission Exists? (0.5ms)[0m  [1m[34mSELECT 1 AS one FROM "role_permissions" WHERE "role_permissions"."role_id" = $1 AND "role_permissions"."permission_id" = $2 LIMIT $3[0m  [["role_id", "16b9d217-391f-46f5-9a08-69f49661c04c"], ["permission_id", "02dac851-d8d3-423e-ac50-4f8da5b08e19"], ["LIMIT", 1]]
  [1m[36mRolePermission Create (0.2ms)[0m  [1m[32mINSERT INTO "role_permissions" ("role_id", "permission_id", "created_at") VALUES ($1, $2, $3) RETURNING "id"[0m  [["role_id", "16b9d217-391f-46f5-9a08-69f49661c04c"], ["permission_id", "02dac851-d8d3-423e-ac50-4f8da5b08e19"], ["created_at", "2026-05-17 10:48:02.784400"]]
  [1m[36mTRANSACTION (0.1ms)[0m  [1m[35mCOMMIT[0m
  [1m[36mRolePermission Load (0.1ms)[0m  [1m[34mSELECT "role_permissions".* FROM "role_permissions" WHERE "role_permissions"."role_id" = $1 AND "role_permissions"."permission_id" = $2 LIMIT $3[0m  [["role_id", "16b9d217-391f-46f5-9a08-69f49661c04c"], ["permission_id", "68384b69-27ed-41a9-9997-9b34cb96f8a2"], ["LIMIT", 1]]
  [1m[36mTRANSACTION (0.0ms)[0m  [1m[35mBEGIN[0m
  [1m[36mRolePermission Exists? (0.4ms)[0m  [1m[34mSELECT 1 AS one FROM "role_permissions" WHERE "role_permissions"."role_id" = $1 AND "role_permissions"."permission_id" = $2 LIMIT $3[0m  [["role_id", "16b9d217-391f-46f5-9a08-69f49661c04c"], ["permission_id", "68384b69-27ed-41a9-9997-9b34cb96f8a2"], ["LIMIT", 1]]
  [1m[36mRolePermission Create (0.1ms)[0m  [1m[32mINSERT INTO "role_permissions" ("role_id", "permission_id", "created_at") VALUES ($1, $2, $3) RETURNING "id"[0m  [["role_id", "16b9d217-391f-46f5-9a08-69f49661c04c"], ["permission_id", "68384b69-27ed-41a9-9997-9b34cb96f8a2"], ["created_at", "2026-05-17 10:48:02.786496"]]
  [1m[36mTRANSACTION (0.1ms)[0m  [1m[35mCOMMIT[0m
  [1m[36mRolePermission Load (0.0ms)[0m  [1m[34mSELECT "role_permissions".* FROM "role_permissions" WHERE "role_permissions"."role_id" = $1 AND "role_permissions"."permission_id" = $2 LIMIT $3[0m  [["role_id", "16b9d217-391f-46f5-9a08-69f49661c04c"], ["permission_id", "6d1d2c5d-a71c-45ac-a182-951591a4d563"], ["LIMIT", 1]]
  [1m[36mTRANSACTION (0.0ms)[0m  [1m[35mBEGIN[0m
  [1m[36mRolePermission Exists? (0.5ms)[0m  [1m[34mSELECT 1 AS one FROM "role_permissions" WHERE "role_permissions"."role_id" = $1 AND "role_permissions"."permission_id" = $2 LIMIT $3[0m  [["role_id", "16b9d217-391f-46f5-9a08-69f49661c04c"], ["permission_id", "6d1d2c5d-a71c-45ac-a182-951591a4d563"], ["LIMIT", 1]]
  [1m[36mRolePermission Create (0.2ms)[0m  [1m[32mINSERT INTO "role_permissions" ("role_id", "permission_id", "created_at") VALUES ($1, $2, $3) RETURNING "id"[0m  [["role_id", "16b9d217-391f-46f5-9a08-69f49661c04c"], ["permission_id", "6d1d2c5d-a71c-45ac-a182-951591a4d563"], ["created_at", "2026-05-17 10:48:02.788502"]]
  [1m[36mTRANSACTION (0.2ms)[0m  [1m[35mCOMMIT[0m
  [1m[36mRolePermission Load (0.1ms)[0m  [1m[34mSELECT "role_permissions".* FROM "role_permissions" WHERE "role_permissions"."role_id" = $1 AND "role_permissions"."permission_id" = $2 LIMIT $3[0m  [["role_id", "16b9d217-391f-46f5-9a08-69f49661c04c"], ["permission_id", "c43111e6-69d7-4e05-b2a8-866eb03938d4"], ["LIMIT", 1]]
  [1m[36mTRANSACTION (0.1ms)[0m  [1m[35mBEGIN[0m
  [1m[36mRolePermission Exists? (0.5ms)[0m  [1m[34mSELECT 1 AS one FROM "role_permissions" WHERE "role_permissions"."role_id" = $1 AND "role_permissions"."permission_id" = $2 LIMIT $3[0m  [["role_id", "16b9d217-391f-46f5-9a08-69f49661c04c"], ["permission_id", "c43111e6-69d7-4e05-b2a8-866eb03938d4"], ["LIMIT", 1]]
  [1m[36mRolePermission Create (0.1ms)[0m  [1m[32mINSERT INTO "role_permissions" ("role_id", "permission_id", "created_at") VALUES ($1, $2, $3) RETURNING "id"[0m  [["role_id", "16b9d217-391f-46f5-9a08-69f49661c04c"], ["permission_id", "c43111e6-69d7-4e05-b2a8-866eb03938d4"], ["created_at", "2026-05-17 10:48:02.790600"]]
  [1m[36mTRANSACTION (0.2ms)[0m  [1m[35mCOMMIT[0m
  [1m[36mRolePermission Load (0.1ms)[0m  [1m[34mSELECT "role_permissions".* FROM "role_permissions" WHERE "role_permissions"."role_id" = $1 AND "role_permissions"."permission_id" = $2 LIMIT $3[0m  [["role_id", "16b9d217-391f-46f5-9a08-69f49661c04c"], ["permission_id", "95940a85-6b41-469c-ad0a-1ac2c11abb4e"], ["LIMIT", 1]]
  [1m[36mTRANSACTION (0.0ms)[0m  [1m[35mBEGIN[0m
  [1m[36mRolePermission Exists? (0.5ms)[0m  [1m[34mSELECT 1 AS one FROM "role_permissions" WHERE "role_permissions"."role_id" = $1 AND "role_permissions"."permission_id" = $2 LIMIT $3[0m  [["role_id", "16b9d217-391f-46f5-9a08-69f49661c04c"], ["permission_id", "95940a85-6b41-469c-ad0a-1ac2c11abb4e"], ["LIMIT", 1]]
  [1m[36mRolePermission Create (0.2ms)[0m  [1m[32mINSERT INTO "role_permissions" ("role_id", "permission_id", "created_at") VALUES ($1, $2, $3) RETURNING "id"[0m  [["role_id", "16b9d217-391f-46f5-9a08-69f49661c04c"], ["permission_id", "95940a85-6b41-469c-ad0a-1ac2c11abb4e"], ["created_at", "2026-05-17 10:48:02.792696"]]
  [1m[36mTRANSACTION (0.2ms)[0m  [1m[35mCOMMIT[0m
  [1m[36mRolePermission Load (0.1ms)[0m  [1m[34mSELECT "role_permissions".* FROM "role_permissions" WHERE "role_permissions"."role_id" = $1 AND "role_permissions"."permission_id" = $2 LIMIT $3[0m  [["role_id", "6af79337-01df-44e5-8a1b-a4887a53cb41"], ["permission_id", "ce02c243-e26d-4da7-b162-58b54f521d4d"], ["LIMIT", 1]]
  [1m[36mTRANSACTION (0.0ms)[0m  [1m[35mBEGIN[0m
  [1m[36mRolePermission Exists? (0.4ms)[0m  [1m[34mSELECT 1 AS one FROM "role_permissions" WHERE "role_permissions"."role_id" = $1 AND "role_permissions"."permission_id" = $2 LIMIT $3[0m  [["role_id", "6af79337-01df-44e5-8a1b-a4887a53cb41"], ["permission_id", "ce02c243-e26d-4da7-b162-58b54f521d4d"], ["LIMIT", 1]]
  [1m[36mRolePermission Create (0.1ms)[0m  [1m[32mINSERT INTO "role_permissions" ("role_id", "permission_id", "created_at") VALUES ($1, $2, $3) RETURNING "id"[0m  [["role_id", "6af79337-01df-44e5-8a1b-a4887a53cb41"], ["permission_id", "ce02c243-e26d-4da7-b162-58b54f521d4d"], ["created_at", "2026-05-17 10:48:02.794879"]]
  [1m[36mTRANSACTION (0.1ms)[0m  [1m[35mCOMMIT[0m
  [1m[36mRolePermission Load (0.1ms)[0m  [1m[34mSELECT "role_permissions".* FROM "role_permissions" WHERE "role_permissions"."role_id" = $1 AND "role_permissions"."permission_id" = $2 LIMIT $3[0m  [["role_id", "6af79337-01df-44e5-8a1b-a4887a53cb41"], ["permission_id", "2279db02-4364-41c9-ac3f-1a7a866cf26f"], ["LIMIT", 1]]
  [1m[36mTRANSACTION (0.0ms)[0m  [1m[35mBEGIN[0m
  [1m[36mRolePermission Exists? (0.5ms)[0m  [1m[34mSELECT 1 AS one FROM "role_permissions" WHERE "role_permissions"."role_id" = $1 AND "role_permissions"."permission_id" = $2 LIMIT $3[0m  [["role_id", "6af79337-01df-44e5-8a1b-a4887a53cb41"], ["permission_id", "2279db02-4364-41c9-ac3f-1a7a866cf26f"], ["LIMIT", 1]]
  [1m[36mRolePermission Create (0.2ms)[0m  [1m[32mINSERT INTO "role_permissions" ("role_id", "permission_id", "created_at") VALUES ($1, $2, $3) RETURNING "id"[0m  [["role_id", "6af79337-01df-44e5-8a1b-a4887a53cb41"], ["permission_id", "2279db02-4364-41c9-ac3f-1a7a866cf26f"], ["created_at", "2026-05-17 10:48:02.796837"]]
  [1m[36mTRANSACTION (0.1ms)[0m  [1m[35mCOMMIT[0m
  [1m[36mRolePermission Load (0.1ms)[0m  [1m[34mSELECT "role_permissions".* FROM "role_permissions" WHERE "role_permissions"."role_id" = $1 AND "role_permissions"."permission_id" = $2 LIMIT $3[0m  [["role_id", "6af79337-01df-44e5-8a1b-a4887a53cb41"], ["permission_id", "6241f15c-6cf7-4869-bbc0-800d5680e30c"], ["LIMIT", 1]]
  [1m[36mTRANSACTION (0.0ms)[0m  [1m[35mBEGIN[0m
  [1m[36mRolePermission Exists? (0.5ms)[0m  [1m[34mSELECT 1 AS one FROM "role_permissions" WHERE "role_permissions"."role_id" = $1 AND "role_permissions"."permission_id" = $2 LIMIT $3[0m  [["role_id", "6af79337-01df-44e5-8a1b-a4887a53cb41"], ["permission_id", "6241f15c-6cf7-4869-bbc0-800d5680e30c"], ["LIMIT", 1]]
  [1m[36mRolePermission Create (0.1ms)[0m  [1m[32mINSERT INTO "role_permissions" ("role_id", "permission_id", "created_at") VALUES ($1, $2, $3) RETURNING "id"[0m  [["role_id", "6af79337-01df-44e5-8a1b-a4887a53cb41"], ["permission_id", "6241f15c-6cf7-4869-bbc0-800d5680e30c"], ["created_at", "2026-05-17 10:48:02.798958"]]
  [1m[36mTRANSACTION (0.1ms)[0m  [1m[35mCOMMIT[0m
  [1m[36mRolePermission Load (0.1ms)[0m  [1m[34mSELECT "role_permissions".* FROM "role_permissions" WHERE "role_permissions"."role_id" = $1 AND "role_permissions"."permission_id" = $2 LIMIT $3[0m  [["role_id", "6af79337-01df-44e5-8a1b-a4887a53cb41"], ["permission_id", "db74d77e-ce56-43e5-a392-316d0940281c"], ["LIMIT", 1]]
  [1m[36mTRANSACTION (0.0ms)[0m  [1m[35mBEGIN[0m
  [1m[36mRolePermission Exists? (0.5ms)[0m  [1m[34mSELECT 1 AS one FROM "role_permissions" WHERE "role_permissions"."role_id" = $1 AND "role_permissions"."permission_id" = $2 LIMIT $3[0m  [["role_id", "6af79337-01df-44e5-8a1b-a4887a53cb41"], ["permission_id", "db74d77e-ce56-43e5-a392-316d0940281c"], ["LIMIT", 1]]
  [1m[36mRolePermission Create (0.2ms)[0m  [1m[32mINSERT INTO "role_permissions" ("role_id", "permission_id", "created_at") VALUES ($1, $2, $3) RETURNING "id"[0m  [["role_id", "6af79337-01df-44e5-8a1b-a4887a53cb41"], ["permission_id", "db74d77e-ce56-43e5-a392-316d0940281c"], ["created_at", "2026-05-17 10:48:02.800796"]]
  [1m[36mTRANSACTION (0.1ms)[0m  [1m[35mCOMMIT[0m
  [1m[36mRolePermission Load (0.1ms)[0m  [1m[34mSELECT "role_permissions".* FROM "role_permissions" WHERE "role_permissions"."role_id" = $1 AND "role_permissions"."permission_id" = $2 LIMIT $3[0m  [["role_id", "6af79337-01df-44e5-8a1b-a4887a53cb41"], ["permission_id", "cd4908f8-3f08-4366-acfc-9d24a9ed8233"], ["LIMIT", 1]]
  [1m[36mTRANSACTION (0.0ms)[0m  [1m[35mBEGIN[0m
  [1m[36mRolePermission Exists? (0.5ms)[0m  [1m[34mSELECT 1 AS one FROM "role_permissions" WHERE "role_permissions"."role_id" = $1 AND "role_permissions"."permission_id" = $2 LIMIT $3[0m  [["role_id", "6af79337-01df-44e5-8a1b-a4887a53cb41"], ["permission_id", "cd4908f8-3f08-4366-acfc-9d24a9ed8233"], ["LIMIT", 1]]
  [1m[36mRolePermission Create (0.1ms)[0m  [1m[32mINSERT INTO "role_permissions" ("role_id", "permission_id", "created_at") VALUES ($1, $2, $3) RETURNING "id"[0m  [["role_id", "6af79337-01df-44e5-8a1b-a4887a53cb41"], ["permission_id", "cd4908f8-3f08-4366-acfc-9d24a9ed8233"], ["created_at", "2026-05-17 10:48:02.802884"]]
  [1m[36mTRANSACTION (0.1ms)[0m  [1m[35mCOMMIT[0m
  [1m[36mRolePermission Load (0.1ms)[0m  [1m[34mSELECT "role_permissions".* FROM "role_permissions" WHERE "role_permissions"."role_id" = $1 AND "role_permissions"."permission_id" = $2 LIMIT $3[0m  [["role_id", "6af79337-01df-44e5-8a1b-a4887a53cb41"], ["permission_id", "74081e5e-6701-41db-8873-79c23cd48da5"], ["LIMIT", 1]]
  [1m[36mTRANSACTION (0.0ms)[0m  [1m[35mBEGIN[0m
  [1m[36mRolePermission Exists? (0.5ms)[0m  [1m[34mSELECT 1 AS one FROM "role_permissions" WHERE "role_permissions"."role_id" = $1 AND "role_permissions"."permission_id" = $2 LIMIT $3[0m  [["role_id", "6af79337-01df-44e5-8a1b-a4887a53cb41"], ["permission_id", "74081e5e-6701-41db-8873-79c23cd48da5"], ["LIMIT", 1]]
  [1m[36mRolePermission Create (0.2ms)[0m  [1m[32mINSERT INTO "role_permissions" ("role_id", "permission_id", "created_at") VALUES ($1, $2, $3) RETURNING "id"[0m  [["role_id", "6af79337-01df-44e5-8a1b-a4887a53cb41"], ["permission_id", "74081e5e-6701-41db-8873-79c23cd48da5"], ["created_at", "2026-05-17 10:48:02.804819"]]
  [1m[36mTRANSACTION (0.1ms)[0m  [1m[35mCOMMIT[0m
  [1m[36mRolePermission Load (0.1ms)[0m  [1m[34mSELECT "role_permissions".* FROM "role_permissions" WHERE "role_permissions"."role_id" = $1 AND "role_permissions"."permission_id" = $2 LIMIT $3[0m  [["role_id", "6af79337-01df-44e5-8a1b-a4887a53cb41"], ["permission_id", "68384b69-27ed-41a9-9997-9b34cb96f8a2"], ["LIMIT", 1]]
  [1m[36mTRANSACTION (0.0ms)[0m  [1m[35mBEGIN[0m
  [1m[36mRolePermission Exists? (0.5ms)[0m  [1m[34mSELECT 1 AS one FROM "role_permissions" WHERE "role_permissions"."role_id" = $1 AND "role_permissions"."permission_id" = $2 LIMIT $3[0m  [["role_id", "6af79337-01df-44e5-8a1b-a4887a53cb41"], ["permission_id", "68384b69-27ed-41a9-9997-9b34cb96f8a2"], ["LIMIT", 1]]
  [1m[36mRolePermission Create (0.1ms)[0m  [1m[32mINSERT INTO "role_permissions" ("role_id", "permission_id", "created_at") VALUES ($1, $2, $3) RETURNING "id"[0m  [["role_id", "6af79337-01df-44e5-8a1b-a4887a53cb41"], ["permission_id", "68384b69-27ed-41a9-9997-9b34cb96f8a2"], ["created_at", "2026-05-17 10:48:02.806836"]]
  [1m[36mTRANSACTION (0.1ms)[0m  [1m[35mCOMMIT[0m
  [1m[36mRolePermission Load (0.1ms)[0m  [1m[34mSELECT "role_permissions".* FROM "role_permissions" WHERE "role_permissions"."role_id" = $1 AND "role_permissions"."permission_id" = $2 LIMIT $3[0m  [["role_id", "6af79337-01df-44e5-8a1b-a4887a53cb41"], ["permission_id", "6d1d2c5d-a71c-45ac-a182-951591a4d563"], ["LIMIT", 1]]
  [1m[36mTRANSACTION (0.0ms)[0m  [1m[35mBEGIN[0m
  [1m[36mRolePermission Exists? (0.5ms)[0m  [1m[34mSELECT 1 AS one FROM "role_permissions" WHERE "role_permissions"."role_id" = $1 AND "role_permissions"."permission_id" = $2 LIMIT $3[0m  [["role_id", "6af79337-01df-44e5-8a1b-a4887a53cb41"], ["permission_id", "6d1d2c5d-a71c-45ac-a182-951591a4d563"], ["LIMIT", 1]]
  [1m[36mRolePermission Create (0.2ms)[0m  [1m[32mINSERT INTO "role_permissions" ("role_id", "permission_id", "created_at") VALUES ($1, $2, $3) RETURNING "id"[0m  [["role_id", "6af79337-01df-44e5-8a1b-a4887a53cb41"], ["permission_id", "6d1d2c5d-a71c-45ac-a182-951591a4d563"], ["created_at", "2026-05-17 10:48:02.808800"]]
  [1m[36mTRANSACTION (0.2ms)[0m  [1m[35mCOMMIT[0m
  [1m[36mRolePermission Load (0.0ms)[0m  [1m[34mSELECT "role_permissions".* FROM "role_permissions" WHERE "role_permissions"."role_id" = $1 AND "role_permissions"."permission_id" = $2 LIMIT $3[0m  [["role_id", "6af79337-01df-44e5-8a1b-a4887a53cb41"], ["permission_id", "c43111e6-69d7-4e05-b2a8-866eb03938d4"], ["LIMIT", 1]]
  [1m[36mTRANSACTION (0.0ms)[0m  [1m[35mBEGIN[0m
  [1m[36mRolePermission Exists? (0.4ms)[0m  [1m[34mSELECT 1 AS one FROM "role_permissions" WHERE "role_permissions"."role_id" = $1 AND "role_permissions"."permission_id" = $2 LIMIT $3[0m  [["role_id", "6af79337-01df-44e5-8a1b-a4887a53cb41"], ["permission_id", "c43111e6-69d7-4e05-b2a8-866eb03938d4"], ["LIMIT", 1]]
  [1m[36mRolePermission Create (0.1ms)[0m  [1m[32mINSERT INTO "role_permissions" ("role_id", "permission_id", "created_at") VALUES ($1, $2, $3) RETURNING "id"[0m  [["role_id", "6af79337-01df-44e5-8a1b-a4887a53cb41"], ["permission_id", "c43111e6-69d7-4e05-b2a8-866eb03938d4"], ["created_at", "2026-05-17 10:48:02.810971"]]
  [1m[36mTRANSACTION (0.1ms)[0m  [1m[35mCOMMIT[0m
  [1m[36mRolePermission Load (0.1ms)[0m  [1m[34mSELECT "role_permissions".* FROM "role_permissions" WHERE "role_permissions"."role_id" = $1 AND "role_permissions"."permission_id" = $2 LIMIT $3[0m  [["role_id", "6af79337-01df-44e5-8a1b-a4887a53cb41"], ["permission_id", "2c6ab746-f1c3-471a-af0d-483dd639acd8"], ["LIMIT", 1]]
  [1m[36mTRANSACTION (0.0ms)[0m  [1m[35mBEGIN[0m
  [1m[36mRolePermission Exists? (0.5ms)[0m  [1m[34mSELECT 1 AS one FROM "role_permissions" WHERE "role_permissions"."role_id" = $1 AND "role_permissions"."permission_id" = $2 LIMIT $3[0m  [["role_id", "6af79337-01df-44e5-8a1b-a4887a53cb41"], ["permission_id", "2c6ab746-f1c3-471a-af0d-483dd639acd8"], ["LIMIT", 1]]
  [1m[36mRolePermission Create (0.2ms)[0m  [1m[32mINSERT INTO "role_permissions" ("role_id", "permission_id", "created_at") VALUES ($1, $2, $3) RETURNING "id"[0m  [["role_id", "6af79337-01df-44e5-8a1b-a4887a53cb41"], ["permission_id", "2c6ab746-f1c3-471a-af0d-483dd639acd8"], ["created_at", "2026-05-17 10:48:02.812991"]]
  [1m[36mTRANSACTION (0.1ms)[0m  [1m[35mCOMMIT[0m
  [1m[36mRolePermission Load (0.1ms)[0m  [1m[34mSELECT "role_permissions".* FROM "role_permissions" WHERE "role_permissions"."role_id" = $1 AND "role_permissions"."permission_id" = $2 LIMIT $3[0m  [["role_id", "6af79337-01df-44e5-8a1b-a4887a53cb41"], ["permission_id", "5131c04f-4864-4f29-9b20-c2aa89695b97"], ["LIMIT", 1]]
  [1m[36mTRANSACTION (0.0ms)[0m  [1m[35mBEGIN[0m
  [1m[36mRolePermission Exists? (0.6ms)[0m  [1m[34mSELECT 1 AS one FROM "role_permissions" WHERE "role_permissions"."role_id" = $1 AND "role_permissions"."permission_id" = $2 LIMIT $3[0m  [["role_id", "6af79337-01df-44e5-8a1b-a4887a53cb41"], ["permission_id", "5131c04f-4864-4f29-9b20-c2aa89695b97"], ["LIMIT", 1]]
  [1m[36mRolePermission Create (0.1ms)[0m  [1m[32mINSERT INTO "role_permissions" ("role_id", "permission_id", "created_at") VALUES ($1, $2, $3) RETURNING "id"[0m  [["role_id", "6af79337-01df-44e5-8a1b-a4887a53cb41"], ["permission_id", "5131c04f-4864-4f29-9b20-c2aa89695b97"], ["created_at", "2026-05-17 10:48:02.815136"]]
  [1m[36mTRANSACTION (0.1ms)[0m  [1m[35mCOMMIT[0m
  [1m[36mRolePermission Load (0.0ms)[0m  [1m[34mSELECT "role_permissions".* FROM "role_permissions" WHERE "role_permissions"."role_id" = $1 AND "role_permissions"."permission_id" = $2 LIMIT $3[0m  [["role_id", "6af79337-01df-44e5-8a1b-a4887a53cb41"], ["permission_id", "95940a85-6b41-469c-ad0a-1ac2c11abb4e"], ["LIMIT", 1]]
  [1m[36mTRANSACTION (0.0ms)[0m  [1m[35mBEGIN[0m
  [1m[36mRolePermission Exists? (0.4ms)[0m  [1m[34mSELECT 1 AS one FROM "role_permissions" WHERE "role_permissions"."role_id" = $1 AND "role_permissions"."permission_id" = $2 LIMIT $3[0m  [["role_id", "6af79337-01df-44e5-8a1b-a4887a53cb41"], ["permission_id", "95940a85-6b41-469c-ad0a-1ac2c11abb4e"], ["LIMIT", 1]]
  [1m[36mRolePermission Create (0.1ms)[0m  [1m[32mINSERT INTO "role_permissions" ("role_id", "permission_id", "created_at") VALUES ($1, $2, $3) RETURNING "id"[0m  [["role_id", "6af79337-01df-44e5-8a1b-a4887a53cb41"], ["permission_id", "95940a85-6b41-469c-ad0a-1ac2c11abb4e"], ["created_at", "2026-05-17 10:48:02.817143"]]
  [1m[36mTRANSACTION (0.1ms)[0m  [1m[35mCOMMIT[0m
  [1m[36mRolePermission Load (0.1ms)[0m  [1m[34mSELECT "role_permissions".* FROM "role_permissions" WHERE "role_permissions"."role_id" = $1 AND "role_permissions"."permission_id" = $2 LIMIT $3[0m  [["role_id", "868a4245-e34e-4cb3-8182-8b56b4d4e0ee"], ["permission_id", "2279db02-4364-41c9-ac3f-1a7a866cf26f"], ["LIMIT", 1]]
  [1m[36mTRANSACTION (0.0ms)[0m  [1m[35mBEGIN[0m
  [1m[36mRolePermission Exists? (0.6ms)[0m  [1m[34mSELECT 1 AS one FROM "role_permissions" WHERE "role_permissions"."role_id" = $1 AND "role_permissions"."permission_id" = $2 LIMIT $3[0m  [["role_id", "868a4245-e34e-4cb3-8182-8b56b4d4e0ee"], ["permission_id", "2279db02-4364-41c9-ac3f-1a7a866cf26f"], ["LIMIT", 1]]
  [1m[36mRolePermission Create (0.3ms)[0m  [1m[32mINSERT INTO "role_permissions" ("role_id", "permission_id", "created_at") VALUES ($1, $2, $3) RETURNING "id"[0m  [["role_id", "868a4245-e34e-4cb3-8182-8b56b4d4e0ee"], ["permission_id", "2279db02-4364-41c9-ac3f-1a7a866cf26f"], ["created_at", "2026-05-17 10:48:02.819214"]]
  [1m[36mTRANSACTION (0.2ms)[0m  [1m[35mCOMMIT[0m
  [1m[36mRolePermission Load (0.0ms)[0m  [1m[34mSELECT "role_permissions".* FROM "role_permissions" WHERE "role_permissions"."role_id" = $1 AND "role_permissions"."permission_id" = $2 LIMIT $3[0m  [["role_id", "868a4245-e34e-4cb3-8182-8b56b4d4e0ee"], ["permission_id", "6241f15c-6cf7-4869-bbc0-800d5680e30c"], ["LIMIT", 1]]
  [1m[36mTRANSACTION (0.0ms)[0m  [1m[35mBEGIN[0m
  [1m[36mRolePermission Exists? (0.5ms)[0m  [1m[34mSELECT 1 AS one FROM "role_permissions" WHERE "role_permissions"."role_id" = $1 AND "role_permissions"."permission_id" = $2 LIMIT $3[0m  [["role_id", "868a4245-e34e-4cb3-8182-8b56b4d4e0ee"], ["permission_id", "6241f15c-6cf7-4869-bbc0-800d5680e30c"], ["LIMIT", 1]]
  [1m[36mRolePermission Create (0.2ms)[0m  [1m[32mINSERT INTO "role_permissions" ("role_id", "permission_id", "created_at") VALUES ($1, $2, $3) RETURNING "id"[0m  [["role_id", "868a4245-e34e-4cb3-8182-8b56b4d4e0ee"], ["permission_id", "6241f15c-6cf7-4869-bbc0-800d5680e30c"], ["created_at", "2026-05-17 10:48:02.821408"]]
  [1m[36mTRANSACTION (0.2ms)[0m  [1m[35mCOMMIT[0m
  [1m[36mRolePermission Load (0.1ms)[0m  [1m[34mSELECT "role_permissions".* FROM "role_permissions" WHERE "role_permissions"."role_id" = $1 AND "role_permissions"."permission_id" = $2 LIMIT $3[0m  [["role_id", "868a4245-e34e-4cb3-8182-8b56b4d4e0ee"], ["permission_id", "db74d77e-ce56-43e5-a392-316d0940281c"], ["LIMIT", 1]]
  [1m[36mTRANSACTION (0.0ms)[0m  [1m[35mBEGIN[0m
  [1m[36mRolePermission Exists? (0.6ms)[0m  [1m[34mSELECT 1 AS one FROM "role_permissions" WHERE "role_permissions"."role_id" = $1 AND "role_permissions"."permission_id" = $2 LIMIT $3[0m  [["role_id", "868a4245-e34e-4cb3-8182-8b56b4d4e0ee"], ["permission_id", "db74d77e-ce56-43e5-a392-316d0940281c"], ["LIMIT", 1]]
  [1m[36mRolePermission Create (0.4ms)[0m  [1m[32mINSERT INTO "role_permissions" ("role_id", "permission_id", "created_at") VALUES ($1, $2, $3) RETURNING "id"[0m  [["role_id", "868a4245-e34e-4cb3-8182-8b56b4d4e0ee"], ["permission_id", "db74d77e-ce56-43e5-a392-316d0940281c"], ["created_at", "2026-05-17 10:48:02.825133"]]
  [1m[36mTRANSACTION (0.3ms)[0m  [1m[35mCOMMIT[0m
  [1m[36mRolePermission Load (0.0ms)[0m  [1m[34mSELECT "role_permissions".* FROM "role_permissions" WHERE "role_permissions"."role_id" = $1 AND "role_permissions"."permission_id" = $2 LIMIT $3[0m  [["role_id", "868a4245-e34e-4cb3-8182-8b56b4d4e0ee"], ["permission_id", "cd4908f8-3f08-4366-acfc-9d24a9ed8233"], ["LIMIT", 1]]
  [1m[36mTRANSACTION (0.0ms)[0m  [1m[35mBEGIN[0m
  [1m[36mRolePermission Exists? (0.5ms)[0m  [1m[34mSELECT 1 AS one FROM "role_permissions" WHERE "role_permissions"."role_id" = $1 AND "role_permissions"."permission_id" = $2 LIMIT $3[0m  [["role_id", "868a4245-e34e-4cb3-8182-8b56b4d4e0ee"], ["permission_id", "cd4908f8-3f08-4366-acfc-9d24a9ed8233"], ["LIMIT", 1]]
  [1m[36mRolePermission Create (0.1ms)[0m  [1m[32mINSERT INTO "role_permissions" ("role_id", "permission_id", "created_at") VALUES ($1, $2, $3) RETURNING "id"[0m  [["role_id", "868a4245-e34e-4cb3-8182-8b56b4d4e0ee"], ["permission_id", "cd4908f8-3f08-4366-acfc-9d24a9ed8233"], ["created_at", "2026-05-17 10:48:02.827685"]]
  [1m[36mTRANSACTION (0.1ms)[0m  [1m[35mCOMMIT[0m
  [1m[36mRolePermission Load (0.0ms)[0m  [1m[34mSELECT "role_permissions".* FROM "role_permissions" WHERE "role_permissions"."role_id" = $1 AND "role_permissions"."permission_id" = $2 LIMIT $3[0m  [["role_id", "868a4245-e34e-4cb3-8182-8b56b4d4e0ee"], ["permission_id", "74081e5e-6701-41db-8873-79c23cd48da5"], ["LIMIT", 1]]
  [1m[36mTRANSACTION (0.0ms)[0m  [1m[35mBEGIN[0m
  [1m[36mRolePermission Exists? (0.5ms)[0m  [1m[34mSELECT 1 AS one FROM "role_permissions" WHERE "role_permissions"."role_id" = $1 AND "role_permissions"."permission_id" = $2 LIMIT $3[0m  [["role_id", "868a4245-e34e-4cb3-8182-8b56b4d4e0ee"], ["permission_id", "74081e5e-6701-41db-8873-79c23cd48da5"], ["LIMIT", 1]]
  [1m[36mRolePermission Create (0.2ms)[0m  [1m[32mINSERT INTO "role_permissions" ("role_id", "permission_id", "created_at") VALUES ($1, $2, $3) RETURNING "id"[0m  [["role_id", "868a4245-e34e-4cb3-8182-8b56b4d4e0ee"], ["permission_id", "74081e5e-6701-41db-8873-79c23cd48da5"], ["created_at", "2026-05-17 10:48:02.829765"]]
  [1m[36mTRANSACTION (0.1ms)[0m  [1m[35mCOMMIT[0m
  [1m[36mRolePermission Load (0.1ms)[0m  [1m[34mSELECT "role_permissions".* FROM "role_permissions" WHERE "role_permissions"."role_id" = $1 AND "role_permissions"."permission_id" = $2 LIMIT $3[0m  [["role_id", "868a4245-e34e-4cb3-8182-8b56b4d4e0ee"], ["permission_id", "68384b69-27ed-41a9-9997-9b34cb96f8a2"], ["LIMIT", 1]]
  [1m[36mTRANSACTION (0.0ms)[0m  [1m[35mBEGIN[0m
  [1m[36mRolePermission Exists? (0.5ms)[0m  [1m[34mSELECT 1 AS one FROM "role_permissions" WHERE "role_permissions"."role_id" = $1 AND "role_permissions"."permission_id" = $2 LIMIT $3[0m  [["role_id", "868a4245-e34e-4cb3-8182-8b56b4d4e0ee"], ["permission_id", "68384b69-27ed-41a9-9997-9b34cb96f8a2"], ["LIMIT", 1]]
  [1m[36mRolePermission Create (0.1ms)[0m  [1m[32mINSERT INTO "role_permissions" ("role_id", "permission_id", "created_at") VALUES ($1, $2, $3) RETURNING "id"[0m  [["role_id", "868a4245-e34e-4cb3-8182-8b56b4d4e0ee"], ["permission_id", "68384b69-27ed-41a9-9997-9b34cb96f8a2"], ["created_at", "2026-05-17 10:48:02.831936"]]
  [1m[36mTRANSACTION (0.1ms)[0m  [1m[35mCOMMIT[0m
  [1m[36mRolePermission Load (0.1ms)[0m  [1m[34mSELECT "role_permissions".* FROM "role_permissions" WHERE "role_permissions"."role_id" = $1 AND "role_permissions"."permission_id" = $2 LIMIT $3[0m  [["role_id", "868a4245-e34e-4cb3-8182-8b56b4d4e0ee"], ["permission_id", "6d1d2c5d-a71c-45ac-a182-951591a4d563"], ["LIMIT", 1]]
  [1m[36mTRANSACTION (0.0ms)[0m  [1m[35mBEGIN[0m
  [1m[36mRolePermission Exists? (0.5ms)[0m  [1m[34mSELECT 1 AS one FROM "role_permissions" WHERE "role_permissions"."role_id" = $1 AND "role_permissions"."permission_id" = $2 LIMIT $3[0m  [["role_id", "868a4245-e34e-4cb3-8182-8b56b4d4e0ee"], ["permission_id", "6d1d2c5d-a71c-45ac-a182-951591a4d563"], ["LIMIT", 1]]
  [1m[36mRolePermission Create (0.2ms)[0m  [1m[32mINSERT INTO "role_permissions" ("role_id", "permission_id", "created_at") VALUES ($1, $2, $3) RETURNING "id"[0m  [["role_id", "868a4245-e34e-4cb3-8182-8b56b4d4e0ee"], ["permission_id", "6d1d2c5d-a71c-45ac-a182-951591a4d563"], ["created_at", "2026-05-17 10:48:02.833912"]]
  [1m[36mTRANSACTION (0.1ms)[0m  [1m[35mCOMMIT[0m
  [1m[36mRolePermission Load (0.1ms)[0m  [1m[34mSELECT "role_permissions".* FROM "role_permissions" WHERE "role_permissions"."role_id" = $1 AND "role_permissions"."permission_id" = $2 LIMIT $3[0m  [["role_id", "868a4245-e34e-4cb3-8182-8b56b4d4e0ee"], ["permission_id", "c43111e6-69d7-4e05-b2a8-866eb03938d4"], ["LIMIT", 1]]
  [1m[36mTRANSACTION (0.0ms)[0m  [1m[35mBEGIN[0m
  [1m[36mRolePermission Exists? (0.5ms)[0m  [1m[34mSELECT 1 AS one FROM "role_permissions" WHERE "role_permissions"."role_id" = $1 AND "role_permissions"."permission_id" = $2 LIMIT $3[0m  [["role_id", "868a4245-e34e-4cb3-8182-8b56b4d4e0ee"], ["permission_id", "c43111e6-69d7-4e05-b2a8-866eb03938d4"], ["LIMIT", 1]]
  [1m[36mRolePermission Create (0.1ms)[0m  [1m[32mINSERT INTO "role_permissions" ("role_id", "permission_id", "created_at") VALUES ($1, $2, $3) RETURNING "id"[0m  [["role_id", "868a4245-e34e-4cb3-8182-8b56b4d4e0ee"], ["permission_id", "c43111e6-69d7-4e05-b2a8-866eb03938d4"], ["created_at", "2026-05-17 10:48:02.835977"]]
  [1m[36mTRANSACTION (0.1ms)[0m  [1m[35mCOMMIT[0m
  [1m[36mRolePermission Load (0.0ms)[0m  [1m[34mSELECT "role_permissions".* FROM "role_permissions" WHERE "role_permissions"."role_id" = $1 AND "role_permissions"."permission_id" = $2 LIMIT $3[0m  [["role_id", "868a4245-e34e-4cb3-8182-8b56b4d4e0ee"], ["permission_id", "95940a85-6b41-469c-ad0a-1ac2c11abb4e"], ["LIMIT", 1]]
  [1m[36mTRANSACTION (0.0ms)[0m  [1m[35mBEGIN[0m
  [1m[36mRolePermission Exists? (0.4ms)[0m  [1m[34mSELECT 1 AS one FROM "role_permissions" WHERE "role_permissions"."role_id" = $1 AND "role_permissions"."permission_id" = $2 LIMIT $3[0m  [["role_id", "868a4245-e34e-4cb3-8182-8b56b4d4e0ee"], ["permission_id", "95940a85-6b41-469c-ad0a-1ac2c11abb4e"], ["LIMIT", 1]]
  [1m[36mRolePermission Create (0.2ms)[0m  [1m[32mINSERT INTO "role_permissions" ("role_id", "permission_id", "created_at") VALUES ($1, $2, $3) RETURNING "id"[0m  [["role_id", "868a4245-e34e-4cb3-8182-8b56b4d4e0ee"], ["permission_id", "95940a85-6b41-469c-ad0a-1ac2c11abb4e"], ["created_at", "2026-05-17 10:48:02.837883"]]
  [1m[36mTRANSACTION (0.1ms)[0m  [1m[35mCOMMIT[0m
  [1m[36mRolePermission Load (0.1ms)[0m  [1m[34mSELECT "role_permissions".* FROM "role_permissions" WHERE "role_permissions"."role_id" = $1 AND "role_permissions"."permission_id" = $2 LIMIT $3[0m  [["role_id", "dfe1838c-450e-454c-9b8b-3e27957b31ba"], ["permission_id", "f3a34f8f-1239-416e-9852-c3a04a7505ec"], ["LIMIT", 1]]
  [1m[36mTRANSACTION (0.0ms)[0m  [1m[35mBEGIN[0m
  [1m[36mRolePermission Exists? (0.5ms)[0m  [1m[34mSELECT 1 AS one FROM "role_permissions" WHERE "role_permissions"."role_id" = $1 AND "role_permissions"."permission_id" = $2 LIMIT $3[0m  [["role_id", "dfe1838c-450e-454c-9b8b-3e27957b31ba"], ["permission_id", "f3a34f8f-1239-416e-9852-c3a04a7505ec"], ["LIMIT", 1]]
  [1m[36mRolePermission Create (0.2ms)[0m  [1m[32mINSERT INTO "role_permissions" ("role_id", "permission_id", "created_at") VALUES ($1, $2, $3) RETURNING "id"[0m  [["role_id", "dfe1838c-450e-454c-9b8b-3e27957b31ba"], ["permission_id", "f3a34f8f-1239-416e-9852-c3a04a7505ec"], ["created_at", "2026-05-17 10:48:02.839968"]]
  [1m[36mTRANSACTION (0.1ms)[0m  [1m[35mCOMMIT[0m
  [1m[36mRolePermission Load (0.1ms)[0m  [1m[34mSELECT "role_permissions".* FROM "role_permissions" WHERE "role_permissions"."role_id" = $1 AND "role_permissions"."permission_id" = $2 LIMIT $3[0m  [["role_id", "dfe1838c-450e-454c-9b8b-3e27957b31ba"], ["permission_id", "b387f70a-e372-41c0-a9f5-e25e7c54cb07"], ["LIMIT", 1]]
  [1m[36mTRANSACTION (0.0ms)[0m  [1m[35mBEGIN[0m
  [1m[36mRolePermission Exists? (0.5ms)[0m  [1m[34mSELECT 1 AS one FROM "role_permissions" WHERE "role_permissions"."role_id" = $1 AND "role_permissions"."permission_id" = $2 LIMIT $3[0m  [["role_id", "dfe1838c-450e-454c-9b8b-3e27957b31ba"], ["permission_id", "b387f70a-e372-41c0-a9f5-e25e7c54cb07"], ["LIMIT", 1]]
  [1m[36mRolePermission Create (0.2ms)[0m  [1m[32mINSERT INTO "role_permissions" ("role_id", "permission_id", "created_at") VALUES ($1, $2, $3) RETURNING "id"[0m  [["role_id", "dfe1838c-450e-454c-9b8b-3e27957b31ba"], ["permission_id", "b387f70a-e372-41c0-a9f5-e25e7c54cb07"], ["created_at", "2026-05-17 10:48:02.842806"]]
  [1m[36mTRANSACTION (0.1ms)[0m  [1m[35mCOMMIT[0m
  [1m[36mRolePermission Load (0.1ms)[0m  [1m[34mSELECT "role_permissions".* FROM "role_permissions" WHERE "role_permissions"."role_id" = $1 AND "role_permissions"."permission_id" = $2 LIMIT $3[0m  [["role_id", "dfe1838c-450e-454c-9b8b-3e27957b31ba"], ["permission_id", "c6c8c262-eb67-43d9-91cf-637acfb3333d"], ["LIMIT", 1]]
  [1m[36mTRANSACTION (0.0ms)[0m  [1m[35mBEGIN[0m
  [1m[36mRolePermission Exists? (0.5ms)[0m  [1m[34mSELECT 1 AS one FROM "role_permissions" WHERE "role_permissions"."role_id" = $1 AND "role_permissions"."permission_id" = $2 LIMIT $3[0m  [["role_id", "dfe1838c-450e-454c-9b8b-3e27957b31ba"], ["permission_id", "c6c8c262-eb67-43d9-91cf-637acfb3333d"], ["LIMIT", 1]]
  [1m[36mRolePermission Create (0.2ms)[0m  [1m[32mINSERT INTO "role_permissions" ("role_id", "permission_id", "created_at") VALUES ($1, $2, $3) RETURNING "id"[0m  [["role_id", "dfe1838c-450e-454c-9b8b-3e27957b31ba"], ["permission_id", "c6c8c262-eb67-43d9-91cf-637acfb3333d"], ["created_at", "2026-05-17 10:48:02.844912"]]
  [1m[36mTRANSACTION (0.2ms)[0m  [1m[35mCOMMIT[0m
  [1m[36mRolePermission Load (0.1ms)[0m  [1m[34mSELECT "role_permissions".* FROM "role_permissions" WHERE "role_permissions"."role_id" = $1 AND "role_permissions"."permission_id" = $2 LIMIT $3[0m  [["role_id", "dfe1838c-450e-454c-9b8b-3e27957b31ba"], ["permission_id", "ce02c243-e26d-4da7-b162-58b54f521d4d"], ["LIMIT", 1]]
  [1m[36mTRANSACTION (0.0ms)[0m  [1m[35mBEGIN[0m
  [1m[36mRolePermission Exists? (0.5ms)[0m  [1m[34mSELECT 1 AS one FROM "role_permissions" WHERE "role_permissions"."role_id" = $1 AND "role_permissions"."permission_id" = $2 LIMIT $3[0m  [["role_id", "dfe1838c-450e-454c-9b8b-3e27957b31ba"], ["permission_id", "ce02c243-e26d-4da7-b162-58b54f521d4d"], ["LIMIT", 1]]
  [1m[36mRolePermission Create (0.2ms)[0m  [1m[32mINSERT INTO "role_permissions" ("role_id", "permission_id", "created_at") VALUES ($1, $2, $3) RETURNING "id"[0m  [["role_id", "dfe1838c-450e-454c-9b8b-3e27957b31ba"], ["permission_id", "ce02c243-e26d-4da7-b162-58b54f521d4d"], ["created_at", "2026-05-17 10:48:02.847132"]]
  [1m[36mTRANSACTION (0.1ms)[0m  [1m[35mCOMMIT[0m
  [1m[36mRolePermission Load (0.1ms)[0m  [1m[34mSELECT "role_permissions".* FROM "role_permissions" WHERE "role_permissions"."role_id" = $1 AND "role_permissions"."permission_id" = $2 LIMIT $3[0m  [["role_id", "dfe1838c-450e-454c-9b8b-3e27957b31ba"], ["permission_id", "2279db02-4364-41c9-ac3f-1a7a866cf26f"], ["LIMIT", 1]]
  [1m[36mTRANSACTION (0.0ms)[0m  [1m[35mBEGIN[0m
  [1m[36mRolePermission Exists? (0.4ms)[0m  [1m[34mSELECT 1 AS one FROM "role_permissions" WHERE "role_permissions"."role_id" = $1 AND "role_permissions"."permission_id" = $2 LIMIT $3[0m  [["role_id", "dfe1838c-450e-454c-9b8b-3e27957b31ba"], ["permission_id", "2279db02-4364-41c9-ac3f-1a7a866cf26f"], ["LIMIT", 1]]
  [1m[36mRolePermission Create (0.1ms)[0m  [1m[32mINSERT INTO "role_permissions" ("role_id", "permission_id", "created_at") VALUES ($1, $2, $3) RETURNING "id"[0m  [["role_id", "dfe1838c-450e-454c-9b8b-3e27957b31ba"], ["permission_id", "2279db02-4364-41c9-ac3f-1a7a866cf26f"], ["created_at", "2026-05-17 10:48:02.849289"]]
  [1m[36mTRANSACTION (0.2ms)[0m  [1m[35mCOMMIT[0m
  [1m[36mRolePermission Load (0.1ms)[0m  [1m[34mSELECT "role_permissions".* FROM "role_permissions" WHERE "role_permissions"."role_id" = $1 AND "role_permissions"."permission_id" = $2 LIMIT $3[0m  [["role_id", "dfe1838c-450e-454c-9b8b-3e27957b31ba"], ["permission_id", "6241f15c-6cf7-4869-bbc0-800d5680e30c"], ["LIMIT", 1]]
  [1m[36mTRANSACTION (0.0ms)[0m  [1m[35mBEGIN[0m
  [1m[36mRolePermission Exists? (0.5ms)[0m  [1m[34mSELECT 1 AS one FROM "role_permissions" WHERE "role_permissions"."role_id" = $1 AND "role_permissions"."permission_id" = $2 LIMIT $3[0m  [["role_id", "dfe1838c-450e-454c-9b8b-3e27957b31ba"], ["permission_id", "6241f15c-6cf7-4869-bbc0-800d5680e30c"], ["LIMIT", 1]]
  [1m[36mRolePermission Create (0.2ms)[0m  [1m[32mINSERT INTO "role_permissions" ("role_id", "permission_id", "created_at") VALUES ($1, $2, $3) RETURNING "id"[0m  [["role_id", "dfe1838c-450e-454c-9b8b-3e27957b31ba"], ["permission_id", "6241f15c-6cf7-4869-bbc0-800d5680e30c"], ["created_at", "2026-05-17 10:48:02.851309"]]
  [1m[36mTRANSACTION (0.1ms)[0m  [1m[35mCOMMIT[0m
  [1m[36mRolePermission Load (0.1ms)[0m  [1m[34mSELECT "role_permissions".* FROM "role_permissions" WHERE "role_permissions"."role_id" = $1 AND "role_permissions"."permission_id" = $2 LIMIT $3[0m  [["role_id", "dfe1838c-450e-454c-9b8b-3e27957b31ba"], ["permission_id", "cc9a579e-7b52-440b-b0f1-d382a37da93d"], ["LIMIT", 1]]
  [1m[36mTRANSACTION (0.0ms)[0m  [1m[35mBEGIN[0m
  [1m[36mRolePermission Exists? (0.4ms)[0m  [1m[34mSELECT 1 AS one FROM "role_permissions" WHERE "role_permissions"."role_id" = $1 AND "role_permissions"."permission_id" = $2 LIMIT $3[0m  [["role_id", "dfe1838c-450e-454c-9b8b-3e27957b31ba"], ["permission_id", "cc9a579e-7b52-440b-b0f1-d382a37da93d"], ["LIMIT", 1]]
  [1m[36mRolePermission Create (0.1ms)[0m  [1m[32mINSERT INTO "role_permissions" ("role_id", "permission_id", "created_at") VALUES ($1, $2, $3) RETURNING "id"[0m  [["role_id", "dfe1838c-450e-454c-9b8b-3e27957b31ba"], ["permission_id", "cc9a579e-7b52-440b-b0f1-d382a37da93d"], ["created_at", "2026-05-17 10:48:02.853323"]]
  [1m[36mTRANSACTION (0.1ms)[0m  [1m[35mCOMMIT[0m
  [1m[36mRolePermission Load (0.1ms)[0m  [1m[34mSELECT "role_permissions".* FROM "role_permissions" WHERE "role_permissions"."role_id" = $1 AND "role_permissions"."permission_id" = $2 LIMIT $3[0m  [["role_id", "dfe1838c-450e-454c-9b8b-3e27957b31ba"], ["permission_id", "b4887d44-321b-4e10-90d9-8ba0635c773b"], ["LIMIT", 1]]
  [1m[36mTRANSACTION (0.0ms)[0m  [1m[35mBEGIN[0m
  [1m[36mRolePermission Exists? (0.5ms)[0m  [1m[34mSELECT 1 AS one FROM "role_permissions" WHERE "role_permissions"."role_id" = $1 AND "role_permissions"."permission_id" = $2 LIMIT $3[0m  [["role_id", "dfe1838c-450e-454c-9b8b-3e27957b31ba"], ["permission_id", "b4887d44-321b-4e10-90d9-8ba0635c773b"], ["LIMIT", 1]]
  [1m[36mRolePermission Create (0.1ms)[0m  [1m[32mINSERT INTO "role_permissions" ("role_id", "permission_id", "created_at") VALUES ($1, $2, $3) RETURNING "id"[0m  [["role_id", "dfe1838c-450e-454c-9b8b-3e27957b31ba"], ["permission_id", "b4887d44-321b-4e10-90d9-8ba0635c773b"], ["created_at", "2026-05-17 10:48:02.855259"]]
  [1m[36mTRANSACTION (0.1ms)[0m  [1m[35mCOMMIT[0m
  [1m[36mRolePermission Load (0.0ms)[0m  [1m[34mSELECT "role_permissions".* FROM "role_permissions" WHERE "role_permissions"."role_id" = $1 AND "role_permissions"."permission_id" = $2 LIMIT $3[0m  [["role_id", "dfe1838c-450e-454c-9b8b-3e27957b31ba"], ["permission_id", "db74d77e-ce56-43e5-a392-316d0940281c"], ["LIMIT", 1]]
  [1m[36mTRANSACTION (0.0ms)[0m  [1m[35mBEGIN[0m
  [1m[36mRolePermission Exists? (0.5ms)[0m  [1m[34mSELECT 1 AS one FROM "role_permissions" WHERE "role_permissions"."role_id" = $1 AND "role_permissions"."permission_id" = $2 LIMIT $3[0m  [["role_id", "dfe1838c-450e-454c-9b8b-3e27957b31ba"], ["permission_id", "db74d77e-ce56-43e5-a392-316d0940281c"], ["LIMIT", 1]]
  [1m[36mRolePermission Create (0.1ms)[0m  [1m[32mINSERT INTO "role_permissions" ("role_id", "permission_id", "created_at") VALUES ($1, $2, $3) RETURNING "id"[0m  [["role_id", "dfe1838c-450e-454c-9b8b-3e27957b31ba"], ["permission_id", "db74d77e-ce56-43e5-a392-316d0940281c"], ["created_at", "2026-05-17 10:48:02.857151"]]
  [1m[36mTRANSACTION (0.1ms)[0m  [1m[35mCOMMIT[0m
  [1m[36mRolePermission Load (0.1ms)[0m  [1m[34mSELECT "role_permissions".* FROM "role_permissions" WHERE "role_permissions"."role_id" = $1 AND "role_permissions"."permission_id" = $2 LIMIT $3[0m  [["role_id", "dfe1838c-450e-454c-9b8b-3e27957b31ba"], ["permission_id", "86f1e432-dd36-476e-b357-12b483b07cf4"], ["LIMIT", 1]]
  [1m[36mTRANSACTION (0.0ms)[0m  [1m[35mBEGIN[0m
  [1m[36mRolePermission Exists? (0.5ms)[0m  [1m[34mSELECT 1 AS one FROM "role_permissions" WHERE "role_permissions"."role_id" = $1 AND "role_permissions"."permission_id" = $2 LIMIT $3[0m  [["role_id", "dfe1838c-450e-454c-9b8b-3e27957b31ba"], ["permission_id", "86f1e432-dd36-476e-b357-12b483b07cf4"], ["LIMIT", 1]]
  [1m[36mRolePermission Create (0.2ms)[0m  [1m[32mINSERT INTO "role_permissions" ("role_id", "permission_id", "created_at") VALUES ($1, $2, $3) RETURNING "id"[0m  [["role_id", "dfe1838c-450e-454c-9b8b-3e27957b31ba"], ["permission_id", "86f1e432-dd36-476e-b357-12b483b07cf4"], ["created_at", "2026-05-17 10:48:02.859125"]]
  [1m[36mTRANSACTION (0.1ms)[0m  [1m[35mCOMMIT[0m
  [1m[36mRolePermission Load (0.1ms)[0m  [1m[34mSELECT "role_permissions".* FROM "role_permissions" WHERE "role_permissions"."role_id" = $1 AND "role_permissions"."permission_id" = $2 LIMIT $3[0m  [["role_id", "dfe1838c-450e-454c-9b8b-3e27957b31ba"], ["permission_id", "cd4908f8-3f08-4366-acfc-9d24a9ed8233"], ["LIMIT", 1]]
  [1m[36mTRANSACTION (0.1ms)[0m  [1m[35mBEGIN[0m
  [1m[36mRolePermission Exists? (0.5ms)[0m  [1m[34mSELECT 1 AS one FROM "role_permissions" WHERE "role_permissions"."role_id" = $1 AND "role_permissions"."permission_id" = $2 LIMIT $3[0m  [["role_id", "dfe1838c-450e-454c-9b8b-3e27957b31ba"], ["permission_id", "cd4908f8-3f08-4366-acfc-9d24a9ed8233"], ["LIMIT", 1]]
  [1m[36mRolePermission Create (0.1ms)[0m  [1m[32mINSERT INTO "role_permissions" ("role_id", "permission_id", "created_at") VALUES ($1, $2, $3) RETURNING "id"[0m  [["role_id", "dfe1838c-450e-454c-9b8b-3e27957b31ba"], ["permission_id", "cd4908f8-3f08-4366-acfc-9d24a9ed8233"], ["created_at", "2026-05-17 10:48:02.861373"]]
  [1m[36mTRANSACTION (0.1ms)[0m  [1m[35mCOMMIT[0m
  [1m[36mRolePermission Load (0.1ms)[0m  [1m[34mSELECT "role_permissions".* FROM "role_permissions" WHERE "role_permissions"."role_id" = $1 AND "role_permissions"."permission_id" = $2 LIMIT $3[0m  [["role_id", "dfe1838c-450e-454c-9b8b-3e27957b31ba"], ["permission_id", "fd052e3a-8d23-4a4a-8c6e-761a913df111"], ["LIMIT", 1]]
  [1m[36mTRANSACTION (0.0ms)[0m  [1m[35mBEGIN[0m
  [1m[36mRolePermission Exists? (0.5ms)[0m  [1m[34mSELECT 1 AS one FROM "role_permissions" WHERE "role_permissions"."role_id" = $1 AND "role_permissions"."permission_id" = $2 LIMIT $3[0m  [["role_id", "dfe1838c-450e-454c-9b8b-3e27957b31ba"], ["permission_id", "fd052e3a-8d23-4a4a-8c6e-761a913df111"], ["LIMIT", 1]]
  [1m[36mRolePermission Create (0.2ms)[0m  [1m[32mINSERT INTO "role_permissions" ("role_id", "permission_id", "created_at") VALUES ($1, $2, $3) RETURNING "id"[0m  [["role_id", "dfe1838c-450e-454c-9b8b-3e27957b31ba"], ["permission_id", "fd052e3a-8d23-4a4a-8c6e-761a913df111"], ["created_at", "2026-05-17 10:48:02.863555"]]
  [1m[36mTRANSACTION (0.1ms)[0m  [1m[35mCOMMIT[0m
  [1m[36mRolePermission Load (0.1ms)[0m  [1m[34mSELECT "role_permissions".* FROM "role_permissions" WHERE "role_permissions"."role_id" = $1 AND "role_permissions"."permission_id" = $2 LIMIT $3[0m  [["role_id", "dfe1838c-450e-454c-9b8b-3e27957b31ba"], ["permission_id", "74081e5e-6701-41db-8873-79c23cd48da5"], ["LIMIT", 1]]
  [1m[36mTRANSACTION (0.0ms)[0m  [1m[35mBEGIN[0m
  [1m[36mRolePermission Exists? (0.4ms)[0m  [1m[34mSELECT 1 AS one FROM "role_permissions" WHERE "role_permissions"."role_id" = $1 AND "role_permissions"."permission_id" = $2 LIMIT $3[0m  [["role_id", "dfe1838c-450e-454c-9b8b-3e27957b31ba"], ["permission_id", "74081e5e-6701-41db-8873-79c23cd48da5"], ["LIMIT", 1]]
  [1m[36mRolePermission Create (0.1ms)[0m  [1m[32mINSERT INTO "role_permissions" ("role_id", "permission_id", "created_at") VALUES ($1, $2, $3) RETURNING "id"[0m  [["role_id", "dfe1838c-450e-454c-9b8b-3e27957b31ba"], ["permission_id", "74081e5e-6701-41db-8873-79c23cd48da5"], ["created_at", "2026-05-17 10:48:02.865627"]]
  [1m[36mTRANSACTION (0.1ms)[0m  [1m[35mCOMMIT[0m
  [1m[36mRolePermission Load (0.1ms)[0m  [1m[34mSELECT "role_permissions".* FROM "role_permissions" WHERE "role_permissions"."role_id" = $1 AND "role_permissions"."permission_id" = $2 LIMIT $3[0m  [["role_id", "dfe1838c-450e-454c-9b8b-3e27957b31ba"], ["permission_id", "02dac851-d8d3-423e-ac50-4f8da5b08e19"], ["LIMIT", 1]]
  [1m[36mTRANSACTION (0.0ms)[0m  [1m[35mBEGIN[0m
  [1m[36mRolePermission Exists? (0.5ms)[0m  [1m[34mSELECT 1 AS one FROM "role_permissions" WHERE "role_permissions"."role_id" = $1 AND "role_permissions"."permission_id" = $2 LIMIT $3[0m  [["role_id", "dfe1838c-450e-454c-9b8b-3e27957b31ba"], ["permission_id", "02dac851-d8d3-423e-ac50-4f8da5b08e19"], ["LIMIT", 1]]
  [1m[36mRolePermission Create (0.2ms)[0m  [1m[32mINSERT INTO "role_permissions" ("role_id", "permission_id", "created_at") VALUES ($1, $2, $3) RETURNING "id"[0m  [["role_id", "dfe1838c-450e-454c-9b8b-3e27957b31ba"], ["permission_id", "02dac851-d8d3-423e-ac50-4f8da5b08e19"], ["created_at", "2026-05-17 10:48:02.867585"]]
  [1m[36mTRANSACTION (0.1ms)[0m  [1m[35mCOMMIT[0m
  [1m[36mRolePermission Load (0.1ms)[0m  [1m[34mSELECT "role_permissions".* FROM "role_permissions" WHERE "role_permissions"."role_id" = $1 AND "role_permissions"."permission_id" = $2 LIMIT $3[0m  [["role_id", "dfe1838c-450e-454c-9b8b-3e27957b31ba"], ["permission_id", "68384b69-27ed-41a9-9997-9b34cb96f8a2"], ["LIMIT", 1]]
  [1m[36mTRANSACTION (0.0ms)[0m  [1m[35mBEGIN[0m
  [1m[36mRolePermission Exists? (0.5ms)[0m  [1m[34mSELECT 1 AS one FROM "role_permissions" WHERE "role_permissions"."role_id" = $1 AND "role_permissions"."permission_id" = $2 LIMIT $3[0m  [["role_id", "dfe1838c-450e-454c-9b8b-3e27957b31ba"], ["permission_id", "68384b69-27ed-41a9-9997-9b34cb96f8a2"], ["LIMIT", 1]]
  [1m[36mRolePermission Create (0.1ms)[0m  [1m[32mINSERT INTO "role_permissions" ("role_id", "permission_id", "created_at") VALUES ($1, $2, $3) RETURNING "id"[0m  [["role_id", "dfe1838c-450e-454c-9b8b-3e27957b31ba"], ["permission_id", "68384b69-27ed-41a9-9997-9b34cb96f8a2"], ["created_at", "2026-05-17 10:48:02.869648"]]
  [1m[36mTRANSACTION (0.1ms)[0m  [1m[35mCOMMIT[0m
  [1m[36mRolePermission Load (0.1ms)[0m  [1m[34mSELECT "role_permissions".* FROM "role_permissions" WHERE "role_permissions"."role_id" = $1 AND "role_permissions"."permission_id" = $2 LIMIT $3[0m  [["role_id", "dfe1838c-450e-454c-9b8b-3e27957b31ba"], ["permission_id", "6d1d2c5d-a71c-45ac-a182-951591a4d563"], ["LIMIT", 1]]
  [1m[36mTRANSACTION (0.0ms)[0m  [1m[35mBEGIN[0m
  [1m[36mRolePermission Exists? (0.5ms)[0m  [1m[34mSELECT 1 AS one FROM "role_permissions" WHERE "role_permissions"."role_id" = $1 AND "role_permissions"."permission_id" = $2 LIMIT $3[0m  [["role_id", "dfe1838c-450e-454c-9b8b-3e27957b31ba"], ["permission_id", "6d1d2c5d-a71c-45ac-a182-951591a4d563"], ["LIMIT", 1]]
  [1m[36mRolePermission Create (0.2ms)[0m  [1m[32mINSERT INTO "role_permissions" ("role_id", "permission_id", "created_at") VALUES ($1, $2, $3) RETURNING "id"[0m  [["role_id", "dfe1838c-450e-454c-9b8b-3e27957b31ba"], ["permission_id", "6d1d2c5d-a71c-45ac-a182-951591a4d563"], ["created_at", "2026-05-17 10:48:02.871619"]]
  [1m[36mTRANSACTION (0.1ms)[0m  [1m[35mCOMMIT[0m
  [1m[36mRolePermission Load (0.1ms)[0m  [1m[34mSELECT "role_permissions".* FROM "role_permissions" WHERE "role_permissions"."role_id" = $1 AND "role_permissions"."permission_id" = $2 LIMIT $3[0m  [["role_id", "dfe1838c-450e-454c-9b8b-3e27957b31ba"], ["permission_id", "c43111e6-69d7-4e05-b2a8-866eb03938d4"], ["LIMIT", 1]]
  [1m[36mTRANSACTION (0.0ms)[0m  [1m[35mBEGIN[0m
  [1m[36mRolePermission Exists? (0.5ms)[0m  [1m[34mSELECT 1 AS one FROM "role_permissions" WHERE "role_permissions"."role_id" = $1 AND "role_permissions"."permission_id" = $2 LIMIT $3[0m  [["role_id", "dfe1838c-450e-454c-9b8b-3e27957b31ba"], ["permission_id", "c43111e6-69d7-4e05-b2a8-866eb03938d4"], ["LIMIT", 1]]
  [1m[36mRolePermission Create (0.1ms)[0m  [1m[32mINSERT INTO "role_permissions" ("role_id", "permission_id", "created_at") VALUES ($1, $2, $3) RETURNING "id"[0m  [["role_id", "dfe1838c-450e-454c-9b8b-3e27957b31ba"], ["permission_id", "c43111e6-69d7-4e05-b2a8-866eb03938d4"], ["created_at", "2026-05-17 10:48:02.873714"]]
  [1m[36mTRANSACTION (0.1ms)[0m  [1m[35mCOMMIT[0m
  [1m[36mRolePermission Load (0.1ms)[0m  [1m[34mSELECT "role_permissions".* FROM "role_permissions" WHERE "role_permissions"."role_id" = $1 AND "role_permissions"."permission_id" = $2 LIMIT $3[0m  [["role_id", "dfe1838c-450e-454c-9b8b-3e27957b31ba"], ["permission_id", "2c6ab746-f1c3-471a-af0d-483dd639acd8"], ["LIMIT", 1]]
  [1m[36mTRANSACTION (0.0ms)[0m  [1m[35mBEGIN[0m
  [1m[36mRolePermission Exists? (0.5ms)[0m  [1m[34mSELECT 1 AS one FROM "role_permissions" WHERE "role_permissions"."role_id" = $1 AND "role_permissions"."permission_id" = $2 LIMIT $3[0m  [["role_id", "dfe1838c-450e-454c-9b8b-3e27957b31ba"], ["permission_id", "2c6ab746-f1c3-471a-af0d-483dd639acd8"], ["LIMIT", 1]]
  [1m[36mRolePermission Create (0.1ms)[0m  [1m[32mINSERT INTO "role_permissions" ("role_id", "permission_id", "created_at") VALUES ($1, $2, $3) RETURNING "id"[0m  [["role_id", "dfe1838c-450e-454c-9b8b-3e27957b31ba"], ["permission_id", "2c6ab746-f1c3-471a-af0d-483dd639acd8"], ["created_at", "2026-05-17 10:48:02.875602"]]
  [1m[36mTRANSACTION (0.1ms)[0m  [1m[35mCOMMIT[0m
  [1m[36mRolePermission Load (0.1ms)[0m  [1m[34mSELECT "role_permissions".* FROM "role_permissions" WHERE "role_permissions"."role_id" = $1 AND "role_permissions"."permission_id" = $2 LIMIT $3[0m  [["role_id", "dfe1838c-450e-454c-9b8b-3e27957b31ba"], ["permission_id", "dcbe9573-d6b9-404d-94b6-57ca809d3c0a"], ["LIMIT", 1]]
  [1m[36mTRANSACTION (0.0ms)[0m  [1m[35mBEGIN[0m
  [1m[36mRolePermission Exists? (0.5ms)[0m  [1m[34mSELECT 1 AS one FROM "role_permissions" WHERE "role_permissions"."role_id" = $1 AND "role_permissions"."permission_id" = $2 LIMIT $3[0m  [["role_id", "dfe1838c-450e-454c-9b8b-3e27957b31ba"], ["permission_id", "dcbe9573-d6b9-404d-94b6-57ca809d3c0a"], ["LIMIT", 1]]
  [1m[36mRolePermission Create (0.2ms)[0m  [1m[32mINSERT INTO "role_permissions" ("role_id", "permission_id", "created_at") VALUES ($1, $2, $3) RETURNING "id"[0m  [["role_id", "dfe1838c-450e-454c-9b8b-3e27957b31ba"], ["permission_id", "dcbe9573-d6b9-404d-94b6-57ca809d3c0a"], ["created_at", "2026-05-17 10:48:02.877589"]]
  [1m[36mTRANSACTION (0.1ms)[0m  [1m[35mCOMMIT[0m
  [1m[36mRolePermission Load (0.1ms)[0m  [1m[34mSELECT "role_permissions".* FROM "role_permissions" WHERE "role_permissions"."role_id" = $1 AND "role_permissions"."permission_id" = $2 LIMIT $3[0m  [["role_id", "dfe1838c-450e-454c-9b8b-3e27957b31ba"], ["permission_id", "5131c04f-4864-4f29-9b20-c2aa89695b97"], ["LIMIT", 1]]
  [1m[36mTRANSACTION (0.0ms)[0m  [1m[35mBEGIN[0m
  [1m[36mRolePermission Exists? (0.5ms)[0m  [1m[34mSELECT 1 AS one FROM "role_permissions" WHERE "role_permissions"."role_id" = $1 AND "role_permissions"."permission_id" = $2 LIMIT $3[0m  [["role_id", "dfe1838c-450e-454c-9b8b-3e27957b31ba"], ["permission_id", "5131c04f-4864-4f29-9b20-c2aa89695b97"], ["LIMIT", 1]]
  [1m[36mRolePermission Create (0.2ms)[0m  [1m[32mINSERT INTO "role_permissions" ("role_id", "permission_id", "created_at") VALUES ($1, $2, $3) RETURNING "id"[0m  [["role_id", "dfe1838c-450e-454c-9b8b-3e27957b31ba"], ["permission_id", "5131c04f-4864-4f29-9b20-c2aa89695b97"], ["created_at", "2026-05-17 10:48:02.879619"]]
  [1m[36mTRANSACTION (0.1ms)[0m  [1m[35mCOMMIT[0m
  [1m[36mRolePermission Load (0.1ms)[0m  [1m[34mSELECT "role_permissions".* FROM "role_permissions" WHERE "role_permissions"."role_id" = $1 AND "role_permissions"."permission_id" = $2 LIMIT $3[0m  [["role_id", "dfe1838c-450e-454c-9b8b-3e27957b31ba"], ["permission_id", "95940a85-6b41-469c-ad0a-1ac2c11abb4e"], ["LIMIT", 1]]
  [1m[36mTRANSACTION (0.1ms)[0m  [1m[35mBEGIN[0m
  [1m[36mRolePermission Exists? (0.5ms)[0m  [1m[34mSELECT 1 AS one FROM "role_permissions" WHERE "role_permissions"."role_id" = $1 AND "role_permissions"."permission_id" = $2 LIMIT $3[0m  [["role_id", "dfe1838c-450e-454c-9b8b-3e27957b31ba"], ["permission_id", "95940a85-6b41-469c-ad0a-1ac2c11abb4e"], ["LIMIT", 1]]
  [1m[36mRolePermission Create (0.2ms)[0m  [1m[32mINSERT INTO "role_permissions" ("role_id", "permission_id", "created_at") VALUES ($1, $2, $3) RETURNING "id"[0m  [["role_id", "dfe1838c-450e-454c-9b8b-3e27957b31ba"], ["permission_id", "95940a85-6b41-469c-ad0a-1ac2c11abb4e"], ["created_at", "2026-05-17 10:48:02.881711"]]
  [1m[36mTRANSACTION (0.1ms)[0m  [1m[35mCOMMIT[0m
  [1m[36mRolePermission Load (0.0ms)[0m  [1m[34mSELECT "role_permissions".* FROM "role_permissions" WHERE "role_permissions"."role_id" = $1 AND "role_permissions"."permission_id" = $2 LIMIT $3[0m  [["role_id", "dfe1838c-450e-454c-9b8b-3e27957b31ba"], ["permission_id", "023b5606-5aa8-4c64-8036-089ed087c62a"], ["LIMIT", 1]]
  [1m[36mTRANSACTION (0.0ms)[0m  [1m[35mBEGIN[0m
  [1m[36mRolePermission Exists? (0.5ms)[0m  [1m[34mSELECT 1 AS one FROM "role_permissions" WHERE "role_permissions"."role_id" = $1 AND "role_permissions"."permission_id" = $2 LIMIT $3[0m  [["role_id", "dfe1838c-450e-454c-9b8b-3e27957b31ba"], ["permission_id", "023b5606-5aa8-4c64-8036-089ed087c62a"], ["LIMIT", 1]]
  [1m[36mRolePermission Create (0.2ms)[0m  [1m[32mINSERT INTO "role_permissions" ("role_id", "permission_id", "created_at") VALUES ($1, $2, $3) RETURNING "id"[0m  [["role_id", "dfe1838c-450e-454c-9b8b-3e27957b31ba"], ["permission_id", "023b5606-5aa8-4c64-8036-089ed087c62a"], ["created_at", "2026-05-17 10:48:02.883685"]]
  [1m[36mTRANSACTION (0.1ms)[0m  [1m[35mCOMMIT[0m
  [1m[36mRolePermission Load (0.1ms)[0m  [1m[34mSELECT "role_permissions".* FROM "role_permissions" WHERE "role_permissions"."role_id" = $1 AND "role_permissions"."permission_id" = $2 LIMIT $3[0m  [["role_id", "dfe1838c-450e-454c-9b8b-3e27957b31ba"], ["permission_id", "424a5efa-e432-4281-8006-f14554b9c8ab"], ["LIMIT", 1]]
  [1m[36mTRANSACTION (0.0ms)[0m  [1m[35mBEGIN[0m
  [1m[36mRolePermission Exists? (0.5ms)[0m  [1m[34mSELECT 1 AS one FROM "role_permissions" WHERE "role_permissions"."role_id" = $1 AND "role_permissions"."permission_id" = $2 LIMIT $3[0m  [["role_id", "dfe1838c-450e-454c-9b8b-3e27957b31ba"], ["permission_id", "424a5efa-e432-4281-8006-f14554b9c8ab"], ["LIMIT", 1]]
  [1m[36mRolePermission Create (0.2ms)[0m  [1m[32mINSERT INTO "role_permissions" ("role_id", "permission_id", "created_at") VALUES ($1, $2, $3) RETURNING "id"[0m  [["role_id", "dfe1838c-450e-454c-9b8b-3e27957b31ba"], ["permission_id", "424a5efa-e432-4281-8006-f14554b9c8ab"], ["created_at", "2026-05-17 10:48:02.885826"]]
  [1m[36mTRANSACTION (0.3ms)[0m  [1m[35mCOMMIT[0m
  [1m[36mRolePermission Load (0.0ms)[0m  [1m[34mSELECT "role_permissions".* FROM "role_permissions" WHERE "role_permissions"."role_id" = $1 AND "role_permissions"."permission_id" = $2 LIMIT $3[0m  [["role_id", "42cc417a-2ff7-4b6f-b593-a2bc9a564b56"], ["permission_id", "db74d77e-ce56-43e5-a392-316d0940281c"], ["LIMIT", 1]]
  [1m[36mTRANSACTION (0.0ms)[0m  [1m[35mBEGIN[0m
  [1m[36mRolePermission Exists? (0.5ms)[0m  [1m[34mSELECT 1 AS one FROM "role_permissions" WHERE "role_permissions"."role_id" = $1 AND "role_permissions"."permission_id" = $2 LIMIT $3[0m  [["role_id", "42cc417a-2ff7-4b6f-b593-a2bc9a564b56"], ["permission_id", "db74d77e-ce56-43e5-a392-316d0940281c"], ["LIMIT", 1]]
  [1m[36mRolePermission Create (0.1ms)[0m  [1m[32mINSERT INTO "role_permissions" ("role_id", "permission_id", "created_at") VALUES ($1, $2, $3) RETURNING "id"[0m  [["role_id", "42cc417a-2ff7-4b6f-b593-a2bc9a564b56"], ["permission_id", "db74d77e-ce56-43e5-a392-316d0940281c"], ["created_at", "2026-05-17 10:48:02.887979"]]
  [1m[36mTRANSACTION (0.1ms)[0m  [1m[35mCOMMIT[0m
  [1m[36mRolePermission Load (0.1ms)[0m  [1m[34mSELECT "role_permissions".* FROM "role_permissions" WHERE "role_permissions"."role_id" = $1 AND "role_permissions"."permission_id" = $2 LIMIT $3[0m  [["role_id", "42cc417a-2ff7-4b6f-b593-a2bc9a564b56"], ["permission_id", "cd4908f8-3f08-4366-acfc-9d24a9ed8233"], ["LIMIT", 1]]
  [1m[36mTRANSACTION (0.1ms)[0m  [1m[35mBEGIN[0m
  [1m[36mRolePermission Exists? (0.5ms)[0m  [1m[34mSELECT 1 AS one FROM "role_permissions" WHERE "role_permissions"."role_id" = $1 AND "role_permissions"."permission_id" = $2 LIMIT $3[0m  [["role_id", "42cc417a-2ff7-4b6f-b593-a2bc9a564b56"], ["permission_id", "cd4908f8-3f08-4366-acfc-9d24a9ed8233"], ["LIMIT", 1]]
  [1m[36mRolePermission Create (0.2ms)[0m  [1m[32mINSERT INTO "role_permissions" ("role_id", "permission_id", "created_at") VALUES ($1, $2, $3) RETURNING "id"[0m  [["role_id", "42cc417a-2ff7-4b6f-b593-a2bc9a564b56"], ["permission_id", "cd4908f8-3f08-4366-acfc-9d24a9ed8233"], ["created_at", "2026-05-17 10:48:02.889967"]]
  [1m[36mTRANSACTION (0.1ms)[0m  [1m[35mCOMMIT[0m
  [1m[36mRolePermission Load (0.0ms)[0m  [1m[34mSELECT "role_permissions".* FROM "role_permissions" WHERE "role_permissions"."role_id" = $1 AND "role_permissions"."permission_id" = $2 LIMIT $3[0m  [["role_id", "42cc417a-2ff7-4b6f-b593-a2bc9a564b56"], ["permission_id", "2279db02-4364-41c9-ac3f-1a7a866cf26f"], ["LIMIT", 1]]
  [1m[36mTRANSACTION (0.0ms)[0m  [1m[35mBEGIN[0m
  [1m[36mRolePermission Exists? (0.5ms)[0m  [1m[34mSELECT 1 AS one FROM "role_permissions" WHERE "role_permissions"."role_id" = $1 AND "role_permissions"."permission_id" = $2 LIMIT $3[0m  [["role_id", "42cc417a-2ff7-4b6f-b593-a2bc9a564b56"], ["permission_id", "2279db02-4364-41c9-ac3f-1a7a866cf26f"], ["LIMIT", 1]]
  [1m[36mRolePermission Create (0.2ms)[0m  [1m[32mINSERT INTO "role_permissions" ("role_id", "permission_id", "created_at") VALUES ($1, $2, $3) RETURNING "id"[0m  [["role_id", "42cc417a-2ff7-4b6f-b593-a2bc9a564b56"], ["permission_id", "2279db02-4364-41c9-ac3f-1a7a866cf26f"], ["created_at", "2026-05-17 10:48:02.891972"]]
  [1m[36mTRANSACTION (0.2ms)[0m  [1m[35mCOMMIT[0m
  [1m[36mRolePermission Load (0.1ms)[0m  [1m[34mSELECT "role_permissions".* FROM "role_permissions" WHERE "role_permissions"."role_id" = $1 AND "role_permissions"."permission_id" = $2 LIMIT $3[0m  [["role_id", "42cc417a-2ff7-4b6f-b593-a2bc9a564b56"], ["permission_id", "6241f15c-6cf7-4869-bbc0-800d5680e30c"], ["LIMIT", 1]]
  [1m[36mTRANSACTION (0.0ms)[0m  [1m[35mBEGIN[0m
  [1m[36mRolePermission Exists? (0.5ms)[0m  [1m[34mSELECT 1 AS one FROM "role_permissions" WHERE "role_permissions"."role_id" = $1 AND "role_permissions"."permission_id" = $2 LIMIT $3[0m  [["role_id", "42cc417a-2ff7-4b6f-b593-a2bc9a564b56"], ["permission_id", "6241f15c-6cf7-4869-bbc0-800d5680e30c"], ["LIMIT", 1]]
  [1m[36mRolePermission Create (0.2ms)[0m  [1m[32mINSERT INTO "role_permissions" ("role_id", "permission_id", "created_at") VALUES ($1, $2, $3) RETURNING "id"[0m  [["role_id", "42cc417a-2ff7-4b6f-b593-a2bc9a564b56"], ["permission_id", "6241f15c-6cf7-4869-bbc0-800d5680e30c"], ["created_at", "2026-05-17 10:48:02.894113"]]
  [1m[36mTRANSACTION (0.1ms)[0m  [1m[35mCOMMIT[0m
  [1m[36mRolePermission Load (0.0ms)[0m  [1m[34mSELECT "role_permissions".* FROM "role_permissions" WHERE "role_permissions"."role_id" = $1 AND "role_permissions"."permission_id" = $2 LIMIT $3[0m  [["role_id", "42cc417a-2ff7-4b6f-b593-a2bc9a564b56"], ["permission_id", "68384b69-27ed-41a9-9997-9b34cb96f8a2"], ["LIMIT", 1]]
  [1m[36mTRANSACTION (0.0ms)[0m  [1m[35mBEGIN[0m
  [1m[36mRolePermission Exists? (0.5ms)[0m  [1m[34mSELECT 1 AS one FROM "role_permissions" WHERE "role_permissions"."role_id" = $1 AND "role_permissions"."permission_id" = $2 LIMIT $3[0m  [["role_id", "42cc417a-2ff7-4b6f-b593-a2bc9a564b56"], ["permission_id", "68384b69-27ed-41a9-9997-9b34cb96f8a2"], ["LIMIT", 1]]
  [1m[36mRolePermission Create (0.2ms)[0m  [1m[32mINSERT INTO "role_permissions" ("role_id", "permission_id", "created_at") VALUES ($1, $2, $3) RETURNING "id"[0m  [["role_id", "42cc417a-2ff7-4b6f-b593-a2bc9a564b56"], ["permission_id", "68384b69-27ed-41a9-9997-9b34cb96f8a2"], ["created_at", "2026-05-17 10:48:02.896071"]]
  [1m[36mTRANSACTION (0.1ms)[0m  [1m[35mCOMMIT[0m
  [1m[36mRolePermission Load (0.1ms)[0m  [1m[34mSELECT "role_permissions".* FROM "role_permissions" WHERE "role_permissions"."role_id" = $1 AND "role_permissions"."permission_id" = $2 LIMIT $3[0m  [["role_id", "42cc417a-2ff7-4b6f-b593-a2bc9a564b56"], ["permission_id", "6d1d2c5d-a71c-45ac-a182-951591a4d563"], ["LIMIT", 1]]
  [1m[36mTRANSACTION (0.0ms)[0m  [1m[35mBEGIN[0m
  [1m[36mRolePermission Exists? (0.4ms)[0m  [1m[34mSELECT 1 AS one FROM "role_permissions" WHERE "role_permissions"."role_id" = $1 AND "role_permissions"."permission_id" = $2 LIMIT $3[0m  [["role_id", "42cc417a-2ff7-4b6f-b593-a2bc9a564b56"], ["permission_id", "6d1d2c5d-a71c-45ac-a182-951591a4d563"], ["LIMIT", 1]]
  [1m[36mRolePermission Create (0.2ms)[0m  [1m[32mINSERT INTO "role_permissions" ("role_id", "permission_id", "created_at") VALUES ($1, $2, $3) RETURNING "id"[0m  [["role_id", "42cc417a-2ff7-4b6f-b593-a2bc9a564b56"], ["permission_id", "6d1d2c5d-a71c-45ac-a182-951591a4d563"], ["created_at", "2026-05-17 10:48:02.898100"]]
  [1m[36mTRANSACTION (0.1ms)[0m  [1m[35mCOMMIT[0m
  [1m[36mRolePermission Load (0.0ms)[0m  [1m[34mSELECT "role_permissions".* FROM "role_permissions" WHERE "role_permissions"."role_id" = $1 AND "role_permissions"."permission_id" = $2 LIMIT $3[0m  [["role_id", "42cc417a-2ff7-4b6f-b593-a2bc9a564b56"], ["permission_id", "5131c04f-4864-4f29-9b20-c2aa89695b97"], ["LIMIT", 1]]
  [1m[36mTRANSACTION (0.0ms)[0m  [1m[35mBEGIN[0m
  [1m[36mRolePermission Exists? (0.4ms)[0m  [1m[34mSELECT 1 AS one FROM "role_permissions" WHERE "role_permissions"."role_id" = $1 AND "role_permissions"."permission_id" = $2 LIMIT $3[0m  [["role_id", "42cc417a-2ff7-4b6f-b593-a2bc9a564b56"], ["permission_id", "5131c04f-4864-4f29-9b20-c2aa89695b97"], ["LIMIT", 1]]
  [1m[36mRolePermission Create (0.2ms)[0m  [1m[32mINSERT INTO "role_permissions" ("role_id", "permission_id", "created_at") VALUES ($1, $2, $3) RETURNING "id"[0m  [["role_id", "42cc417a-2ff7-4b6f-b593-a2bc9a564b56"], ["permission_id", "5131c04f-4864-4f29-9b20-c2aa89695b97"], ["created_at", "2026-05-17 10:48:02.900049"]]
  [1m[36mTRANSACTION (0.1ms)[0m  [1m[35mCOMMIT[0m
  [1m[36mRolePermission Load (0.1ms)[0m  [1m[34mSELECT "role_permissions".* FROM "role_permissions" WHERE "role_permissions"."role_id" = $1 AND "role_permissions"."permission_id" = $2 LIMIT $3[0m  [["role_id", "42cc417a-2ff7-4b6f-b593-a2bc9a564b56"], ["permission_id", "95940a85-6b41-469c-ad0a-1ac2c11abb4e"], ["LIMIT", 1]]
  [1m[36mTRANSACTION (0.0ms)[0m  [1m[35mBEGIN[0m
  [1m[36mRolePermission Exists? (0.4ms)[0m  [1m[34mSELECT 1 AS one FROM "role_permissions" WHERE "role_permissions"."role_id" = $1 AND "role_permissions"."permission_id" = $2 LIMIT $3[0m  [["role_id", "42cc417a-2ff7-4b6f-b593-a2bc9a564b56"], ["permission_id", "95940a85-6b41-469c-ad0a-1ac2c11abb4e"], ["LIMIT", 1]]
  [1m[36mRolePermission Create (0.2ms)[0m  [1m[32mINSERT INTO "role_permissions" ("role_id", "permission_id", "created_at") VALUES ($1, $2, $3) RETURNING "id"[0m  [["role_id", "42cc417a-2ff7-4b6f-b593-a2bc9a564b56"], ["permission_id", "95940a85-6b41-469c-ad0a-1ac2c11abb4e"], ["created_at", "2026-05-17 10:48:02.902101"]]
  [1m[36mTRANSACTION (0.2ms)[0m  [1m[35mCOMMIT[0m
  [1m[36mRolePermission Load (0.0ms)[0m  [1m[34mSELECT "role_permissions".* FROM "role_permissions" WHERE "role_permissions"."role_id" = $1 AND "role_permissions"."permission_id" = $2 LIMIT $3[0m  [["role_id", "42cc417a-2ff7-4b6f-b593-a2bc9a564b56"], ["permission_id", "424a5efa-e432-4281-8006-f14554b9c8ab"], ["LIMIT", 1]]
  [1m[36mTRANSACTION (0.0ms)[0m  [1m[35mBEGIN[0m
  [1m[36mRolePermission Exists? (0.5ms)[0m  [1m[34mSELECT 1 AS one FROM "role_permissions" WHERE "role_permissions"."role_id" = $1 AND "role_permissions"."permission_id" = $2 LIMIT $3[0m  [["role_id", "42cc417a-2ff7-4b6f-b593-a2bc9a564b56"], ["permission_id", "424a5efa-e432-4281-8006-f14554b9c8ab"], ["LIMIT", 1]]
  [1m[36mRolePermission Create (0.9ms)[0m  [1m[32mINSERT INTO "role_permissions" ("role_id", "permission_id", "created_at") VALUES ($1, $2, $3) RETURNING "id"[0m  [["role_id", "42cc417a-2ff7-4b6f-b593-a2bc9a564b56"], ["permission_id", "424a5efa-e432-4281-8006-f14554b9c8ab"], ["created_at", "2026-05-17 10:48:02.904144"]]
  [1m[36mTRANSACTION (0.9ms)[0m  [1m[35mCOMMIT[0m
  [1m[36mActivityDefinition Load (24.3ms)[0m  [1m[34mSELECT "activity_definitions".* FROM "activity_definitions" WHERE "activity_definitions"."name" = $1 AND "activity_definitions"."scope_level" = $2 LIMIT $3[0m  [["name", "Youth Meeting"], ["scope_level", "UC"], ["LIMIT", 1]]
  [1m[36mTRANSACTION (0.1ms)[0m  [1m[35mBEGIN[0m
  [1m[36mActivityDefinition Create (0.4ms)[0m  [1m[32mINSERT INTO "activity_definitions" ("name", "scope_level", "compulsory_per_month", "is_active", "created_at") VALUES ($1, $2, $3, $4, $5) RETURNING "id"[0m  [["name", "Youth Meeting"], ["scope_level", "UC"], ["compulsory_per_month", 1], ["is_active", true], ["created_at", "2026-05-17 10:48:02.944029"]]
  [1m[36mTRANSACTION (0.2ms)[0m  [1m[35mCOMMIT[0m
  [1m[36mActivityDefinition Load (0.1ms)[0m  [1m[34mSELECT "activity_definitions".* FROM "activity_definitions" WHERE "activity_definitions"."name" = $1 AND "activity_definitions"."scope_level" = $2 LIMIT $3[0m  [["name", "Study Circle"], ["scope_level", "UC"], ["LIMIT", 1]]
  [1m[36mTRANSACTION (0.0ms)[0m  [1m[35mBEGIN[0m
  [1m[36mActivityDefinition Create (0.6ms)[0m  [1m[32mINSERT INTO "activity_definitions" ("name", "scope_level", "compulsory_per_month", "is_active", "created_at") VALUES ($1, $2, $3, $4, $5) RETURNING "id"[0m  [["name", "Study Circle"], ["scope_level", "UC"], ["compulsory_per_month", 0], ["is_active", true], ["created_at", "2026-05-17 10:48:02.946129"]]
  [1m[36mTRANSACTION (0.1ms)[0m  [1m[35mCOMMIT[0m
  [1m[36mActivityDefinition Load (0.1ms)[0m  [1m[34mSELECT "activity_definitions".* FROM "activity_definitions" WHERE "activity_definitions"."name" = $1 AND "activity_definitions"."scope_level" = $2 LIMIT $3[0m  [["name", "Sports Event"], ["scope_level", "UC"], ["LIMIT", 1]]
  [1m[36mTRANSACTION (0.0ms)[0m  [1m[35mBEGIN[0m
  [1m[36mActivityDefinition Create (0.6ms)[0m  [1m[32mINSERT INTO "activity_definitions" ("name", "scope_level", "compulsory_per_month", "is_active", "created_at") VALUES ($1, $2, $3, $4, $5) RETURNING "id"[0m  [["name", "Sports Event"], ["scope_level", "UC"], ["compulsory_per_month", 0], ["is_active", true], ["created_at", "2026-05-17 10:48:02.948046"]]
  [1m[36mTRANSACTION (0.2ms)[0m  [1m[35mCOMMIT[0m
  [1m[36mFormSection Load (1.2ms)[0m  [1m[34mSELECT "form_sections".* FROM "form_sections" WHERE "form_sections"."key" = $1 LIMIT $2[0m  [["key", "leadership"], ["LIMIT", 1]]
  [1m[36mTRANSACTION (0.0ms)[0m  [1m[35mBEGIN[0m
  [1m[36mFormSection Exists? (0.2ms)[0m  [1m[34mSELECT 1 AS one FROM "form_sections" WHERE "form_sections"."key" = $1 LIMIT $2[0m  [["key", "leadership"], ["LIMIT", 1]]
  [1m[36mFormSection Exists? (0.3ms)[0m  [1m[34mSELECT 1 AS one FROM "form_sections" WHERE "form_sections"."order_index" = $1 AND "form_sections"."scope_level" = $2 LIMIT $3[0m  [["order_index", 1], ["scope_level", "UC"], ["LIMIT", 1]]
  [1m[36mFormSection Create (0.4ms)[0m  [1m[32mINSERT INTO "form_sections" ("key", "label", "scope_level", "order_index", "is_active", "created_at") VALUES ($1, $2, $3, $4, $5, $6) RETURNING "id"[0m  [["key", "leadership"], ["label", "Leadership Info"], ["scope_level", "UC"], ["order_index", 1], ["is_active", true], ["created_at", "2026-05-17 10:48:02.960339"]]
  [1m[36mTRANSACTION (0.2ms)[0m  [1m[35mCOMMIT[0m
  [1m[36mFormSection Load (0.1ms)[0m  [1m[34mSELECT "form_sections".* FROM "form_sections" WHERE "form_sections"."key" = $1 LIMIT $2[0m  [["key", "youth_meeting"], ["LIMIT", 1]]
  [1m[36mTRANSACTION (0.0ms)[0m  [1m[35mBEGIN[0m
  [1m[36mFormSection Exists? (0.5ms)[0m  [1m[34mSELECT 1 AS one FROM "form_sections" WHERE "form_sections"."key" = $1 LIMIT $2[0m  [["key", "youth_meeting"], ["LIMIT", 1]]
  [1m[36mFormSection Exists? (0.3ms)[0m  [1m[34mSELECT 1 AS one FROM "form_sections" WHERE "form_sections"."order_index" = $1 AND "form_sections"."scope_level" = $2 LIMIT $3[0m  [["order_index", 2], ["scope_level", "UC"], ["LIMIT", 1]]
  [1m[36mFormSection Create (0.2ms)[0m  [1m[32mINSERT INTO "form_sections" ("key", "label", "scope_level", "order_index", "is_active", "created_at") VALUES ($1, $2, $3, $4, $5, $6) RETURNING "id"[0m  [["key", "youth_meeting"], ["label", "Monthly Youth Meeting"], ["scope_level", "UC"], ["order_index", 2], ["is_active", true], ["created_at", "2026-05-17 10:48:02.963830"]]
  [1m[36mTRANSACTION (0.3ms)[0m  [1m[35mCOMMIT[0m
  [1m[36mFormSection Load (0.1ms)[0m  [1m[34mSELECT "form_sections".* FROM "form_sections" WHERE "form_sections"."key" = $1 LIMIT $2[0m  [["key", "team_changes"], ["LIMIT", 1]]
  [1m[36mTRANSACTION (0.1ms)[0m  [1m[35mBEGIN[0m
  [1m[36mFormSection Exists? (0.5ms)[0m  [1m[34mSELECT 1 AS one FROM "form_sections" WHERE "form_sections"."key" = $1 LIMIT $2[0m  [["key", "team_changes"], ["LIMIT", 1]]
  [1m[36mFormSection Exists? (0.1ms)[0m  [1m[34mSELECT 1 AS one FROM "form_sections" WHERE "form_sections"."order_index" = $1 AND "form_sections"."scope_level" = $2 LIMIT $3[0m  [["order_index", 3], ["scope_level", "UC"], ["LIMIT", 1]]
  [1m[36mFormSection Create (0.2ms)[0m  [1m[32mINSERT INTO "form_sections" ("key", "label", "scope_level", "order_index", "is_active", "created_at") VALUES ($1, $2, $3, $4, $5, $6) RETURNING "id"[0m  [["key", "team_changes"], ["label", "Team Changes"], ["scope_level", "UC"], ["order_index", 3], ["is_active", true], ["created_at", "2026-05-17 10:48:02.966871"]]
  [1m[36mTRANSACTION (0.2ms)[0m  [1m[35mCOMMIT[0m
  [1m[36mFormSection Load (0.1ms)[0m  [1m[34mSELECT "form_sections".* FROM "form_sections" WHERE "form_sections"."key" = $1 LIMIT $2[0m  [["key", "activities"], ["LIMIT", 1]]
  [1m[36mTRANSACTION (0.0ms)[0m  [1m[35mBEGIN[0m
  [1m[36mFormSection Exists? (0.5ms)[0m  [1m[34mSELECT 1 AS one FROM "form_sections" WHERE "form_sections"."key" = $1 LIMIT $2[0m  [["key", "activities"], ["LIMIT", 1]]
  [1m[36mFormSection Exists? (0.1ms)[0m  [1m[34mSELECT 1 AS one FROM "form_sections" WHERE "form_sections"."order_index" = $1 AND "form_sections"."scope_level" = $2 LIMIT $3[0m  [["order_index", 4], ["scope_level", "UC"], ["LIMIT", 1]]
  [1m[36mFormSection Create (0.1ms)[0m  [1m[32mINSERT INTO "form_sections" ("key", "label", "scope_level", "order_index", "is_active", "created_at") VALUES ($1, $2, $3, $4, $5, $6) RETURNING "id"[0m  [["key", "activities"], ["label", "Activities"], ["scope_level", "UC"], ["order_index", 4], ["is_active", true], ["created_at", "2026-05-17 10:48:02.969807"]]
  [1m[36mTRANSACTION (0.1ms)[0m  [1m[35mCOMMIT[0m
  [1m[36mFormSection Load (0.1ms)[0m  [1m[34mSELECT "form_sections".* FROM "form_sections" WHERE "form_sections"."key" = $1 LIMIT $2[0m  [["key", "zone_summary"], ["LIMIT", 1]]
  [1m[36mTRANSACTION (0.0ms)[0m  [1m[35mBEGIN[0m
  [1m[36mFormSection Exists? (0.5ms)[0m  [1m[34mSELECT 1 AS one FROM "form_sections" WHERE "form_sections"."key" = $1 LIMIT $2[0m  [["key", "zone_summary"], ["LIMIT", 1]]
  [1m[36mFormSection Exists? (0.1ms)[0m  [1m[34mSELECT 1 AS one FROM "form_sections" WHERE "form_sections"."order_index" = $1 AND "form_sections"."scope_level" = $2 LIMIT $3[0m  [["order_index", 1], ["scope_level", "Zone"], ["LIMIT", 1]]
  [1m[36mFormSection Create (0.1ms)[0m  [1m[32mINSERT INTO "form_sections" ("key", "label", "scope_level", "order_index", "is_active", "created_at") VALUES ($1, $2, $3, $4, $5, $6) RETURNING "id"[0m  [["key", "zone_summary"], ["label", "Zone Summary"], ["scope_level", "Zone"], ["order_index", 1], ["is_active", true], ["created_at", "2026-05-17 10:48:02.972467"]]
  [1m[36mTRANSACTION (0.1ms)[0m  [1m[35mCOMMIT[0m
  [1m[36mFormSection Load (0.1ms)[0m  [1m[34mSELECT "form_sections".* FROM "form_sections" WHERE "form_sections"."key" = $1 LIMIT $2[0m  [["key", "zone_activities"], ["LIMIT", 1]]
  [1m[36mTRANSACTION (0.0ms)[0m  [1m[35mBEGIN[0m
  [1m[36mFormSection Exists? (0.5ms)[0m  [1m[34mSELECT 1 AS one FROM "form_sections" WHERE "form_sections"."key" = $1 LIMIT $2[0m  [["key", "zone_activities"], ["LIMIT", 1]]
  [1m[36mFormSection Exists? (0.1ms)[0m  [1m[34mSELECT 1 AS one FROM "form_sections" WHERE "form_sections"."order_index" = $1 AND "form_sections"."scope_level" = $2 LIMIT $3[0m  [["order_index", 2], ["scope_level", "Zone"], ["LIMIT", 1]]
  [1m[36mFormSection Create (0.1ms)[0m  [1m[32mINSERT INTO "form_sections" ("key", "label", "scope_level", "order_index", "is_active", "created_at") VALUES ($1, $2, $3, $4, $5, $6) RETURNING "id"[0m  [["key", "zone_activities"], ["label", "Zone Activities"], ["scope_level", "Zone"], ["order_index", 2], ["is_active", true], ["created_at", "2026-05-17 10:48:02.975045"]]
  [1m[36mTRANSACTION (0.2ms)[0m  [1m[35mCOMMIT[0m
  [1m[36mFormSection Load (0.1ms)[0m  [1m[34mSELECT "form_sections".* FROM "form_sections" WHERE "form_sections"."key" = $1 LIMIT $2[0m  [["key", "zila_summary"], ["LIMIT", 1]]
  [1m[36mTRANSACTION (0.1ms)[0m  [1m[35mBEGIN[0m
  [1m[36mFormSection Exists? (0.5ms)[0m  [1m[34mSELECT 1 AS one FROM "form_sections" WHERE "form_sections"."key" = $1 LIMIT $2[0m  [["key", "zila_summary"], ["LIMIT", 1]]
  [1m[36mFormSection Exists? (0.1ms)[0m  [1m[34mSELECT 1 AS one FROM "form_sections" WHERE "form_sections"."order_index" = $1 AND "form_sections"."scope_level" = $2 LIMIT $3[0m  [["order_index", 1], ["scope_level", "Zila"], ["LIMIT", 1]]
  [1m[36mFormSection Create (0.1ms)[0m  [1m[32mINSERT INTO "form_sections" ("key", "label", "scope_level", "order_index", "is_active", "created_at") VALUES ($1, $2, $3, $4, $5, $6) RETURNING "id"[0m  [["key", "zila_summary"], ["label", "Zila Summary"], ["scope_level", "Zila"], ["order_index", 1], ["is_active", true], ["created_at", "2026-05-17 10:48:02.977611"]]
  [1m[36mTRANSACTION (0.1ms)[0m  [1m[35mCOMMIT[0m
  [1m[36mFormField Load (0.7ms)[0m  [1m[34mSELECT "form_fields".* FROM "form_fields" WHERE "form_fields"."key" = $1 LIMIT $2[0m  [["key", "president_member_id"], ["LIMIT", 1]]
  [1m[36mTRANSACTION (0.0ms)[0m  [1m[35mBEGIN[0m
  [1m[36mFormField Exists? (0.1ms)[0m  [1m[34mSELECT 1 AS one FROM "form_fields" WHERE "form_fields"."key" = $1 LIMIT $2[0m  [["key", "president_member_id"], ["LIMIT", 1]]
  [1m[36mFormField Create (0.4ms)[0m  [1m[32mINSERT INTO "form_fields" ("key", "label", "field_type", "is_required", "prefill_source", "options", "validation", "helper_text", "is_active", "created_at") VALUES ($1, $2, $3, $4, $5, $6, $7, $8, $9, $10) RETURNING "id"[0m  [["key", "president_member_id"], ["label", "President (Sadar)"], ["field_type", "member_picker"], ["is_required", true], ["prefill_source", "unit.president_id"], ["options", nil], ["validation", nil], ["helper_text", nil], ["is_active", true], ["created_at", "2026-05-17 10:48:02.987094"]]
  [1m[36mTRANSACTION (0.2ms)[0m  [1m[35mCOMMIT[0m
  [1m[36mFormField Load (0.1ms)[0m  [1m[34mSELECT "form_fields".* FROM "form_fields" WHERE "form_fields"."key" = $1 LIMIT $2[0m  [["key", "secretary_member_id"], ["LIMIT", 1]]
  [1m[36mTRANSACTION (0.0ms)[0m  [1m[35mBEGIN[0m
  [1m[36mFormField Exists? (0.4ms)[0m  [1m[34mSELECT 1 AS one FROM "form_fields" WHERE "form_fields"."key" = $1 LIMIT $2[0m  [["key", "secretary_member_id"], ["LIMIT", 1]]
  [1m[36mFormField Create (0.2ms)[0m  [1m[32mINSERT INTO "form_fields" ("key", "label", "field_type", "is_required", "prefill_source", "options", "validation", "helper_text", "is_active", "created_at") VALUES ($1, $2, $3, $4, $5, $6, $7, $8, $9, $10) RETURNING "id"[0m  [["key", "secretary_member_id"], ["label", "Secretary"], ["field_type", "member_picker"], ["is_required", true], ["prefill_source", "last_report.secretary_member_id"], ["options", nil], ["validation", nil], ["helper_text", "Prefilled from last month's report. Change if needed."], ["is_active", true], ["created_at", "2026-05-17 10:48:02.989615"]]
  [1m[36mTRANSACTION (0.3ms)[0m  [1m[35mCOMMIT[0m
  [1m[36mFormField Load (0.1ms)[0m  [1m[34mSELECT "form_fields".* FROM "form_fields" WHERE "form_fields"."key" = $1 LIMIT $2[0m  [["key", "youth_meeting_held"], ["LIMIT", 1]]
  [1m[36mTRANSACTION (0.0ms)[0m  [1m[35mBEGIN[0m
  [1m[36mFormField Exists? (0.4ms)[0m  [1m[34mSELECT 1 AS one FROM "form_fields" WHERE "form_fields"."key" = $1 LIMIT $2[0m  [["key", "youth_meeting_held"], ["LIMIT", 1]]
  [1m[36mFormField Create (0.2ms)[0m  [1m[32mINSERT INTO "form_fields" ("key", "label", "field_type", "is_required", "prefill_source", "options", "validation", "helper_text", "is_active", "created_at") VALUES ($1, $2, $3, $4, $5, $6, $7, $8, $9, $10) RETURNING "id"[0m  [["key", "youth_meeting_held"], ["label", "Was youth meeting held?"], ["field_type", "boolean"], ["is_required", true], ["prefill_source", nil], ["options", nil], ["validation", nil], ["helper_text", nil], ["is_active", true], ["created_at", "2026-05-17 10:48:02.991892"]]
  [1m[36mTRANSACTION (0.2ms)[0m  [1m[35mCOMMIT[0m
  [1m[36mFormField Load (0.1ms)[0m  [1m[34mSELECT "form_fields".* FROM "form_fields" WHERE "form_fields"."key" = $1 LIMIT $2[0m  [["key", "youth_meeting_date"], ["LIMIT", 1]]
  [1m[36mTRANSACTION (0.0ms)[0m  [1m[35mBEGIN[0m
  [1m[36mFormField Exists? (0.4ms)[0m  [1m[34mSELECT 1 AS one FROM "form_fields" WHERE "form_fields"."key" = $1 LIMIT $2[0m  [["key", "youth_meeting_date"], ["LIMIT", 1]]
  [1m[36mFormField Create (0.2ms)[0m  [1m[32mINSERT INTO "form_fields" ("key", "label", "field_type", "is_required", "prefill_source", "options", "validation", "helper_text", "is_active", "created_at") VALUES ($1, $2, $3, $4, $5, $6, $7, $8, $9, $10) RETURNING "id"[0m  [["key", "youth_meeting_date"], ["label", "Meeting date"], ["field_type", "date"], ["is_required", false], ["prefill_source", nil], ["options", nil], ["validation", nil], ["helper_text", "Required if meeting was held."], ["is_active", true], ["created_at", "2026-05-17 10:48:02.994044"]]
  [1m[36mTRANSACTION (0.1ms)[0m  [1m[35mCOMMIT[0m
  [1m[36mFormField Load (0.1ms)[0m  [1m[34mSELECT "form_fields".* FROM "form_fields" WHERE "form_fields"."key" = $1 LIMIT $2[0m  [["key", "rukan_count"], ["LIMIT", 1]]
  [1m[36mTRANSACTION (0.0ms)[0m  [1m[35mBEGIN[0m
  [1m[36mFormField Exists? (0.5ms)[0m  [1m[34mSELECT 1 AS one FROM "form_fields" WHERE "form_fields"."key" = $1 LIMIT $2[0m  [["key", "rukan_count"], ["LIMIT", 1]]
  [1m[36mFormField Create (1.3ms)[0m  [1m[32mINSERT INTO "form_fields" ("key", "label", "field_type", "is_required", "prefill_source", "options", "validation", "helper_text", "is_active", "created_at") VALUES ($1, $2, $3, $4, $5, $6, $7, $8, $9, $10) RETURNING "id"[0m  [["key", "rukan_count"], ["label", "Rukan count"], ["field_type", "number"], ["is_required", false], ["prefill_source", nil], ["options", nil], ["validation", "{\"min\":0}"], ["helper_text", nil], ["is_active", true], ["created_at", "2026-05-17 10:48:02.996049"]]
  [1m[36mTRANSACTION (0.3ms)[0m  [1m[35mCOMMIT[0m
  [1m[36mFormField Load (0.1ms)[0m  [1m[34mSELECT "form_fields".* FROM "form_fields" WHERE "form_fields"."key" = $1 LIMIT $2[0m  [["key", "umeedwar_count"], ["LIMIT", 1]]
  [1m[36mTRANSACTION (0.0ms)[0m  [1m[35mBEGIN[0m
  [1m[36mFormField Exists? (0.5ms)[0m  [1m[34mSELECT 1 AS one FROM "form_fields" WHERE "form_fields"."key" = $1 LIMIT $2[0m  [["key", "umeedwar_count"], ["LIMIT", 1]]
  [1m[36mFormField Create (0.1ms)[0m  [1m[32mINSERT INTO "form_fields" ("key", "label", "field_type", "is_required", "prefill_source", "options", "validation", "helper_text", "is_active", "created_at") VALUES ($1, $2, $3, $4, $5, $6, $7, $8, $9, $10) RETURNING "id"[0m  [["key", "umeedwar_count"], ["label", "Umeedwar count"], ["field_type", "number"], ["is_required", false], ["prefill_source", nil], ["options", nil], ["validation", "{\"min\":0}"], ["helper_text", nil], ["is_active", true], ["created_at", "2026-05-17 10:48:02.999587"]]
  [1m[36mTRANSACTION (0.1ms)[0m  [1m[35mCOMMIT[0m
  [1m[36mFormField Load (0.0ms)[0m  [1m[34mSELECT "form_fields".* FROM "form_fields" WHERE "form_fields"."key" = $1 LIMIT $2[0m  [["key", "youth_member_count"], ["LIMIT", 1]]
  [1m[36mTRANSACTION (0.0ms)[0m  [1m[35mBEGIN[0m
  [1m[36mFormField Exists? (0.4ms)[0m  [1m[34mSELECT 1 AS one FROM "form_fields" WHERE "form_fields"."key" = $1 LIMIT $2[0m  [["key", "youth_member_count"], ["LIMIT", 1]]
  [1m[36mFormField Create (0.2ms)[0m  [1m[32mINSERT INTO "form_fields" ("key", "label", "field_type", "is_required", "prefill_source", "options", "validation", "helper_text", "is_active", "created_at") VALUES ($1, $2, $3, $4, $5, $6, $7, $8, $9, $10) RETURNING "id"[0m  [["key", "youth_member_count"], ["label", "Youth members"], ["field_type", "number"], ["is_required", false], ["prefill_source", nil], ["options", nil], ["validation", "{\"min\":0}"], ["helper_text", nil], ["is_active", true], ["created_at", "2026-05-17 10:48:03.001482"]]
  [1m[36mTRANSACTION (0.1ms)[0m  [1m[35mCOMMIT[0m
  [1m[36mFormField Load (0.1ms)[0m  [1m[34mSELECT "form_fields".* FROM "form_fields" WHERE "form_fields"."key" = $1 LIMIT $2[0m  [["key", "activities"], ["LIMIT", 1]]
  [1m[36mTRANSACTION (0.0ms)[0m  [1m[35mBEGIN[0m
  [1m[36mFormField Exists? (0.4ms)[0m  [1m[34mSELECT 1 AS one FROM "form_fields" WHERE "form_fields"."key" = $1 LIMIT $2[0m  [["key", "activities"], ["LIMIT", 1]]
  [1m[36mFormField Create (0.1ms)[0m  [1m[32mINSERT INTO "form_fields" ("key", "label", "field_type", "is_required", "prefill_source", "options", "validation", "helper_text", "is_active", "created_at") VALUES ($1, $2, $3, $4, $5, $6, $7, $8, $9, $10) RETURNING "id"[0m  [["key", "activities"], ["label", "Activities"], ["field_type", "activity_list"], ["is_required", false], ["prefill_source", nil], ["options", nil], ["validation", nil], ["helper_text", "Add all activities conducted this month. Compulsory activities are marked."], ["is_active", true], ["created_at", "2026-05-17 10:48:03.003580"]]
  [1m[36mTRANSACTION (0.2ms)[0m  [1m[35mCOMMIT[0m
  [1m[36mFormSectionField Load (16.3ms)[0m  [1m[34mSELECT "form_section_fields".* FROM "form_section_fields" WHERE "form_section_fields"."section_id" = $1 AND "form_section_fields"."field_id" = $2 LIMIT $3[0m  [["section_id", "584e069c-3f5e-49c9-bbf3-e0de4bef6007"], ["field_id", "472bfe92-655d-4cbe-b6ec-3de2f93e4257"], ["LIMIT", 1]]
  [1m[36mTRANSACTION (0.1ms)[0m  [1m[35mBEGIN[0m
  [1m[36mFormSectionField Exists? (0.4ms)[0m  [1m[34mSELECT 1 AS one FROM "form_section_fields" WHERE "form_section_fields"."section_id" = $1 AND "form_section_fields"."field_id" = $2 LIMIT $3[0m  [["section_id", "584e069c-3f5e-49c9-bbf3-e0de4bef6007"], ["field_id", "472bfe92-655d-4cbe-b6ec-3de2f93e4257"], ["LIMIT", 1]]
  [1m[36mFormSectionField Exists? (22.9ms)[0m  [1m[34mSELECT 1 AS one FROM "form_section_fields" WHERE "form_section_fields"."order_index" = $1 AND "form_section_fields"."section_id" = $2 LIMIT $3[0m  [["order_index", 1], ["section_id", "584e069c-3f5e-49c9-bbf3-e0de4bef6007"], ["LIMIT", 1]]
  [1m[36mFormSectionField Create (0.7ms)[0m  [1m[32mINSERT INTO "form_section_fields" ("section_id", "field_id", "order_index", "created_at") VALUES ($1, $2, $3, $4) RETURNING "id"[0m  [["section_id", "584e069c-3f5e-49c9-bbf3-e0de4bef6007"], ["field_id", "472bfe92-655d-4cbe-b6ec-3de2f93e4257"], ["order_index", 1], ["created_at", "2026-05-17 10:48:03.071051"]]
  [1m[36mTRANSACTION (0.2ms)[0m  [1m[35mCOMMIT[0m
  [1m[36mFormSectionField Load (0.1ms)[0m  [1m[34mSELECT "form_section_fields".* FROM "form_section_fields" WHERE "form_section_fields"."section_id" = $1 AND "form_section_fields"."field_id" = $2 LIMIT $3[0m  [["section_id", "584e069c-3f5e-49c9-bbf3-e0de4bef6007"], ["field_id", "a8e96bc7-b96b-4b87-b163-e3e98a70845a"], ["LIMIT", 1]]
  [1m[36mTRANSACTION (0.0ms)[0m  [1m[35mBEGIN[0m
  [1m[36mFormSectionField Exists? (0.5ms)[0m  [1m[34mSELECT 1 AS one FROM "form_section_fields" WHERE "form_section_fields"."section_id" = $1 AND "form_section_fields"."field_id" = $2 LIMIT $3[0m  [["section_id", "584e069c-3f5e-49c9-bbf3-e0de4bef6007"], ["field_id", "a8e96bc7-b96b-4b87-b163-e3e98a70845a"], ["LIMIT", 1]]
  [1m[36mFormSectionField Exists? (0.1ms)[0m  [1m[34mSELECT 1 AS one FROM "form_section_fields" WHERE "form_section_fields"."order_index" = $1 AND "form_section_fields"."section_id" = $2 LIMIT $3[0m  [["order_index", 2], ["section_id", "584e069c-3f5e-49c9-bbf3-e0de4bef6007"], ["LIMIT", 1]]
  [1m[36mFormSectionField Create (0.2ms)[0m  [1m[32mINSERT INTO "form_section_fields" ("section_id", "field_id", "order_index", "created_at") VALUES ($1, $2, $3, $4) RETURNING "id"[0m  [["section_id", "584e069c-3f5e-49c9-bbf3-e0de4bef6007"], ["field_id", "a8e96bc7-b96b-4b87-b163-e3e98a70845a"], ["order_index", 2], ["created_at", "2026-05-17 10:48:03.075117"]]
  [1m[36mTRANSACTION (0.1ms)[0m  [1m[35mCOMMIT[0m
  [1m[36mFormSectionField Load (0.1ms)[0m  [1m[34mSELECT "form_section_fields".* FROM "form_section_fields" WHERE "form_section_fields"."section_id" = $1 AND "form_section_fields"."field_id" = $2 LIMIT $3[0m  [["section_id", "e06e24df-75ad-4e74-b58a-28d413946830"], ["field_id", "38d96e6c-993c-4db7-9d8c-f16e25ed05a1"], ["LIMIT", 1]]
  [1m[36mTRANSACTION (0.0ms)[0m  [1m[35mBEGIN[0m
  [1m[36mFormSectionField Exists? (0.5ms)[0m  [1m[34mSELECT 1 AS one FROM "form_section_fields" WHERE "form_section_fields"."section_id" = $1 AND "form_section_fields"."field_id" = $2 LIMIT $3[0m  [["section_id", "e06e24df-75ad-4e74-b58a-28d413946830"], ["field_id", "38d96e6c-993c-4db7-9d8c-f16e25ed05a1"], ["LIMIT", 1]]
  [1m[36mFormSectionField Exists? (0.1ms)[0m  [1m[34mSELECT 1 AS one FROM "form_section_fields" WHERE "form_section_fields"."order_index" = $1 AND "form_section_fields"."section_id" = $2 LIMIT $3[0m  [["order_index", 1], ["section_id", "e06e24df-75ad-4e74-b58a-28d413946830"], ["LIMIT", 1]]
  [1m[36mFormSectionField Create (0.2ms)[0m  [1m[32mINSERT INTO "form_section_fields" ("section_id", "field_id", "order_index", "created_at") VALUES ($1, $2, $3, $4) RETURNING "id"[0m  [["section_id", "e06e24df-75ad-4e74-b58a-28d413946830"], ["field_id", "38d96e6c-993c-4db7-9d8c-f16e25ed05a1"], ["order_index", 1], ["created_at", "2026-05-17 10:48:03.078192"]]
  [1m[36mTRANSACTION (0.1ms)[0m  [1m[35mCOMMIT[0m
  [1m[36mFormSectionField Load (0.1ms)[0m  [1m[34mSELECT "form_section_fields".* FROM "form_section_fields" WHERE "form_section_fields"."section_id" = $1 AND "form_section_fields"."field_id" = $2 LIMIT $3[0m  [["section_id", "e06e24df-75ad-4e74-b58a-28d413946830"], ["field_id", "427b564e-7200-49cb-940d-593a9baf8b36"], ["LIMIT", 1]]
  [1m[36mTRANSACTION (0.0ms)[0m  [1m[35mBEGIN[0m
  [1m[36mFormSectionField Exists? (0.4ms)[0m  [1m[34mSELECT 1 AS one FROM "form_section_fields" WHERE "form_section_fields"."section_id" = $1 AND "form_section_fields"."field_id" = $2 LIMIT $3[0m  [["section_id", "e06e24df-75ad-4e74-b58a-28d413946830"], ["field_id", "427b564e-7200-49cb-940d-593a9baf8b36"], ["LIMIT", 1]]
  [1m[36mFormSectionField Exists? (0.1ms)[0m  [1m[34mSELECT 1 AS one FROM "form_section_fields" WHERE "form_section_fields"."order_index" = $1 AND "form_section_fields"."section_id" = $2 LIMIT $3[0m  [["order_index", 2], ["section_id", "e06e24df-75ad-4e74-b58a-28d413946830"], ["LIMIT", 1]]
  [1m[36mFormSectionField Create (0.3ms)[0m  [1m[32mINSERT INTO "form_section_fields" ("section_id", "field_id", "order_index", "created_at") VALUES ($1, $2, $3, $4) RETURNING "id"[0m  [["section_id", "e06e24df-75ad-4e74-b58a-28d413946830"], ["field_id", "427b564e-7200-49cb-940d-593a9baf8b36"], ["order_index", 2], ["created_at", "2026-05-17 10:48:03.080983"]]
  [1m[36mTRANSACTION (0.2ms)[0m  [1m[35mCOMMIT[0m
  [1m[36mFormSectionField Load (0.1ms)[0m  [1m[34mSELECT "form_section_fields".* FROM "form_section_fields" WHERE "form_section_fields"."section_id" = $1 AND "form_section_fields"."field_id" = $2 LIMIT $3[0m  [["section_id", "60db933d-1031-45a5-b72c-a80a47b96578"], ["field_id", "f647bf05-a7e6-4ff0-8c05-9cf7c3d4aa6b"], ["LIMIT", 1]]
  [1m[36mTRANSACTION (0.0ms)[0m  [1m[35mBEGIN[0m
  [1m[36mFormSectionField Exists? (0.5ms)[0m  [1m[34mSELECT 1 AS one FROM "form_section_fields" WHERE "form_section_fields"."section_id" = $1 AND "form_section_fields"."field_id" = $2 LIMIT $3[0m  [["section_id", "60db933d-1031-45a5-b72c-a80a47b96578"], ["field_id", "f647bf05-a7e6-4ff0-8c05-9cf7c3d4aa6b"], ["LIMIT", 1]]
  [1m[36mFormSectionField Exists? (0.1ms)[0m  [1m[34mSELECT 1 AS one FROM "form_section_fields" WHERE "form_section_fields"."order_index" = $1 AND "form_section_fields"."section_id" = $2 LIMIT $3[0m  [["order_index", 1], ["section_id", "60db933d-1031-45a5-b72c-a80a47b96578"], ["LIMIT", 1]]
  [1m[36mFormSectionField Create (0.2ms)[0m  [1m[32mINSERT INTO "form_section_fields" ("section_id", "field_id", "order_index", "created_at") VALUES ($1, $2, $3, $4) RETURNING "id"[0m  [["section_id", "60db933d-1031-45a5-b72c-a80a47b96578"], ["field_id", "f647bf05-a7e6-4ff0-8c05-9cf7c3d4aa6b"], ["order_index", 1], ["created_at", "2026-05-17 10:48:03.083872"]]
  [1m[36mTRANSACTION (0.1ms)[0m  [1m[35mCOMMIT[0m
  [1m[36mFormSectionField Load (0.2ms)[0m  [1m[34mSELECT "form_section_fields".* FROM "form_section_fields" WHERE "form_section_fields"."section_id" = $1 AND "form_section_fields"."field_id" = $2 LIMIT $3[0m  [["section_id", "60db933d-1031-45a5-b72c-a80a47b96578"], ["field_id", "cb1535a0-69c3-45fc-9601-9203daf2422d"], ["LIMIT", 1]]
  [1m[36mTRANSACTION (0.0ms)[0m  [1m[35mBEGIN[0m
  [1m[36mFormSectionField Exists? (0.6ms)[0m  [1m[34mSELECT 1 AS one FROM "form_section_fields" WHERE "form_section_fields"."section_id" = $1 AND "form_section_fields"."field_id" = $2 LIMIT $3[0m  [["section_id", "60db933d-1031-45a5-b72c-a80a47b96578"], ["field_id", "cb1535a0-69c3-45fc-9601-9203daf2422d"], ["LIMIT", 1]]
  [1m[36mFormSectionField Exists? (0.1ms)[0m  [1m[34mSELECT 1 AS one FROM "form_section_fields" WHERE "form_section_fields"."order_index" = $1 AND "form_section_fields"."section_id" = $2 LIMIT $3[0m  [["order_index", 2], ["section_id", "60db933d-1031-45a5-b72c-a80a47b96578"], ["LIMIT", 1]]
  [1m[36mFormSectionField Create (11.4ms)[0m  [1m[32mINSERT INTO "form_section_fields" ("section_id", "field_id", "order_index", "created_at") VALUES ($1, $2, $3, $4) RETURNING "id"[0m  [["section_id", "60db933d-1031-45a5-b72c-a80a47b96578"], ["field_id", "cb1535a0-69c3-45fc-9601-9203daf2422d"], ["order_index", 2], ["created_at", "2026-05-17 10:48:03.086820"]]
  [1m[36mTRANSACTION (0.4ms)[0m  [1m[35mCOMMIT[0m
  [1m[36mFormSectionField Load (0.1ms)[0m  [1m[34mSELECT "form_section_fields".* FROM "form_section_fields" WHERE "form_section_fields"."section_id" = $1 AND "form_section_fields"."field_id" = $2 LIMIT $3[0m  [["section_id", "60db933d-1031-45a5-b72c-a80a47b96578"], ["field_id", "c66e161c-7d21-4d4f-a8d9-12a6a1678395"], ["LIMIT", 1]]
  [1m[36mTRANSACTION (0.0ms)[0m  [1m[35mBEGIN[0m
  [1m[36mFormSectionField Exists? (0.5ms)[0m  [1m[34mSELECT 1 AS one FROM "form_section_fields" WHERE "form_section_fields"."section_id" = $1 AND "form_section_fields"."field_id" = $2 LIMIT $3[0m  [["section_id", "60db933d-1031-45a5-b72c-a80a47b96578"], ["field_id", "c66e161c-7d21-4d4f-a8d9-12a6a1678395"], ["LIMIT", 1]]
  [1m[36mFormSectionField Exists? (0.1ms)[0m  [1m[34mSELECT 1 AS one FROM "form_section_fields" WHERE "form_section_fields"."order_index" = $1 AND "form_section_fields"."section_id" = $2 LIMIT $3[0m  [["order_index", 3], ["section_id", "60db933d-1031-45a5-b72c-a80a47b96578"], ["LIMIT", 1]]
  [1m[36mFormSectionField Create (0.2ms)[0m  [1m[32mINSERT INTO "form_section_fields" ("section_id", "field_id", "order_index", "created_at") VALUES ($1, $2, $3, $4) RETURNING "id"[0m  [["section_id", "60db933d-1031-45a5-b72c-a80a47b96578"], ["field_id", "c66e161c-7d21-4d4f-a8d9-12a6a1678395"], ["order_index", 3], ["created_at", "2026-05-17 10:48:03.101731"]]
  [1m[36mTRANSACTION (0.1ms)[0m  [1m[35mCOMMIT[0m
  [1m[36mFormSectionField Load (0.0ms)[0m  [1m[34mSELECT "form_section_fields".* FROM "form_section_fields" WHERE "form_section_fields"."section_id" = $1 AND "form_section_fields"."field_id" = $2 LIMIT $3[0m  [["section_id", "5f2cfbff-0cb9-4d0b-a262-68b88497ff52"], ["field_id", "344f8773-ced5-42eb-a037-3700232545f2"], ["LIMIT", 1]]
  [1m[36mTRANSACTION (0.0ms)[0m  [1m[35mBEGIN[0m
  [1m[36mFormSectionField Exists? (2.4ms)[0m  [1m[34mSELECT 1 AS one FROM "form_section_fields" WHERE "form_section_fields"."section_id" = $1 AND "form_section_fields"."field_id" = $2 LIMIT $3[0m  [["section_id", "5f2cfbff-0cb9-4d0b-a262-68b88497ff52"], ["field_id", "344f8773-ced5-42eb-a037-3700232545f2"], ["LIMIT", 1]]
  [1m[36mFormSectionField Exists? (0.2ms)[0m  [1m[34mSELECT 1 AS one FROM "form_section_fields" WHERE "form_section_fields"."order_index" = $1 AND "form_section_fields"."section_id" = $2 LIMIT $3[0m  [["order_index", 1], ["section_id", "5f2cfbff-0cb9-4d0b-a262-68b88497ff52"], ["LIMIT", 1]]
  [1m[36mFormSectionField Create (0.3ms)[0m  [1m[32mINSERT INTO "form_section_fields" ("section_id", "field_id", "order_index", "created_at") VALUES ($1, $2, $3, $4) RETURNING "id"[0m  [["section_id", "5f2cfbff-0cb9-4d0b-a262-68b88497ff52"], ["field_id", "344f8773-ced5-42eb-a037-3700232545f2"], ["order_index", 1], ["created_at", "2026-05-17 10:48:03.107188"]]
  [1m[36mTRANSACTION (0.2ms)[0m  [1m[35mCOMMIT[0m
  [1m[36mActiveRecord::SchemaMigration Load (3.6ms)[0m  [1m[34mSELECT "schema_migrations"."version" FROM "schema_migrations" ORDER BY "schema_migrations"."version" ASC[0m
  [1m[36mActiveRecord::InternalMetadata Load (1.8ms)[0m  [1m[34mSELECT * FROM "ar_internal_metadata" WHERE "ar_internal_metadata"."key" = $1 ORDER BY "ar_internal_metadata"."key" ASC LIMIT 1[0m  [[nil, "environment"]]
  [1m[36mActiveRecord::SchemaMigration Load (0.1ms)[0m  [1m[34mSELECT "schema_migrations"."version" FROM "schema_migrations" ORDER BY "schema_migrations"."version" ASC[0m
  [1m[36mActiveRecord::InternalMetadata Load (0.2ms)[0m  [1m[34mSELECT * FROM "ar_internal_metadata" WHERE "ar_internal_metadata"."key" = $1 ORDER BY "ar_internal_metadata"."key" ASC LIMIT 1[0m  [[nil, "environment"]]
  [1m[36mActiveRecord::SchemaMigration Load (0.1ms)[0m  [1m[34mSELECT "schema_migrations"."version" FROM "schema_migrations" ORDER BY "schema_migrations"."version" ASC[0m
  [1m[36mActiveRecord::InternalMetadata Load (0.2ms)[0m  [1m[34mSELECT * FROM "ar_internal_metadata" WHERE "ar_internal_metadata"."key" = $1 ORDER BY "ar_internal_metadata"."key" ASC LIMIT 1[0m  [[nil, "environment"]]
  [1m[35m (8205.8ms)[0m  [1m[35mDROP DATABASE IF EXISTS "monthly_report_development"[0m
  [1m[36mActiveRecord::SchemaMigration Load (0.8ms)[0m  [1m[34mSELECT "schema_migrations"."version" FROM "schema_migrations" ORDER BY "schema_migrations"."version" ASC[0m
  [1m[36mActiveRecord::InternalMetadata Load (1.0ms)[0m  [1m[34mSELECT * FROM "ar_internal_metadata" WHERE "ar_internal_metadata"."key" = $1 ORDER BY "ar_internal_metadata"."key" ASC LIMIT 1[0m  [[nil, "environment"]]
  [1m[36mActiveRecord::SchemaMigration Load (0.1ms)[0m  [1m[34mSELECT "schema_migrations"."version" FROM "schema_migrations" ORDER BY "schema_migrations"."version" ASC[0m
  [1m[36mActiveRecord::InternalMetadata Load (0.2ms)[0m  [1m[34mSELECT * FROM "ar_internal_metadata" WHERE "ar_internal_metadata"."key" = $1 ORDER BY "ar_internal_metadata"."key" ASC LIMIT 1[0m  [[nil, "environment"]]
  [1m[36mActiveRecord::SchemaMigration Load (0.1ms)[0m  [1m[34mSELECT "schema_migrations"."version" FROM "schema_migrations" ORDER BY "schema_migrations"."version" ASC[0m
  [1m[36mActiveRecord::InternalMetadata Load (0.1ms)[0m  [1m[34mSELECT * FROM "ar_internal_metadata" WHERE "ar_internal_metadata"."key" = $1 ORDER BY "ar_internal_metadata"."key" ASC LIMIT 1[0m  [[nil, "environment"]]
  [1m[35m (7931.9ms)[0m  [1m[35mDROP DATABASE IF EXISTS "monthly_report_development"[0m
  [1m[36mActiveRecord::SchemaMigration Load (1.2ms)[0m  [1m[34mSELECT "schema_migrations"."version" FROM "schema_migrations" ORDER BY "schema_migrations"."version" ASC[0m
  [1m[36mActiveRecord::InternalMetadata Load (1.1ms)[0m  [1m[34mSELECT * FROM "ar_internal_metadata" WHERE "ar_internal_metadata"."key" = $1 ORDER BY "ar_internal_metadata"."key" ASC LIMIT 1[0m  [[nil, "environment"]]
  [1m[36mActiveRecord::SchemaMigration Load (0.1ms)[0m  [1m[34mSELECT "schema_migrations"."version" FROM "schema_migrations" ORDER BY "schema_migrations"."version" ASC[0m
  [1m[36mActiveRecord::InternalMetadata Load (0.2ms)[0m  [1m[34mSELECT * FROM "ar_internal_metadata" WHERE "ar_internal_metadata"."key" = $1 ORDER BY "ar_internal_metadata"."key" ASC LIMIT 1[0m  [[nil, "environment"]]
  [1m[36mActiveRecord::SchemaMigration Load (0.1ms)[0m  [1m[34mSELECT "schema_migrations"."version" FROM "schema_migrations" ORDER BY "schema_migrations"."version" ASC[0m
  [1m[36mActiveRecord::InternalMetadata Load (0.2ms)[0m  [1m[34mSELECT * FROM "ar_internal_metadata" WHERE "ar_internal_metadata"."key" = $1 ORDER BY "ar_internal_metadata"."key" ASC LIMIT 1[0m  [[nil, "environment"]]
  [1m[35m (50.6ms)[0m  [1m[35mDROP DATABASE IF EXISTS "monthly_report_development"[0m
  [1m[35m (24.8ms)[0m  [1m[35mDROP DATABASE IF EXISTS "monthly_report_test"[0m
  [1m[35m (170.0ms)[0m  [1m[35mCREATE DATABASE "monthly_report_development" ENCODING = 'unicode'[0m
  [1m[35m (52.3ms)[0m  [1m[35mCREATE DATABASE "monthly_report_test" ENCODING = 'unicode'[0m
  [1m[35m (16.7ms)[0m  [1m[35mCREATE TABLE "schema_migrations" ("version" character varying NOT NULL PRIMARY KEY)[0m
  [1m[35m (2.2ms)[0m  [1m[35mCREATE TABLE "ar_internal_metadata" ("key" character varying NOT NULL PRIMARY KEY, "value" character varying, "created_at" timestamp(6) NOT NULL, "updated_at" timestamp(6) NOT NULL)[0m
  [1m[35m (0.3ms)[0m  [1m[34mSELECT pg_try_advisory_lock(6440100315216638910)[0m
  [1m[36mActiveRecord::SchemaMigration Load (0.5ms)[0m  [1m[34mSELECT "schema_migrations"."version" FROM "schema_migrations" ORDER BY "schema_migrations"."version" ASC[0m
  [1m[36mActiveRecord::InternalMetadata Load (3.3ms)[0m  [1m[34mSELECT * FROM "ar_internal_metadata" WHERE "ar_internal_metadata"."key" = $1 ORDER BY "ar_internal_metadata"."key" ASC LIMIT 1[0m  [[nil, "environment"]]
  [1m[36mActiveRecord::InternalMetadata Create (3.4ms)[0m  [1m[32mINSERT INTO "ar_internal_metadata" ("key", "value", "created_at", "updated_at") VALUES ('environment', 'development', '2026-05-17 11:01:40.052614', '2026-05-17 11:01:40.052617') RETURNING "key"[0m
Migrating to EnableExtensions (20240101000001)
  [1m[36mTRANSACTION (0.1ms)[0m  [1m[35mBEGIN[0m
  [1m[35mSQL (17.9ms)[0m  [1m[35mCREATE EXTENSION IF NOT EXISTS "pgcrypto"[0m
  [1m[35mSQL (3.0ms)[0m  [1m[35mCREATE EXTENSION IF NOT EXISTS "uuid-ossp"[0m
  [1m[36mActiveRecord::SchemaMigration Create (0.3ms)[0m  [1m[32mINSERT INTO "schema_migrations" ("version") VALUES ('20240101000001') RETURNING "version"[0m
  [1m[36mTRANSACTION (0.3ms)[0m  [1m[35mCOMMIT[0m
Migrating to CreateUnits (20240101000002)
  [1m[36mTRANSACTION (0.1ms)[0m  [1m[35mBEGIN[0m
  [1m[35m (8.6ms)[0m  [1m[35mCREATE TABLE "units" ("id" uuid DEFAULT gen_random_uuid() NOT NULL PRIMARY KEY, "name" character varying NOT NULL, "parent_id" uuid, "scope_level" integer NOT NULL, "created_at" timestamp(6) NOT NULL, "updated_at" timestamp(6) NOT NULL, CONSTRAINT "fk_rails_2999ed96c7"
FOREIGN KEY ("parent_id")
  REFERENCES "units" ("id")
)[0m
  [1m[35m (23.3ms)[0m  [1m[35mCREATE INDEX "index_units_on_parent_id" ON "units" ("parent_id")[0m
  [1m[36mActiveRecord::SchemaMigration Create (0.5ms)[0m  [1m[32mINSERT INTO "schema_migrations" ("version") VALUES ('20240101000002') RETURNING "version"[0m
  [1m[36mTRANSACTION (0.2ms)[0m  [1m[35mCOMMIT[0m
Migrating to CreateMembers (20240101000003)
  [1m[36mTRANSACTION (0.1ms)[0m  [1m[35mBEGIN[0m
  [1m[35m (3.7ms)[0m  [1m[35mCREATE TABLE "members" ("id" uuid DEFAULT gen_random_uuid() NOT NULL PRIMARY KEY, "name" character varying NOT NULL, "email" character varying NOT NULL, "phone" character varying, "password_digest" character varying NOT NULL, "uc_id" uuid NOT NULL, "created_by_id" uuid, "is_active" boolean DEFAULT TRUE NOT NULL, "created_at" timestamp(6) NOT NULL, "updated_at" timestamp(6) NOT NULL, CONSTRAINT "fk_rails_4e07c2996a"
FOREIGN KEY ("uc_id")
  REFERENCES "units" ("id")
, CONSTRAINT "fk_rails_f904282f6b"
FOREIGN KEY ("created_by_id")
  REFERENCES "members" ("id")
)[0m
  [1m[35m (1.2ms)[0m  [1m[35mCREATE INDEX "index_members_on_uc_id" ON "members" ("uc_id")[0m
  [1m[35m (1.7ms)[0m  [1m[35mCREATE INDEX "index_members_on_created_by_id" ON "members" ("created_by_id")[0m
  [1m[35m (1.0ms)[0m  [1m[35mCREATE UNIQUE INDEX "index_members_on_email" ON "members" ("email")[0m
  [1m[35m (0.9ms)[0m  [1m[35mCREATE UNIQUE INDEX "index_members_on_phone" ON "members" ("phone")[0m
  [1m[36mActiveRecord::SchemaMigration Create (0.3ms)[0m  [1m[32mINSERT INTO "schema_migrations" ("version") VALUES ('20240101000003') RETURNING "version"[0m
  [1m[36mTRANSACTION (0.5ms)[0m  [1m[35mCOMMIT[0m
Migrating to AddPresidentIdToUnits (20240101000004)
  [1m[36mTRANSACTION (0.1ms)[0m  [1m[35mBEGIN[0m
  [1m[35m (0.7ms)[0m  [1m[35mALTER TABLE "units" ADD "president_id" uuid[0m
  [1m[35m (1.4ms)[0m  [1m[35mCREATE INDEX "index_units_on_president_id" ON "units" ("president_id")[0m
  [1m[35m (5.9ms)[0m  [1m[35mALTER TABLE "units" ADD CONSTRAINT "fk_rails_6e2cb5b54f"
FOREIGN KEY ("president_id")
  REFERENCES "members" ("id")
[0m
  [1m[36mActiveRecord::SchemaMigration Create (0.7ms)[0m  [1m[32mINSERT INTO "schema_migrations" ("version") VALUES ('20240101000004') RETURNING "version"[0m
  [1m[36mTRANSACTION (0.7ms)[0m  [1m[35mCOMMIT[0m
Migrating to CreateRoles (20240101000005)
  [1m[36mTRANSACTION (0.7ms)[0m  [1m[35mBEGIN[0m
  [1m[35m (5.2ms)[0m  [1m[35mCREATE TABLE "roles" ("id" uuid DEFAULT gen_random_uuid() NOT NULL PRIMARY KEY, "name" character varying NOT NULL, "description" text, "created_at" timestamp(6) NOT NULL)[0m
  [1m[35m (1.5ms)[0m  [1m[35mCREATE UNIQUE INDEX "index_roles_on_name" ON "roles" ("name")[0m
  [1m[36mActiveRecord::SchemaMigration Create (0.2ms)[0m  [1m[32mINSERT INTO "schema_migrations" ("version") VALUES ('20240101000005') RETURNING "version"[0m
  [1m[36mTRANSACTION (0.5ms)[0m  [1m[35mCOMMIT[0m
Migrating to CreatePermissions (20240101000006)
  [1m[36mTRANSACTION (0.1ms)[0m  [1m[35mBEGIN[0m
  [1m[35m (3.4ms)[0m  [1m[35mCREATE TABLE "permissions" ("id" uuid DEFAULT gen_random_uuid() NOT NULL PRIMARY KEY, "name" character varying NOT NULL, "method" character varying NOT NULL, "path" character varying NOT NULL, "description" text, "created_at" timestamp(6) NOT NULL)[0m
  [1m[35m (0.7ms)[0m  [1m[35mCREATE UNIQUE INDEX "index_permissions_on_name" ON "permissions" ("name")[0m
  [1m[35m (1.5ms)[0m  [1m[35mCREATE UNIQUE INDEX "index_permissions_on_method_and_path" ON "permissions" ("method", "path")[0m
  [1m[36mActiveRecord::SchemaMigration Create (0.1ms)[0m  [1m[32mINSERT INTO "schema_migrations" ("version") VALUES ('20240101000006') RETURNING "version"[0m
  [1m[36mTRANSACTION (0.2ms)[0m  [1m[35mCOMMIT[0m
Migrating to CreateRolePermissions (20240101000007)
  [1m[36mTRANSACTION (0.1ms)[0m  [1m[35mBEGIN[0m
  [1m[35m (2.7ms)[0m  [1m[35mCREATE TABLE "role_permissions" ("id" uuid DEFAULT gen_random_uuid() NOT NULL PRIMARY KEY, "role_id" uuid NOT NULL, "permission_id" uuid NOT NULL, "created_at" timestamp(6) NOT NULL, CONSTRAINT "fk_rails_60126080bd"
FOREIGN KEY ("role_id")
  REFERENCES "roles" ("id")
, CONSTRAINT "fk_rails_439e640a3f"
FOREIGN KEY ("permission_id")
  REFERENCES "permissions" ("id")
)[0m
  [1m[35m (1.0ms)[0m  [1m[35mCREATE INDEX "index_role_permissions_on_role_id" ON "role_permissions" ("role_id")[0m
  [1m[35m (1.1ms)[0m  [1m[35mCREATE INDEX "index_role_permissions_on_permission_id" ON "role_permissions" ("permission_id")[0m
  [1m[35m (0.9ms)[0m  [1m[35mCREATE UNIQUE INDEX "index_role_permissions_on_role_id_and_permission_id" ON "role_permissions" ("role_id", "permission_id")[0m
  [1m[36mActiveRecord::SchemaMigration Create (0.2ms)[0m  [1m[32mINSERT INTO "schema_migrations" ("version") VALUES ('20240101000007') RETURNING "version"[0m
  [1m[36mTRANSACTION (0.6ms)[0m  [1m[35mCOMMIT[0m
Migrating to CreateMemberRoles (20240101000008)
  [1m[36mTRANSACTION (0.1ms)[0m  [1m[35mBEGIN[0m
  [1m[35m (4.4ms)[0m  [1m[35mCREATE TABLE "member_roles" ("id" uuid DEFAULT gen_random_uuid() NOT NULL PRIMARY KEY, "member_id" uuid NOT NULL, "role_id" uuid NOT NULL, "granted_by_id" uuid, "granted_at" timestamp(6) DEFAULT NOW() NOT NULL, "revoked_at" timestamp(6), CONSTRAINT "fk_rails_8c85e76fea"
FOREIGN KEY ("member_id")
  REFERENCES "members" ("id")
, CONSTRAINT "fk_rails_d347fa8e3c"
FOREIGN KEY ("role_id")
  REFERENCES "roles" ("id")
, CONSTRAINT "fk_rails_b45b40030e"
FOREIGN KEY ("granted_by_id")
  REFERENCES "members" ("id")
)[0m
  [1m[35m (0.8ms)[0m  [1m[35mCREATE INDEX "index_member_roles_on_member_id" ON "member_roles" ("member_id")[0m
  [1m[35m (1.1ms)[0m  [1m[35mCREATE INDEX "index_member_roles_on_role_id" ON "member_roles" ("role_id")[0m
  [1m[35m (1.0ms)[0m  [1m[35mCREATE INDEX "index_member_roles_on_granted_by_id" ON "member_roles" ("granted_by_id")[0m
  [1m[35m (1.0ms)[0m  [1m[35mCREATE UNIQUE INDEX "index_member_roles_on_member_id_and_role_id" ON "member_roles" ("member_id", "role_id")[0m
  [1m[36mActiveRecord::SchemaMigration Create (0.4ms)[0m  [1m[32mINSERT INTO "schema_migrations" ("version") VALUES ('20240101000008') RETURNING "version"[0m
  [1m[36mTRANSACTION (0.6ms)[0m  [1m[35mCOMMIT[0m
Migrating to CreateMonthlyReports (20240101000009)
  [1m[36mTRANSACTION (0.1ms)[0m  [1m[35mBEGIN[0m
  [1m[35m (7.6ms)[0m  [1m[35mCREATE TABLE "monthly_reports" ("id" uuid DEFAULT gen_random_uuid() NOT NULL PRIMARY KEY, "unit_id" uuid NOT NULL, "month" date NOT NULL, "president_member_id" uuid, "secretary_member_id" uuid, "status" character varying DEFAULT 'draft' NOT NULL, "locked_at" timestamp(6), "finalized_at" timestamp(6), "created_by_id" uuid, "created_at" timestamp(6) NOT NULL, "updated_at" timestamp(6) NOT NULL, CONSTRAINT "fk_rails_d2ac4c05e0"
FOREIGN KEY ("unit_id")
  REFERENCES "units" ("id")
, CONSTRAINT "fk_rails_8ad6a1ffd4"
FOREIGN KEY ("president_member_id")
  REFERENCES "members" ("id")
, CONSTRAINT "fk_rails_8f5245ffdd"
FOREIGN KEY ("secretary_member_id")
  REFERENCES "members" ("id")
, CONSTRAINT "fk_rails_3da56fd205"
FOREIGN KEY ("created_by_id")
  REFERENCES "members" ("id")
)[0m
  [1m[35m (1.0ms)[0m  [1m[35mCREATE INDEX "index_monthly_reports_on_unit_id" ON "monthly_reports" ("unit_id")[0m
  [1m[35m (1.1ms)[0m  [1m[35mCREATE INDEX "index_monthly_reports_on_president_member_id" ON "monthly_reports" ("president_member_id")[0m
  [1m[35m (0.9ms)[0m  [1m[35mCREATE INDEX "index_monthly_reports_on_secretary_member_id" ON "monthly_reports" ("secretary_member_id")[0m
  [1m[35m (0.8ms)[0m  [1m[35mCREATE INDEX "index_monthly_reports_on_created_by_id" ON "monthly_reports" ("created_by_id")[0m
  [1m[35m (1.2ms)[0m  [1m[35mCREATE UNIQUE INDEX "index_monthly_reports_on_unit_id_and_month" ON "monthly_reports" ("unit_id", "month")[0m
  [1m[36mActiveRecord::SchemaMigration Create (0.7ms)[0m  [1m[32mINSERT INTO "schema_migrations" ("version") VALUES ('20240101000009') RETURNING "version"[0m
  [1m[36mTRANSACTION (0.5ms)[0m  [1m[35mCOMMIT[0m
Migrating to CreateActivityDefinitions (20240101000010)
  [1m[36mTRANSACTION (0.1ms)[0m  [1m[35mBEGIN[0m
  [1m[35m (3.7ms)[0m  [1m[35mCREATE TABLE "activity_definitions" ("id" uuid DEFAULT gen_random_uuid() NOT NULL PRIMARY KEY, "name" character varying NOT NULL, "scope_level" integer DEFAULT 2 NOT NULL, "compulsory_per_month" integer DEFAULT 0 NOT NULL, "is_active" boolean DEFAULT TRUE NOT NULL, "created_at" timestamp(6) NOT NULL)[0m
  [1m[36mActiveRecord::SchemaMigration Create (0.2ms)[0m  [1m[32mINSERT INTO "schema_migrations" ("version") VALUES ('20240101000010') RETURNING "version"[0m
  [1m[36mTRANSACTION (0.3ms)[0m  [1m[35mCOMMIT[0m
Migrating to CreateReportActivities (20240101000011)
  [1m[36mTRANSACTION (0.1ms)[0m  [1m[35mBEGIN[0m
  [1m[35m (8.1ms)[0m  [1m[35mCREATE TABLE "report_activities" ("id" uuid DEFAULT gen_random_uuid() NOT NULL PRIMARY KEY, "report_id" uuid NOT NULL, "definition_id" uuid, "name" character varying NOT NULL, "occurrences" integer DEFAULT 1 NOT NULL, "avg_attendance" integer, "conductor" character varying, "notes" text, "created_at" timestamp(6) NOT NULL, CONSTRAINT "fk_rails_33d9456a43"
FOREIGN KEY ("report_id")
  REFERENCES "monthly_reports" ("id")
, CONSTRAINT "fk_rails_91f8188f93"
FOREIGN KEY ("definition_id")
  REFERENCES "activity_definitions" ("id")
)[0m
  [1m[35m (3.9ms)[0m  [1m[35mCREATE INDEX "index_report_activities_on_report_id" ON "report_activities" ("report_id")[0m
  [1m[35m (1.2ms)[0m  [1m[35mCREATE INDEX "index_report_activities_on_definition_id" ON "report_activities" ("definition_id")[0m
  [1m[36mActiveRecord::SchemaMigration Create (0.2ms)[0m  [1m[32mINSERT INTO "schema_migrations" ("version") VALUES ('20240101000011') RETURNING "version"[0m
  [1m[36mTRANSACTION (0.3ms)[0m  [1m[35mCOMMIT[0m
Migrating to CreateFormSections (20240101000012)
  [1m[36mTRANSACTION (0.3ms)[0m  [1m[35mBEGIN[0m
  [1m[35m (4.0ms)[0m  [1m[35mCREATE TABLE "form_sections" ("id" uuid DEFAULT gen_random_uuid() NOT NULL PRIMARY KEY, "key" character varying NOT NULL, "label" character varying NOT NULL, "scope_level" integer NOT NULL, "order_index" integer NOT NULL, "is_active" boolean DEFAULT TRUE NOT NULL, "created_at" timestamp(6) NOT NULL)[0m
  [1m[35m (3.6ms)[0m  [1m[35mCREATE UNIQUE INDEX "index_form_sections_on_key" ON "form_sections" ("key")[0m
  [1m[35m (1.7ms)[0m  [1m[35mCREATE UNIQUE INDEX "index_form_sections_on_scope_level_and_order_index" ON "form_sections" ("scope_level", "order_index")[0m
  [1m[36mActiveRecord::SchemaMigration Create (0.3ms)[0m  [1m[32mINSERT INTO "schema_migrations" ("version") VALUES ('20240101000012') RETURNING "version"[0m
  [1m[36mTRANSACTION (0.8ms)[0m  [1m[35mCOMMIT[0m
Migrating to CreateFormFields (20240101000013)
  [1m[36mTRANSACTION (0.2ms)[0m  [1m[35mBEGIN[0m
  [1m[35m (3.9ms)[0m  [1m[35mCREATE TABLE "form_fields" ("id" uuid DEFAULT gen_random_uuid() NOT NULL PRIMARY KEY, "key" character varying NOT NULL, "label" character varying NOT NULL, "field_type" character varying NOT NULL, "is_required" boolean DEFAULT FALSE NOT NULL, "prefill_source" character varying, "options" jsonb, "validation" jsonb, "helper_text" character varying, "is_active" boolean DEFAULT TRUE NOT NULL, "created_at" timestamp(6) NOT NULL)[0m
  [1m[35m (1.3ms)[0m  [1m[35mCREATE UNIQUE INDEX "index_form_fields_on_key" ON "form_fields" ("key")[0m
  [1m[36mActiveRecord::SchemaMigration Create (0.3ms)[0m  [1m[32mINSERT INTO "schema_migrations" ("version") VALUES ('20240101000013') RETURNING "version"[0m
  [1m[36mTRANSACTION (0.5ms)[0m  [1m[35mCOMMIT[0m
Migrating to CreateFormSectionFields (20240101000014)
  [1m[36mTRANSACTION (0.1ms)[0m  [1m[35mBEGIN[0m
  [1m[35m (2.9ms)[0m  [1m[35mCREATE TABLE "form_section_fields" ("id" uuid DEFAULT gen_random_uuid() NOT NULL PRIMARY KEY, "section_id" uuid NOT NULL, "field_id" uuid NOT NULL, "order_index" integer NOT NULL, "created_at" timestamp(6) NOT NULL, CONSTRAINT "fk_rails_25e8c7d830"
FOREIGN KEY ("section_id")
  REFERENCES "form_sections" ("id")
, CONSTRAINT "fk_rails_97c9e651ae"
FOREIGN KEY ("field_id")
  REFERENCES "form_fields" ("id")
)[0m
  [1m[35m (1.3ms)[0m  [1m[35mCREATE INDEX "index_form_section_fields_on_section_id" ON "form_section_fields" ("section_id")[0m
  [1m[35m (1.2ms)[0m  [1m[35mCREATE INDEX "index_form_section_fields_on_field_id" ON "form_section_fields" ("field_id")[0m
  [1m[35m (1.7ms)[0m  [1m[35mCREATE UNIQUE INDEX "index_form_section_fields_on_section_id_and_field_id" ON "form_section_fields" ("section_id", "field_id")[0m
  [1m[35m (1.3ms)[0m  [1m[35mCREATE UNIQUE INDEX "index_form_section_fields_on_section_id_and_order_index" ON "form_section_fields" ("section_id", "order_index")[0m
  [1m[36mActiveRecord::SchemaMigration Create (0.2ms)[0m  [1m[32mINSERT INTO "schema_migrations" ("version") VALUES ('20240101000014') RETURNING "version"[0m
  [1m[36mTRANSACTION (0.5ms)[0m  [1m[35mCOMMIT[0m
Migrating to CreateReportFieldValues (20240101000015)
  [1m[36mTRANSACTION (0.1ms)[0m  [1m[35mBEGIN[0m
  [1m[35m (5.2ms)[0m  [1m[35mCREATE TABLE "report_field_values" ("id" uuid DEFAULT gen_random_uuid() NOT NULL PRIMARY KEY, "report_id" uuid NOT NULL, "field_id" uuid NOT NULL, "value" text, "created_at" timestamp(6) NOT NULL, "updated_at" timestamp(6) NOT NULL, CONSTRAINT "fk_rails_91a2b84530"
FOREIGN KEY ("report_id")
  REFERENCES "monthly_reports" ("id")
, CONSTRAINT "fk_rails_81a5ea8b0b"
FOREIGN KEY ("field_id")
  REFERENCES "form_fields" ("id")
)[0m
  [1m[35m (0.9ms)[0m  [1m[35mCREATE INDEX "index_report_field_values_on_report_id" ON "report_field_values" ("report_id")[0m
  [1m[35m (1.2ms)[0m  [1m[35mCREATE INDEX "index_report_field_values_on_field_id" ON "report_field_values" ("field_id")[0m
  [1m[35m (1.0ms)[0m  [1m[35mCREATE UNIQUE INDEX "index_report_field_values_on_report_id_and_field_id" ON "report_field_values" ("report_id", "field_id")[0m
  [1m[36mActiveRecord::SchemaMigration Create (0.2ms)[0m  [1m[32mINSERT INTO "schema_migrations" ("version") VALUES ('20240101000015') RETURNING "version"[0m
  [1m[36mTRANSACTION (0.5ms)[0m  [1m[35mCOMMIT[0m
Migrating to CreateAuditLogs (20240101000016)
  [1m[36mTRANSACTION (0.1ms)[0m  [1m[35mBEGIN[0m
  [1m[35m (4.0ms)[0m  [1m[35mCREATE TABLE "audit_logs" ("id" uuid DEFAULT gen_random_uuid() NOT NULL PRIMARY KEY, "entity_type" character varying NOT NULL, "entity_id" uuid NOT NULL, "field_name" character varying NOT NULL, "old_value" text, "new_value" text, "changed_by_id" uuid, "changed_at" timestamp(6) DEFAULT NOW() NOT NULL, "ip_address" character varying, "user_agent" text, CONSTRAINT "fk_rails_afe69249d2"
FOREIGN KEY ("changed_by_id")
  REFERENCES "members" ("id")
)[0m
  [1m[35m (1.0ms)[0m  [1m[35mCREATE INDEX "index_audit_logs_on_changed_by_id" ON "audit_logs" ("changed_by_id")[0m
  [1m[35m (1.1ms)[0m  [1m[35mCREATE INDEX "index_audit_logs_on_entity_type_and_entity_id_and_changed_at" ON "audit_logs" ("entity_type", "entity_id", "changed_at")[0m
  [1m[36mActiveRecord::SchemaMigration Create (0.2ms)[0m  [1m[32mINSERT INTO "schema_migrations" ("version") VALUES ('20240101000016') RETURNING "version"[0m
  [1m[36mTRANSACTION (0.5ms)[0m  [1m[35mCOMMIT[0m
Migrating to CreateRefreshTokens (20240101000017)
  [1m[36mTRANSACTION (0.1ms)[0m  [1m[35mBEGIN[0m
  [1m[35m (4.2ms)[0m  [1m[35mCREATE TABLE "refresh_tokens" ("id" uuid DEFAULT gen_random_uuid() NOT NULL PRIMARY KEY, "member_id" uuid NOT NULL, "token_hash" character varying NOT NULL, "expires_at" timestamp(6) NOT NULL, "revoked_at" timestamp(6), "created_at" timestamp(6) NOT NULL, CONSTRAINT "fk_rails_4d08f04939"
FOREIGN KEY ("member_id")
  REFERENCES "members" ("id")
)[0m
  [1m[35m (1.2ms)[0m  [1m[35mCREATE INDEX "index_refresh_tokens_on_member_id" ON "refresh_tokens" ("member_id")[0m
  [1m[35m (0.8ms)[0m  [1m[35mCREATE UNIQUE INDEX "index_refresh_tokens_on_token_hash" ON "refresh_tokens" ("token_hash")[0m
  [1m[36mActiveRecord::SchemaMigration Create (0.2ms)[0m  [1m[32mINSERT INTO "schema_migrations" ("version") VALUES ('20240101000017') RETURNING "version"[0m
  [1m[36mTRANSACTION (0.3ms)[0m  [1m[35mCOMMIT[0m
  [1m[35m (0.6ms)[0m  [1m[34mSELECT pg_advisory_unlock(6440100315216638910)[0m
  [1m[36mActiveRecord::SchemaMigration Load (0.2ms)[0m  [1m[34mSELECT "schema_migrations"."version" FROM "schema_migrations" ORDER BY "schema_migrations"."version" ASC[0m
  [1m[36mActiveRecord::SchemaMigration Load (0.6ms)[0m  [1m[34mSELECT "schema_migrations"."version" FROM "schema_migrations" ORDER BY "schema_migrations"."version" ASC[0m
  [1m[36mRole Load (0.6ms)[0m  [1m[34mSELECT "roles".* FROM "roles" WHERE "roles"."name" = $1 LIMIT $2[0m  [["name", "UC_PRESIDENT"], ["LIMIT", 1]]
  [1m[36mTRANSACTION (0.1ms)[0m  [1m[35mBEGIN[0m
  [1m[36mRole Exists? (0.2ms)[0m  [1m[34mSELECT 1 AS one FROM "roles" WHERE "roles"."name" = $1 LIMIT $2[0m  [["name", "UC_PRESIDENT"], ["LIMIT", 1]]
  [1m[36mRole Create (0.6ms)[0m  [1m[32mINSERT INTO "roles" ("name", "description", "created_at") VALUES ($1, $2, $3) RETURNING "id"[0m  [["name", "UC_PRESIDENT"], ["description", "Manages own UC report and members"], ["created_at", "2026-05-17 11:01:44.037507"]]
  [1m[36mTRANSACTION (0.4ms)[0m  [1m[35mCOMMIT[0m
  [1m[36mRole Load (0.1ms)[0m  [1m[34mSELECT "roles".* FROM "roles" WHERE "roles"."name" = $1 LIMIT $2[0m  [["name", "UC_SECRETARY"], ["LIMIT", 1]]
  [1m[36mTRANSACTION (0.0ms)[0m  [1m[35mBEGIN[0m
  [1m[36mRole Exists? (0.6ms)[0m  [1m[34mSELECT 1 AS one FROM "roles" WHERE "roles"."name" = $1 LIMIT $2[0m  [["name", "UC_SECRETARY"], ["LIMIT", 1]]
  [1m[36mRole Create (0.2ms)[0m  [1m[32mINSERT INTO "roles" ("name", "description", "created_at") VALUES ($1, $2, $3) RETURNING "id"[0m  [["name", "UC_SECRETARY"], ["description", "Assists with UC report entry"], ["created_at", "2026-05-17 11:01:44.041146"]]
  [1m[36mTRANSACTION (0.1ms)[0m  [1m[35mCOMMIT[0m
  [1m[36mRole Load (0.1ms)[0m  [1m[34mSELECT "roles".* FROM "roles" WHERE "roles"."name" = $1 LIMIT $2[0m  [["name", "ZONE_PRESIDENT"], ["LIMIT", 1]]
  [1m[36mTRANSACTION (0.0ms)[0m  [1m[35mBEGIN[0m
  [1m[36mRole Exists? (0.5ms)[0m  [1m[34mSELECT 1 AS one FROM "roles" WHERE "roles"."name" = $1 LIMIT $2[0m  [["name", "ZONE_PRESIDENT"], ["LIMIT", 1]]
  [1m[36mRole Create (0.1ms)[0m  [1m[32mINSERT INTO "roles" ("name", "description", "created_at") VALUES ($1, $2, $3) RETURNING "id"[0m  [["name", "ZONE_PRESIDENT"], ["description", "Oversees zone UCs, locks zone reports"], ["created_at", "2026-05-17 11:01:44.043639"]]
  [1m[36mTRANSACTION (0.1ms)[0m  [1m[35mCOMMIT[0m
  [1m[36mRole Load (0.1ms)[0m  [1m[34mSELECT "roles".* FROM "roles" WHERE "roles"."name" = $1 LIMIT $2[0m  [["name", "ZONE_SECRETARY"], ["LIMIT", 1]]
  [1m[36mTRANSACTION (0.0ms)[0m  [1m[35mBEGIN[0m
  [1m[36mRole Exists? (0.5ms)[0m  [1m[34mSELECT 1 AS one FROM "roles" WHERE "roles"."name" = $1 LIMIT $2[0m  [["name", "ZONE_SECRETARY"], ["LIMIT", 1]]
  [1m[36mRole Create (0.1ms)[0m  [1m[32mINSERT INTO "roles" ("name", "description", "created_at") VALUES ($1, $2, $3) RETURNING "id"[0m  [["name", "ZONE_SECRETARY"], ["description", "Assists zone-level operations"], ["created_at", "2026-05-17 11:01:44.045890"]]
  [1m[36mTRANSACTION (0.1ms)[0m  [1m[35mCOMMIT[0m
  [1m[36mRole Load (0.1ms)[0m  [1m[34mSELECT "roles".* FROM "roles" WHERE "roles"."name" = $1 LIMIT $2[0m  [["name", "ZILA_PRESIDENT"], ["LIMIT", 1]]
  [1m[36mTRANSACTION (0.0ms)[0m  [1m[35mBEGIN[0m
  [1m[36mRole Exists? (0.5ms)[0m  [1m[34mSELECT 1 AS one FROM "roles" WHERE "roles"."name" = $1 LIMIT $2[0m  [["name", "ZILA_PRESIDENT"], ["LIMIT", 1]]
  [1m[36mRole Create (0.1ms)[0m  [1m[32mINSERT INTO "roles" ("name", "description", "created_at") VALUES ($1, $2, $3) RETURNING "id"[0m  [["name", "ZILA_PRESIDENT"], ["description", "Full access; assigns roles; finalizes reports"], ["created_at", "2026-05-17 11:01:44.048323"]]
  [1m[36mTRANSACTION (0.2ms)[0m  [1m[35mCOMMIT[0m
  [1m[36mRole Load (0.1ms)[0m  [1m[34mSELECT "roles".* FROM "roles" WHERE "roles"."name" = $1 LIMIT $2[0m  [["name", "ZILA_SECRETARY"], ["LIMIT", 1]]
  [1m[36mTRANSACTION (0.0ms)[0m  [1m[35mBEGIN[0m
  [1m[36mRole Exists? (0.5ms)[0m  [1m[34mSELECT 1 AS one FROM "roles" WHERE "roles"."name" = $1 LIMIT $2[0m  [["name", "ZILA_SECRETARY"], ["LIMIT", 1]]
  [1m[36mRole Create (0.2ms)[0m  [1m[32mINSERT INTO "roles" ("name", "description", "created_at") VALUES ($1, $2, $3) RETURNING "id"[0m  [["name", "ZILA_SECRETARY"], ["description", "Assists Zila-level operations"], ["created_at", "2026-05-17 11:01:44.050657"]]
  [1m[36mTRANSACTION (0.2ms)[0m  [1m[35mCOMMIT[0m
  [1m[36mPermission Load (0.4ms)[0m  [1m[34mSELECT "permissions".* FROM "permissions" WHERE "permissions"."name" = $1 LIMIT $2[0m  [["name", "auth:login"], ["LIMIT", 1]]
  [1m[36mTRANSACTION (0.0ms)[0m  [1m[35mBEGIN[0m
  [1m[36mPermission Exists? (0.2ms)[0m  [1m[34mSELECT 1 AS one FROM "permissions" WHERE "permissions"."name" = $1 LIMIT $2[0m  [["name", "auth:login"], ["LIMIT", 1]]
  [1m[36mPermission Exists? (0.2ms)[0m  [1m[34mSELECT 1 AS one FROM "permissions" WHERE "permissions"."path" = $1 AND "permissions"."method" = $2 LIMIT $3[0m  [["path", "/auth/login"], ["method", "POST"], ["LIMIT", 1]]
  [1m[36mPermission Create (0.6ms)[0m  [1m[32mINSERT INTO "permissions" ("name", "method", "path", "description", "created_at") VALUES ($1, $2, $3, $4, $5) RETURNING "id"[0m  [["name", "auth:login"], ["method", "POST"], ["path", "/auth/login"], ["description", nil], ["created_at", "2026-05-17 11:01:44.058745"]]
  [1m[36mTRANSACTION (0.2ms)[0m  [1m[35mCOMMIT[0m
  [1m[36mPermission Load (0.1ms)[0m  [1m[34mSELECT "permissions".* FROM "permissions" WHERE "permissions"."name" = $1 LIMIT $2[0m  [["name", "auth:refresh"], ["LIMIT", 1]]
  [1m[36mTRANSACTION (0.0ms)[0m  [1m[35mBEGIN[0m
  [1m[36mPermission Exists? (0.5ms)[0m  [1m[34mSELECT 1 AS one FROM "permissions" WHERE "permissions"."name" = $1 LIMIT $2[0m  [["name", "auth:refresh"], ["LIMIT", 1]]
  [1m[36mPermission Exists? (0.1ms)[0m  [1m[34mSELECT 1 AS one FROM "permissions" WHERE "permissions"."path" = $1 AND "permissions"."method" = $2 LIMIT $3[0m  [["path", "/auth/refresh"], ["method", "POST"], ["LIMIT", 1]]
  [1m[36mPermission Create (0.2ms)[0m  [1m[32mINSERT INTO "permissions" ("name", "method", "path", "description", "created_at") VALUES ($1, $2, $3, $4, $5) RETURNING "id"[0m  [["name", "auth:refresh"], ["method", "POST"], ["path", "/auth/refresh"], ["description", nil], ["created_at", "2026-05-17 11:01:44.062131"]]
  [1m[36mTRANSACTION (0.2ms)[0m  [1m[35mCOMMIT[0m
  [1m[36mPermission Load (0.1ms)[0m  [1m[34mSELECT "permissions".* FROM "permissions" WHERE "permissions"."name" = $1 LIMIT $2[0m  [["name", "auth:logout"], ["LIMIT", 1]]
  [1m[36mTRANSACTION (0.0ms)[0m  [1m[35mBEGIN[0m
  [1m[36mPermission Exists? (0.5ms)[0m  [1m[34mSELECT 1 AS one FROM "permissions" WHERE "permissions"."name" = $1 LIMIT $2[0m  [["name", "auth:logout"], ["LIMIT", 1]]
  [1m[36mPermission Exists? (0.1ms)[0m  [1m[34mSELECT 1 AS one FROM "permissions" WHERE "permissions"."path" = $1 AND "permissions"."method" = $2 LIMIT $3[0m  [["path", "/auth/logout"], ["method", "POST"], ["LIMIT", 1]]
  [1m[36mPermission Create (0.1ms)[0m  [1m[32mINSERT INTO "permissions" ("name", "method", "path", "description", "created_at") VALUES ($1, $2, $3, $4, $5) RETURNING "id"[0m  [["name", "auth:logout"], ["method", "POST"], ["path", "/auth/logout"], ["description", nil], ["created_at", "2026-05-17 11:01:44.065115"]]
  [1m[36mTRANSACTION (0.1ms)[0m  [1m[35mCOMMIT[0m
  [1m[36mPermission Load (0.1ms)[0m  [1m[34mSELECT "permissions".* FROM "permissions" WHERE "permissions"."name" = $1 LIMIT $2[0m  [["name", "members:create"], ["LIMIT", 1]]
  [1m[36mTRANSACTION (0.0ms)[0m  [1m[35mBEGIN[0m
  [1m[36mPermission Exists? (0.5ms)[0m  [1m[34mSELECT 1 AS one FROM "permissions" WHERE "permissions"."name" = $1 LIMIT $2[0m  [["name", "members:create"], ["LIMIT", 1]]
  [1m[36mPermission Exists? (0.1ms)[0m  [1m[34mSELECT 1 AS one FROM "permissions" WHERE "permissions"."path" = $1 AND "permissions"."method" = $2 LIMIT $3[0m  [["path", "/members"], ["method", "POST"], ["LIMIT", 1]]
  [1m[36mPermission Create (0.1ms)[0m  [1m[32mINSERT INTO "permissions" ("name", "method", "path", "description", "created_at") VALUES ($1, $2, $3, $4, $5) RETURNING "id"[0m  [["name", "members:create"], ["method", "POST"], ["path", "/members"], ["description", nil], ["created_at", "2026-05-17 11:01:44.067954"]]
  [1m[36mTRANSACTION (0.2ms)[0m  [1m[35mCOMMIT[0m
  [1m[36mPermission Load (0.1ms)[0m  [1m[34mSELECT "permissions".* FROM "permissions" WHERE "permissions"."name" = $1 LIMIT $2[0m  [["name", "members:list"], ["LIMIT", 1]]
  [1m[36mTRANSACTION (0.0ms)[0m  [1m[35mBEGIN[0m
  [1m[36mPermission Exists? (0.5ms)[0m  [1m[34mSELECT 1 AS one FROM "permissions" WHERE "permissions"."name" = $1 LIMIT $2[0m  [["name", "members:list"], ["LIMIT", 1]]
  [1m[36mPermission Exists? (0.1ms)[0m  [1m[34mSELECT 1 AS one FROM "permissions" WHERE "permissions"."path" = $1 AND "permissions"."method" = $2 LIMIT $3[0m  [["path", "/members"], ["method", "GET"], ["LIMIT", 1]]
  [1m[36mPermission Create (0.1ms)[0m  [1m[32mINSERT INTO "permissions" ("name", "method", "path", "description", "created_at") VALUES ($1, $2, $3, $4, $5) RETURNING "id"[0m  [["name", "members:list"], ["method", "GET"], ["path", "/members"], ["description", nil], ["created_at", "2026-05-17 11:01:44.070779"]]
  [1m[36mTRANSACTION (0.2ms)[0m  [1m[35mCOMMIT[0m
  [1m[36mPermission Load (0.1ms)[0m  [1m[34mSELECT "permissions".* FROM "permissions" WHERE "permissions"."name" = $1 LIMIT $2[0m  [["name", "members:read"], ["LIMIT", 1]]
  [1m[36mTRANSACTION (0.0ms)[0m  [1m[35mBEGIN[0m
  [1m[36mPermission Exists? (0.5ms)[0m  [1m[34mSELECT 1 AS one FROM "permissions" WHERE "permissions"."name" = $1 LIMIT $2[0m  [["name", "members:read"], ["LIMIT", 1]]
  [1m[36mPermission Exists? (0.1ms)[0m  [1m[34mSELECT 1 AS one FROM "permissions" WHERE "permissions"."path" = $1 AND "permissions"."method" = $2 LIMIT $3[0m  [["path", "/members/:id"], ["method", "GET"], ["LIMIT", 1]]
  [1m[36mPermission Create (0.1ms)[0m  [1m[32mINSERT INTO "permissions" ("name", "method", "path", "description", "created_at") VALUES ($1, $2, $3, $4, $5) RETURNING "id"[0m  [["name", "members:read"], ["method", "GET"], ["path", "/members/:id"], ["description", nil], ["created_at", "2026-05-17 11:01:44.073621"]]
  [1m[36mTRANSACTION (0.4ms)[0m  [1m[35mCOMMIT[0m
  [1m[36mPermission Load (0.1ms)[0m  [1m[34mSELECT "permissions".* FROM "permissions" WHERE "permissions"."name" = $1 LIMIT $2[0m  [["name", "members:roles_assign"], ["LIMIT", 1]]
  [1m[36mTRANSACTION (0.0ms)[0m  [1m[35mBEGIN[0m
  [1m[36mPermission Exists? (0.5ms)[0m  [1m[34mSELECT 1 AS one FROM "permissions" WHERE "permissions"."name" = $1 LIMIT $2[0m  [["name", "members:roles_assign"], ["LIMIT", 1]]
  [1m[36mPermission Exists? (0.2ms)[0m  [1m[34mSELECT 1 AS one FROM "permissions" WHERE "permissions"."path" = $1 AND "permissions"."method" = $2 LIMIT $3[0m  [["path", "/members/:id/roles"], ["method", "POST"], ["LIMIT", 1]]
  [1m[36mPermission Create (0.2ms)[0m  [1m[32mINSERT INTO "permissions" ("name", "method", "path", "description", "created_at") VALUES ($1, $2, $3, $4, $5) RETURNING "id"[0m  [["name", "members:roles_assign"], ["method", "POST"], ["path", "/members/:id/roles"], ["description", nil], ["created_at", "2026-05-17 11:01:44.076610"]]
  [1m[36mTRANSACTION (0.2ms)[0m  [1m[35mCOMMIT[0m
  [1m[36mPermission Load (0.0ms)[0m  [1m[34mSELECT "permissions".* FROM "permissions" WHERE "permissions"."name" = $1 LIMIT $2[0m  [["name", "members:roles_revoke"], ["LIMIT", 1]]
  [1m[36mTRANSACTION (0.0ms)[0m  [1m[35mBEGIN[0m
  [1m[36mPermission Exists? (0.5ms)[0m  [1m[34mSELECT 1 AS one FROM "permissions" WHERE "permissions"."name" = $1 LIMIT $2[0m  [["name", "members:roles_revoke"], ["LIMIT", 1]]
  [1m[36mPermission Exists? (0.1ms)[0m  [1m[34mSELECT 1 AS one FROM "permissions" WHERE "permissions"."path" = $1 AND "permissions"."method" = $2 LIMIT $3[0m  [["path", "/members/:id/roles/:role_name"], ["method", "DELETE"], ["LIMIT", 1]]
  [1m[36mPermission Create (0.2ms)[0m  [1m[32mINSERT INTO "permissions" ("name", "method", "path", "description", "created_at") VALUES ($1, $2, $3, $4, $5) RETURNING "id"[0m  [["name", "members:roles_revoke"], ["method", "DELETE"], ["path", "/members/:id/roles/:role_name"], ["description", nil], ["created_at", "2026-05-17 11:01:44.079362"]]
  [1m[36mTRANSACTION (0.2ms)[0m  [1m[35mCOMMIT[0m
  [1m[36mPermission Load (0.1ms)[0m  [1m[34mSELECT "permissions".* FROM "permissions" WHERE "permissions"."name" = $1 LIMIT $2[0m  [["name", "units:list"], ["LIMIT", 1]]
  [1m[36mTRANSACTION (0.1ms)[0m  [1m[35mBEGIN[0m
  [1m[36mPermission Exists? (0.6ms)[0m  [1m[34mSELECT 1 AS one FROM "permissions" WHERE "permissions"."name" = $1 LIMIT $2[0m  [["name", "units:list"], ["LIMIT", 1]]
  [1m[36mPermission Exists? (0.1ms)[0m  [1m[34mSELECT 1 AS one FROM "permissions" WHERE "permissions"."path" = $1 AND "permissions"."method" = $2 LIMIT $3[0m  [["path", "/units"], ["method", "GET"], ["LIMIT", 1]]
  [1m[36mPermission Create (0.1ms)[0m  [1m[32mINSERT INTO "permissions" ("name", "method", "path", "description", "created_at") VALUES ($1, $2, $3, $4, $5) RETURNING "id"[0m  [["name", "units:list"], ["method", "GET"], ["path", "/units"], ["description", nil], ["created_at", "2026-05-17 11:01:44.082045"]]
  [1m[36mTRANSACTION (0.1ms)[0m  [1m[35mCOMMIT[0m
  [1m[36mPermission Load (0.1ms)[0m  [1m[34mSELECT "permissions".* FROM "permissions" WHERE "permissions"."name" = $1 LIMIT $2[0m  [["name", "units:create"], ["LIMIT", 1]]
  [1m[36mTRANSACTION (0.0ms)[0m  [1m[35mBEGIN[0m
  [1m[36mPermission Exists? (0.5ms)[0m  [1m[34mSELECT 1 AS one FROM "permissions" WHERE "permissions"."name" = $1 LIMIT $2[0m  [["name", "units:create"], ["LIMIT", 1]]
  [1m[36mPermission Exists? (0.1ms)[0m  [1m[34mSELECT 1 AS one FROM "permissions" WHERE "permissions"."path" = $1 AND "permissions"."method" = $2 LIMIT $3[0m  [["path", "/units"], ["method", "POST"], ["LIMIT", 1]]
  [1m[36mPermission Create (0.2ms)[0m  [1m[32mINSERT INTO "permissions" ("name", "method", "path", "description", "created_at") VALUES ($1, $2, $3, $4, $5) RETURNING "id"[0m  [["name", "units:create"], ["method", "POST"], ["path", "/units"], ["description", nil], ["created_at", "2026-05-17 11:01:44.084724"]]
  [1m[36mTRANSACTION (0.2ms)[0m  [1m[35mCOMMIT[0m
  [1m[36mPermission Load (0.1ms)[0m  [1m[34mSELECT "permissions".* FROM "permissions" WHERE "permissions"."name" = $1 LIMIT $2[0m  [["name", "units:read"], ["LIMIT", 1]]
  [1m[36mTRANSACTION (0.0ms)[0m  [1m[35mBEGIN[0m
  [1m[36mPermission Exists? (0.4ms)[0m  [1m[34mSELECT 1 AS one FROM "permissions" WHERE "permissions"."name" = $1 LIMIT $2[0m  [["name", "units:read"], ["LIMIT", 1]]
  [1m[36mPermission Exists? (0.1ms)[0m  [1m[34mSELECT 1 AS one FROM "permissions" WHERE "permissions"."path" = $1 AND "permissions"."method" = $2 LIMIT $3[0m  [["path", "/units/:id"], ["method", "GET"], ["LIMIT", 1]]
  [1m[36mPermission Create (0.1ms)[0m  [1m[32mINSERT INTO "permissions" ("name", "method", "path", "description", "created_at") VALUES ($1, $2, $3, $4, $5) RETURNING "id"[0m  [["name", "units:read"], ["method", "GET"], ["path", "/units/:id"], ["description", nil], ["created_at", "2026-05-17 11:01:44.087240"]]
  [1m[36mTRANSACTION (0.2ms)[0m  [1m[35mCOMMIT[0m
  [1m[36mPermission Load (0.0ms)[0m  [1m[34mSELECT "permissions".* FROM "permissions" WHERE "permissions"."name" = $1 LIMIT $2[0m  [["name", "units:update"], ["LIMIT", 1]]
  [1m[36mTRANSACTION (0.0ms)[0m  [1m[35mBEGIN[0m
  [1m[36mPermission Exists? (0.5ms)[0m  [1m[34mSELECT 1 AS one FROM "permissions" WHERE "permissions"."name" = $1 LIMIT $2[0m  [["name", "units:update"], ["LIMIT", 1]]
  [1m[36mPermission Exists? (0.1ms)[0m  [1m[34mSELECT 1 AS one FROM "permissions" WHERE "permissions"."path" = $1 AND "permissions"."method" = $2 LIMIT $3[0m  [["path", "/units/:id"], ["method", "PATCH"], ["LIMIT", 1]]
  [1m[36mPermission Create (0.2ms)[0m  [1m[32mINSERT INTO "permissions" ("name", "method", "path", "description", "created_at") VALUES ($1, $2, $3, $4, $5) RETURNING "id"[0m  [["name", "units:update"], ["method", "PATCH"], ["path", "/units/:id"], ["description", nil], ["created_at", "2026-05-17 11:01:44.089802"]]
  [1m[36mTRANSACTION (0.3ms)[0m  [1m[35mCOMMIT[0m
  [1m[36mPermission Load (0.1ms)[0m  [1m[34mSELECT "permissions".* FROM "permissions" WHERE "permissions"."name" = $1 LIMIT $2[0m  [["name", "reports:new"], ["LIMIT", 1]]
  [1m[36mTRANSACTION (0.1ms)[0m  [1m[35mBEGIN[0m
  [1m[36mPermission Exists? (0.7ms)[0m  [1m[34mSELECT 1 AS one FROM "permissions" WHERE "permissions"."name" = $1 LIMIT $2[0m  [["name", "reports:new"], ["LIMIT", 1]]
  [1m[36mPermission Exists? (0.1ms)[0m  [1m[34mSELECT 1 AS one FROM "permissions" WHERE "permissions"."path" = $1 AND "permissions"."method" = $2 LIMIT $3[0m  [["path", "/reports/new"], ["method", "GET"], ["LIMIT", 1]]
  [1m[36mPermission Create (0.2ms)[0m  [1m[32mINSERT INTO "permissions" ("name", "method", "path", "description", "created_at") VALUES ($1, $2, $3, $4, $5) RETURNING "id"[0m  [["name", "reports:new"], ["method", "GET"], ["path", "/reports/new"], ["description", nil], ["created_at", "2026-05-17 11:01:44.098014"]]
  [1m[36mTRANSACTION (0.2ms)[0m  [1m[35mCOMMIT[0m
  [1m[36mPermission Load (0.1ms)[0m  [1m[34mSELECT "permissions".* FROM "permissions" WHERE "permissions"."name" = $1 LIMIT $2[0m  [["name", "reports:create"], ["LIMIT", 1]]
  [1m[36mTRANSACTION (0.0ms)[0m  [1m[35mBEGIN[0m
  [1m[36mPermission Exists? (0.5ms)[0m  [1m[34mSELECT 1 AS one FROM "permissions" WHERE "permissions"."name" = $1 LIMIT $2[0m  [["name", "reports:create"], ["LIMIT", 1]]
  [1m[36mPermission Exists? (0.1ms)[0m  [1m[34mSELECT 1 AS one FROM "permissions" WHERE "permissions"."path" = $1 AND "permissions"."method" = $2 LIMIT $3[0m  [["path", "/reports"], ["method", "POST"], ["LIMIT", 1]]
  [1m[36mPermission Create (0.2ms)[0m  [1m[32mINSERT INTO "permissions" ("name", "method", "path", "description", "created_at") VALUES ($1, $2, $3, $4, $5) RETURNING "id"[0m  [["name", "reports:create"], ["method", "POST"], ["path", "/reports"], ["description", nil], ["created_at", "2026-05-17 11:01:44.100850"]]
  [1m[36mTRANSACTION (0.2ms)[0m  [1m[35mCOMMIT[0m
  [1m[36mPermission Load (0.1ms)[0m  [1m[34mSELECT "permissions".* FROM "permissions" WHERE "permissions"."name" = $1 LIMIT $2[0m  [["name", "reports:list"], ["LIMIT", 1]]
  [1m[36mTRANSACTION (0.0ms)[0m  [1m[35mBEGIN[0m
  [1m[36mPermission Exists? (0.5ms)[0m  [1m[34mSELECT 1 AS one FROM "permissions" WHERE "permissions"."name" = $1 LIMIT $2[0m  [["name", "reports:list"], ["LIMIT", 1]]
  [1m[36mPermission Exists? (0.1ms)[0m  [1m[34mSELECT 1 AS one FROM "permissions" WHERE "permissions"."path" = $1 AND "permissions"."method" = $2 LIMIT $3[0m  [["path", "/reports"], ["method", "GET"], ["LIMIT", 1]]
  [1m[36mPermission Create (0.2ms)[0m  [1m[32mINSERT INTO "permissions" ("name", "method", "path", "description", "created_at") VALUES ($1, $2, $3, $4, $5) RETURNING "id"[0m  [["name", "reports:list"], ["method", "GET"], ["path", "/reports"], ["description", nil], ["created_at", "2026-05-17 11:01:44.103575"]]
  [1m[36mTRANSACTION (0.3ms)[0m  [1m[35mCOMMIT[0m
  [1m[36mPermission Load (0.1ms)[0m  [1m[34mSELECT "permissions".* FROM "permissions" WHERE "permissions"."name" = $1 LIMIT $2[0m  [["name", "reports:read"], ["LIMIT", 1]]
  [1m[36mTRANSACTION (0.0ms)[0m  [1m[35mBEGIN[0m
  [1m[36mPermission Exists? (0.5ms)[0m  [1m[34mSELECT 1 AS one FROM "permissions" WHERE "permissions"."name" = $1 LIMIT $2[0m  [["name", "reports:read"], ["LIMIT", 1]]
  [1m[36mPermission Exists? (0.1ms)[0m  [1m[34mSELECT 1 AS one FROM "permissions" WHERE "permissions"."path" = $1 AND "permissions"."method" = $2 LIMIT $3[0m  [["path", "/reports/:id"], ["method", "GET"], ["LIMIT", 1]]
  [1m[36mPermission Create (0.1ms)[0m  [1m[32mINSERT INTO "permissions" ("name", "method", "path", "description", "created_at") VALUES ($1, $2, $3, $4, $5) RETURNING "id"[0m  [["name", "reports:read"], ["method", "GET"], ["path", "/reports/:id"], ["description", nil], ["created_at", "2026-05-17 11:01:44.106575"]]
  [1m[36mTRANSACTION (0.2ms)[0m  [1m[35mCOMMIT[0m
  [1m[36mPermission Load (0.1ms)[0m  [1m[34mSELECT "permissions".* FROM "permissions" WHERE "permissions"."name" = $1 LIMIT $2[0m  [["name", "reports:update"], ["LIMIT", 1]]
  [1m[36mTRANSACTION (0.0ms)[0m  [1m[35mBEGIN[0m
  [1m[36mPermission Exists? (0.5ms)[0m  [1m[34mSELECT 1 AS one FROM "permissions" WHERE "permissions"."name" = $1 LIMIT $2[0m  [["name", "reports:update"], ["LIMIT", 1]]
  [1m[36mPermission Exists? (0.1ms)[0m  [1m[34mSELECT 1 AS one FROM "permissions" WHERE "permissions"."path" = $1 AND "permissions"."method" = $2 LIMIT $3[0m  [["path", "/reports/:id"], ["method", "PATCH"], ["LIMIT", 1]]
  [1m[36mPermission Create (0.2ms)[0m  [1m[32mINSERT INTO "permissions" ("name", "method", "path", "description", "created_at") VALUES ($1, $2, $3, $4, $5) RETURNING "id"[0m  [["name", "reports:update"], ["method", "PATCH"], ["path", "/reports/:id"], ["description", nil], ["created_at", "2026-05-17 11:01:44.109297"]]
  [1m[36mTRANSACTION (0.3ms)[0m  [1m[35mCOMMIT[0m
  [1m[36mPermission Load (0.1ms)[0m  [1m[34mSELECT "permissions".* FROM "permissions" WHERE "permissions"."name" = $1 LIMIT $2[0m  [["name", "reports:lock_zone"], ["LIMIT", 1]]
  [1m[36mTRANSACTION (0.0ms)[0m  [1m[35mBEGIN[0m
  [1m[36mPermission Exists? (0.5ms)[0m  [1m[34mSELECT 1 AS one FROM "permissions" WHERE "permissions"."name" = $1 LIMIT $2[0m  [["name", "reports:lock_zone"], ["LIMIT", 1]]
  [1m[36mPermission Exists? (0.1ms)[0m  [1m[34mSELECT 1 AS one FROM "permissions" WHERE "permissions"."path" = $1 AND "permissions"."method" = $2 LIMIT $3[0m  [["path", "/reports/:id/lock-zone"], ["method", "POST"], ["LIMIT", 1]]
  [1m[36mPermission Create (0.2ms)[0m  [1m[32mINSERT INTO "permissions" ("name", "method", "path", "description", "created_at") VALUES ($1, $2, $3, $4, $5) RETURNING "id"[0m  [["name", "reports:lock_zone"], ["method", "POST"], ["path", "/reports/:id/lock-zone"], ["description", nil], ["created_at", "2026-05-17 11:01:44.112011"]]
  [1m[36mTRANSACTION (0.2ms)[0m  [1m[35mCOMMIT[0m
  [1m[36mPermission Load (0.1ms)[0m  [1m[34mSELECT "permissions".* FROM "permissions" WHERE "permissions"."name" = $1 LIMIT $2[0m  [["name", "reports:finalize"], ["LIMIT", 1]]
  [1m[36mTRANSACTION (0.1ms)[0m  [1m[35mBEGIN[0m
  [1m[36mPermission Exists? (0.5ms)[0m  [1m[34mSELECT 1 AS one FROM "permissions" WHERE "permissions"."name" = $1 LIMIT $2[0m  [["name", "reports:finalize"], ["LIMIT", 1]]
  [1m[36mPermission Exists? (0.1ms)[0m  [1m[34mSELECT 1 AS one FROM "permissions" WHERE "permissions"."path" = $1 AND "permissions"."method" = $2 LIMIT $3[0m  [["path", "/reports/:id/finalize"], ["method", "POST"], ["LIMIT", 1]]
  [1m[36mPermission Create (0.2ms)[0m  [1m[32mINSERT INTO "permissions" ("name", "method", "path", "description", "created_at") VALUES ($1, $2, $3, $4, $5) RETURNING "id"[0m  [["name", "reports:finalize"], ["method", "POST"], ["path", "/reports/:id/finalize"], ["description", nil], ["created_at", "2026-05-17 11:01:44.114807"]]
  [1m[36mTRANSACTION (0.2ms)[0m  [1m[35mCOMMIT[0m
  [1m[36mPermission Load (0.0ms)[0m  [1m[34mSELECT "permissions".* FROM "permissions" WHERE "permissions"."name" = $1 LIMIT $2[0m  [["name", "reports:export"], ["LIMIT", 1]]
  [1m[36mTRANSACTION (0.0ms)[0m  [1m[35mBEGIN[0m
  [1m[36mPermission Exists? (0.4ms)[0m  [1m[34mSELECT 1 AS one FROM "permissions" WHERE "permissions"."name" = $1 LIMIT $2[0m  [["name", "reports:export"], ["LIMIT", 1]]
  [1m[36mPermission Exists? (0.1ms)[0m  [1m[34mSELECT 1 AS one FROM "permissions" WHERE "permissions"."path" = $1 AND "permissions"."method" = $2 LIMIT $3[0m  [["path", "/reports/export"], ["method", "GET"], ["LIMIT", 1]]
  [1m[36mPermission Create (0.1ms)[0m  [1m[32mINSERT INTO "permissions" ("name", "method", "path", "description", "created_at") VALUES ($1, $2, $3, $4, $5) RETURNING "id"[0m  [["name", "reports:export"], ["method", "GET"], ["path", "/reports/export"], ["description", nil], ["created_at", "2026-05-17 11:01:44.117213"]]
  [1m[36mTRANSACTION (0.2ms)[0m  [1m[35mCOMMIT[0m
  [1m[36mPermission Load (0.1ms)[0m  [1m[34mSELECT "permissions".* FROM "permissions" WHERE "permissions"."name" = $1 LIMIT $2[0m  [["name", "activities:list"], ["LIMIT", 1]]
  [1m[36mTRANSACTION (0.0ms)[0m  [1m[35mBEGIN[0m
  [1m[36mPermission Exists? (0.4ms)[0m  [1m[34mSELECT 1 AS one FROM "permissions" WHERE "permissions"."name" = $1 LIMIT $2[0m  [["name", "activities:list"], ["LIMIT", 1]]
  [1m[36mPermission Exists? (0.1ms)[0m  [1m[34mSELECT 1 AS one FROM "permissions" WHERE "permissions"."path" = $1 AND "permissions"."method" = $2 LIMIT $3[0m  [["path", "/activities"], ["method", "GET"], ["LIMIT", 1]]
  [1m[36mPermission Create (0.1ms)[0m  [1m[32mINSERT INTO "permissions" ("name", "method", "path", "description", "created_at") VALUES ($1, $2, $3, $4, $5) RETURNING "id"[0m  [["name", "activities:list"], ["method", "GET"], ["path", "/activities"], ["description", nil], ["created_at", "2026-05-17 11:01:44.119562"]]
  [1m[36mTRANSACTION (0.2ms)[0m  [1m[35mCOMMIT[0m
  [1m[36mPermission Load (0.1ms)[0m  [1m[34mSELECT "permissions".* FROM "permissions" WHERE "permissions"."name" = $1 LIMIT $2[0m  [["name", "activities:create"], ["LIMIT", 1]]
  [1m[36mTRANSACTION (0.0ms)[0m  [1m[35mBEGIN[0m
  [1m[36mPermission Exists? (0.6ms)[0m  [1m[34mSELECT 1 AS one FROM "permissions" WHERE "permissions"."name" = $1 LIMIT $2[0m  [["name", "activities:create"], ["LIMIT", 1]]
  [1m[36mPermission Exists? (0.1ms)[0m  [1m[34mSELECT 1 AS one FROM "permissions" WHERE "permissions"."path" = $1 AND "permissions"."method" = $2 LIMIT $3[0m  [["path", "/activities"], ["method", "POST"], ["LIMIT", 1]]
  [1m[36mPermission Create (0.1ms)[0m  [1m[32mINSERT INTO "permissions" ("name", "method", "path", "description", "created_at") VALUES ($1, $2, $3, $4, $5) RETURNING "id"[0m  [["name", "activities:create"], ["method", "POST"], ["path", "/activities"], ["description", nil], ["created_at", "2026-05-17 11:01:44.122193"]]
  [1m[36mTRANSACTION (0.1ms)[0m  [1m[35mCOMMIT[0m
  [1m[36mPermission Load (0.0ms)[0m  [1m[34mSELECT "permissions".* FROM "permissions" WHERE "permissions"."name" = $1 LIMIT $2[0m  [["name", "audit_logs:read"], ["LIMIT", 1]]
  [1m[36mTRANSACTION (0.0ms)[0m  [1m[35mBEGIN[0m
  [1m[36mPermission Exists? (0.4ms)[0m  [1m[34mSELECT 1 AS one FROM "permissions" WHERE "permissions"."name" = $1 LIMIT $2[0m  [["name", "audit_logs:read"], ["LIMIT", 1]]
  [1m[36mPermission Exists? (0.1ms)[0m  [1m[34mSELECT 1 AS one FROM "permissions" WHERE "permissions"."path" = $1 AND "permissions"."method" = $2 LIMIT $3[0m  [["path", "/audit-logs"], ["method", "GET"], ["LIMIT", 1]]
  [1m[36mPermission Create (0.1ms)[0m  [1m[32mINSERT INTO "permissions" ("name", "method", "path", "description", "created_at") VALUES ($1, $2, $3, $4, $5) RETURNING "id"[0m  [["name", "audit_logs:read"], ["method", "GET"], ["path", "/audit-logs"], ["description", nil], ["created_at", "2026-05-17 11:01:44.124560"]]
  [1m[36mTRANSACTION (0.1ms)[0m  [1m[35mCOMMIT[0m
  [1m[36mRolePermission Load (0.5ms)[0m  [1m[34mSELECT "role_permissions".* FROM "role_permissions" WHERE "role_permissions"."role_id" = $1 AND "role_permissions"."permission_id" = $2 LIMIT $3[0m  [["role_id", "a7ad4f2c-166e-4162-8df1-3f2ea71b1441"], ["permission_id", "047fb4ba-ca28-4157-8300-f9ceeaa8a2a5"], ["LIMIT", 1]]
  [1m[36mTRANSACTION (0.0ms)[0m  [1m[35mBEGIN[0m
  [1m[36mRolePermission Exists? (0.2ms)[0m  [1m[34mSELECT 1 AS one FROM "role_permissions" WHERE "role_permissions"."role_id" = $1 AND "role_permissions"."permission_id" = $2 LIMIT $3[0m  [["role_id", "a7ad4f2c-166e-4162-8df1-3f2ea71b1441"], ["permission_id", "047fb4ba-ca28-4157-8300-f9ceeaa8a2a5"], ["LIMIT", 1]]
  [1m[36mRolePermission Create (0.6ms)[0m  [1m[32mINSERT INTO "role_permissions" ("role_id", "permission_id", "created_at") VALUES ($1, $2, $3) RETURNING "id"[0m  [["role_id", "a7ad4f2c-166e-4162-8df1-3f2ea71b1441"], ["permission_id", "047fb4ba-ca28-4157-8300-f9ceeaa8a2a5"], ["created_at", "2026-05-17 11:01:44.145781"]]
  [1m[36mTRANSACTION (0.2ms)[0m  [1m[35mCOMMIT[0m
  [1m[36mRolePermission Load (0.1ms)[0m  [1m[34mSELECT "role_permissions".* FROM "role_permissions" WHERE "role_permissions"."role_id" = $1 AND "role_permissions"."permission_id" = $2 LIMIT $3[0m  [["role_id", "a7ad4f2c-166e-4162-8df1-3f2ea71b1441"], ["permission_id", "bb982a20-186e-45f4-a78d-890fd6204350"], ["LIMIT", 1]]
  [1m[36mTRANSACTION (0.0ms)[0m  [1m[35mBEGIN[0m
  [1m[36mRolePermission Exists? (0.5ms)[0m  [1m[34mSELECT 1 AS one FROM "role_permissions" WHERE "role_permissions"."role_id" = $1 AND "role_permissions"."permission_id" = $2 LIMIT $3[0m  [["role_id", "a7ad4f2c-166e-4162-8df1-3f2ea71b1441"], ["permission_id", "bb982a20-186e-45f4-a78d-890fd6204350"], ["LIMIT", 1]]
  [1m[36mRolePermission Create (0.2ms)[0m  [1m[32mINSERT INTO "role_permissions" ("role_id", "permission_id", "created_at") VALUES ($1, $2, $3) RETURNING "id"[0m  [["role_id", "a7ad4f2c-166e-4162-8df1-3f2ea71b1441"], ["permission_id", "bb982a20-186e-45f4-a78d-890fd6204350"], ["created_at", "2026-05-17 11:01:44.148581"]]
  [1m[36mTRANSACTION (0.1ms)[0m  [1m[35mCOMMIT[0m
  [1m[36mRolePermission Load (0.1ms)[0m  [1m[34mSELECT "role_permissions".* FROM "role_permissions" WHERE "role_permissions"."role_id" = $1 AND "role_permissions"."permission_id" = $2 LIMIT $3[0m  [["role_id", "a7ad4f2c-166e-4162-8df1-3f2ea71b1441"], ["permission_id", "340a56ad-69d1-4781-b914-71bcb51a20ec"], ["LIMIT", 1]]
  [1m[36mTRANSACTION (0.0ms)[0m  [1m[35mBEGIN[0m
  [1m[36mRolePermission Exists? (0.5ms)[0m  [1m[34mSELECT 1 AS one FROM "role_permissions" WHERE "role_permissions"."role_id" = $1 AND "role_permissions"."permission_id" = $2 LIMIT $3[0m  [["role_id", "a7ad4f2c-166e-4162-8df1-3f2ea71b1441"], ["permission_id", "340a56ad-69d1-4781-b914-71bcb51a20ec"], ["LIMIT", 1]]
  [1m[36mRolePermission Create (0.2ms)[0m  [1m[32mINSERT INTO "role_permissions" ("role_id", "permission_id", "created_at") VALUES ($1, $2, $3) RETURNING "id"[0m  [["role_id", "a7ad4f2c-166e-4162-8df1-3f2ea71b1441"], ["permission_id", "340a56ad-69d1-4781-b914-71bcb51a20ec"], ["created_at", "2026-05-17 11:01:44.150690"]]
  [1m[36mTRANSACTION (0.1ms)[0m  [1m[35mCOMMIT[0m
  [1m[36mRolePermission Load (0.1ms)[0m  [1m[34mSELECT "role_permissions".* FROM "role_permissions" WHERE "role_permissions"."role_id" = $1 AND "role_permissions"."permission_id" = $2 LIMIT $3[0m  [["role_id", "a7ad4f2c-166e-4162-8df1-3f2ea71b1441"], ["permission_id", "1846b868-40ef-42d1-b896-adb84a1d7675"], ["LIMIT", 1]]
  [1m[36mTRANSACTION (0.0ms)[0m  [1m[35mBEGIN[0m
  [1m[36mRolePermission Exists? (0.5ms)[0m  [1m[34mSELECT 1 AS one FROM "role_permissions" WHERE "role_permissions"."role_id" = $1 AND "role_permissions"."permission_id" = $2 LIMIT $3[0m  [["role_id", "a7ad4f2c-166e-4162-8df1-3f2ea71b1441"], ["permission_id", "1846b868-40ef-42d1-b896-adb84a1d7675"], ["LIMIT", 1]]
  [1m[36mRolePermission Create (0.1ms)[0m  [1m[32mINSERT INTO "role_permissions" ("role_id", "permission_id", "created_at") VALUES ($1, $2, $3) RETURNING "id"[0m  [["role_id", "a7ad4f2c-166e-4162-8df1-3f2ea71b1441"], ["permission_id", "1846b868-40ef-42d1-b896-adb84a1d7675"], ["created_at", "2026-05-17 11:01:44.152733"]]
  [1m[36mTRANSACTION (0.2ms)[0m  [1m[35mCOMMIT[0m
  [1m[36mRolePermission Load (0.1ms)[0m  [1m[34mSELECT "role_permissions".* FROM "role_permissions" WHERE "role_permissions"."role_id" = $1 AND "role_permissions"."permission_id" = $2 LIMIT $3[0m  [["role_id", "a7ad4f2c-166e-4162-8df1-3f2ea71b1441"], ["permission_id", "99fe173e-3de7-4fa5-83d2-b62865575544"], ["LIMIT", 1]]
  [1m[36mTRANSACTION (0.0ms)[0m  [1m[35mBEGIN[0m
  [1m[36mRolePermission Exists? (0.7ms)[0m  [1m[34mSELECT 1 AS one FROM "role_permissions" WHERE "role_permissions"."role_id" = $1 AND "role_permissions"."permission_id" = $2 LIMIT $3[0m  [["role_id", "a7ad4f2c-166e-4162-8df1-3f2ea71b1441"], ["permission_id", "99fe173e-3de7-4fa5-83d2-b62865575544"], ["LIMIT", 1]]
  [1m[36mRolePermission Create (0.3ms)[0m  [1m[32mINSERT INTO "role_permissions" ("role_id", "permission_id", "created_at") VALUES ($1, $2, $3) RETURNING "id"[0m  [["role_id", "a7ad4f2c-166e-4162-8df1-3f2ea71b1441"], ["permission_id", "99fe173e-3de7-4fa5-83d2-b62865575544"], ["created_at", "2026-05-17 11:01:44.155134"]]
  [1m[36mTRANSACTION (0.2ms)[0m  [1m[35mCOMMIT[0m
  [1m[36mRolePermission Load (0.1ms)[0m  [1m[34mSELECT "role_permissions".* FROM "role_permissions" WHERE "role_permissions"."role_id" = $1 AND "role_permissions"."permission_id" = $2 LIMIT $3[0m  [["role_id", "a7ad4f2c-166e-4162-8df1-3f2ea71b1441"], ["permission_id", "f85f75c8-bb89-403c-b6d0-4a253151a0cd"], ["LIMIT", 1]]
  [1m[36mTRANSACTION (0.0ms)[0m  [1m[35mBEGIN[0m
  [1m[36mRolePermission Exists? (0.5ms)[0m  [1m[34mSELECT 1 AS one FROM "role_permissions" WHERE "role_permissions"."role_id" = $1 AND "role_permissions"."permission_id" = $2 LIMIT $3[0m  [["role_id", "a7ad4f2c-166e-4162-8df1-3f2ea71b1441"], ["permission_id", "f85f75c8-bb89-403c-b6d0-4a253151a0cd"], ["LIMIT", 1]]
  [1m[36mRolePermission Create (0.3ms)[0m  [1m[32mINSERT INTO "role_permissions" ("role_id", "permission_id", "created_at") VALUES ($1, $2, $3) RETURNING "id"[0m  [["role_id", "a7ad4f2c-166e-4162-8df1-3f2ea71b1441"], ["permission_id", "f85f75c8-bb89-403c-b6d0-4a253151a0cd"], ["created_at", "2026-05-17 11:01:44.157458"]]
  [1m[36mTRANSACTION (0.2ms)[0m  [1m[35mCOMMIT[0m
  [1m[36mRolePermission Load (0.1ms)[0m  [1m[34mSELECT "role_permissions".* FROM "role_permissions" WHERE "role_permissions"."role_id" = $1 AND "role_permissions"."permission_id" = $2 LIMIT $3[0m  [["role_id", "a7ad4f2c-166e-4162-8df1-3f2ea71b1441"], ["permission_id", "28b1ed25-6f09-4a7e-8ced-600e8ecf76e9"], ["LIMIT", 1]]
  [1m[36mTRANSACTION (0.0ms)[0m  [1m[35mBEGIN[0m
  [1m[36mRolePermission Exists? (0.5ms)[0m  [1m[34mSELECT 1 AS one FROM "role_permissions" WHERE "role_permissions"."role_id" = $1 AND "role_permissions"."permission_id" = $2 LIMIT $3[0m  [["role_id", "a7ad4f2c-166e-4162-8df1-3f2ea71b1441"], ["permission_id", "28b1ed25-6f09-4a7e-8ced-600e8ecf76e9"], ["LIMIT", 1]]
  [1m[36mRolePermission Create (0.2ms)[0m  [1m[32mINSERT INTO "role_permissions" ("role_id", "permission_id", "created_at") VALUES ($1, $2, $3) RETURNING "id"[0m  [["role_id", "a7ad4f2c-166e-4162-8df1-3f2ea71b1441"], ["permission_id", "28b1ed25-6f09-4a7e-8ced-600e8ecf76e9"], ["created_at", "2026-05-17 11:01:44.159829"]]
  [1m[36mTRANSACTION (0.1ms)[0m  [1m[35mCOMMIT[0m
  [1m[36mRolePermission Load (0.1ms)[0m  [1m[34mSELECT "role_permissions".* FROM "role_permissions" WHERE "role_permissions"."role_id" = $1 AND "role_permissions"."permission_id" = $2 LIMIT $3[0m  [["role_id", "a7ad4f2c-166e-4162-8df1-3f2ea71b1441"], ["permission_id", "b26b5bde-fa34-4237-bd0c-4a54d2d0a631"], ["LIMIT", 1]]
  [1m[36mTRANSACTION (0.0ms)[0m  [1m[35mBEGIN[0m
  [1m[36mRolePermission Exists? (0.4ms)[0m  [1m[34mSELECT 1 AS one FROM "role_permissions" WHERE "role_permissions"."role_id" = $1 AND "role_permissions"."permission_id" = $2 LIMIT $3[0m  [["role_id", "a7ad4f2c-166e-4162-8df1-3f2ea71b1441"], ["permission_id", "b26b5bde-fa34-4237-bd0c-4a54d2d0a631"], ["LIMIT", 1]]
  [1m[36mRolePermission Create (0.2ms)[0m  [1m[32mINSERT INTO "role_permissions" ("role_id", "permission_id", "created_at") VALUES ($1, $2, $3) RETURNING "id"[0m  [["role_id", "a7ad4f2c-166e-4162-8df1-3f2ea71b1441"], ["permission_id", "b26b5bde-fa34-4237-bd0c-4a54d2d0a631"], ["created_at", "2026-05-17 11:01:44.161974"]]
  [1m[36mTRANSACTION (0.2ms)[0m  [1m[35mCOMMIT[0m
  [1m[36mRolePermission Load (0.1ms)[0m  [1m[34mSELECT "role_permissions".* FROM "role_permissions" WHERE "role_permissions"."role_id" = $1 AND "role_permissions"."permission_id" = $2 LIMIT $3[0m  [["role_id", "a7ad4f2c-166e-4162-8df1-3f2ea71b1441"], ["permission_id", "24d3ee13-2aeb-459e-a787-2fa8eb44181f"], ["LIMIT", 1]]
  [1m[36mTRANSACTION (0.0ms)[0m  [1m[35mBEGIN[0m
  [1m[36mRolePermission Exists? (0.5ms)[0m  [1m[34mSELECT 1 AS one FROM "role_permissions" WHERE "role_permissions"."role_id" = $1 AND "role_permissions"."permission_id" = $2 LIMIT $3[0m  [["role_id", "a7ad4f2c-166e-4162-8df1-3f2ea71b1441"], ["permission_id", "24d3ee13-2aeb-459e-a787-2fa8eb44181f"], ["LIMIT", 1]]
  [1m[36mRolePermission Create (0.2ms)[0m  [1m[32mINSERT INTO "role_permissions" ("role_id", "permission_id", "created_at") VALUES ($1, $2, $3) RETURNING "id"[0m  [["role_id", "a7ad4f2c-166e-4162-8df1-3f2ea71b1441"], ["permission_id", "24d3ee13-2aeb-459e-a787-2fa8eb44181f"], ["created_at", "2026-05-17 11:01:44.164130"]]
  [1m[36mTRANSACTION (0.2ms)[0m  [1m[35mCOMMIT[0m
  [1m[36mRolePermission Load (0.1ms)[0m  [1m[34mSELECT "role_permissions".* FROM "role_permissions" WHERE "role_permissions"."role_id" = $1 AND "role_permissions"."permission_id" = $2 LIMIT $3[0m  [["role_id", "a7ad4f2c-166e-4162-8df1-3f2ea71b1441"], ["permission_id", "33dc6499-f72f-4553-9c71-cb0ef5e7112d"], ["LIMIT", 1]]
  [1m[36mTRANSACTION (0.0ms)[0m  [1m[35mBEGIN[0m
  [1m[36mRolePermission Exists? (0.5ms)[0m  [1m[34mSELECT 1 AS one FROM "role_permissions" WHERE "role_permissions"."role_id" = $1 AND "role_permissions"."permission_id" = $2 LIMIT $3[0m  [["role_id", "a7ad4f2c-166e-4162-8df1-3f2ea71b1441"], ["permission_id", "33dc6499-f72f-4553-9c71-cb0ef5e7112d"], ["LIMIT", 1]]
  [1m[36mRolePermission Create (0.2ms)[0m  [1m[32mINSERT INTO "role_permissions" ("role_id", "permission_id", "created_at") VALUES ($1, $2, $3) RETURNING "id"[0m  [["role_id", "a7ad4f2c-166e-4162-8df1-3f2ea71b1441"], ["permission_id", "33dc6499-f72f-4553-9c71-cb0ef5e7112d"], ["created_at", "2026-05-17 11:01:44.166305"]]
  [1m[36mTRANSACTION (0.2ms)[0m  [1m[35mCOMMIT[0m
  [1m[36mRolePermission Load (0.1ms)[0m  [1m[34mSELECT "role_permissions".* FROM "role_permissions" WHERE "role_permissions"."role_id" = $1 AND "role_permissions"."permission_id" = $2 LIMIT $3[0m  [["role_id", "a7ad4f2c-166e-4162-8df1-3f2ea71b1441"], ["permission_id", "0313f285-1188-40b7-a237-cc737e319be9"], ["LIMIT", 1]]
  [1m[36mTRANSACTION (0.1ms)[0m  [1m[35mBEGIN[0m
  [1m[36mRolePermission Exists? (1.2ms)[0m  [1m[34mSELECT 1 AS one FROM "role_permissions" WHERE "role_permissions"."role_id" = $1 AND "role_permissions"."permission_id" = $2 LIMIT $3[0m  [["role_id", "a7ad4f2c-166e-4162-8df1-3f2ea71b1441"], ["permission_id", "0313f285-1188-40b7-a237-cc737e319be9"], ["LIMIT", 1]]
  [1m[36mRolePermission Create (0.2ms)[0m  [1m[32mINSERT INTO "role_permissions" ("role_id", "permission_id", "created_at") VALUES ($1, $2, $3) RETURNING "id"[0m  [["role_id", "a7ad4f2c-166e-4162-8df1-3f2ea71b1441"], ["permission_id", "0313f285-1188-40b7-a237-cc737e319be9"], ["created_at", "2026-05-17 11:01:44.172320"]]
  [1m[36mTRANSACTION (0.2ms)[0m  [1m[35mCOMMIT[0m
  [1m[36mRolePermission Load (0.1ms)[0m  [1m[34mSELECT "role_permissions".* FROM "role_permissions" WHERE "role_permissions"."role_id" = $1 AND "role_permissions"."permission_id" = $2 LIMIT $3[0m  [["role_id", "a7ad4f2c-166e-4162-8df1-3f2ea71b1441"], ["permission_id", "b2e29ed3-cefc-47a6-8ef1-ead2a2f14a82"], ["LIMIT", 1]]
  [1m[36mTRANSACTION (0.0ms)[0m  [1m[35mBEGIN[0m
  [1m[36mRolePermission Exists? (1.2ms)[0m  [1m[34mSELECT 1 AS one FROM "role_permissions" WHERE "role_permissions"."role_id" = $1 AND "role_permissions"."permission_id" = $2 LIMIT $3[0m  [["role_id", "a7ad4f2c-166e-4162-8df1-3f2ea71b1441"], ["permission_id", "b2e29ed3-cefc-47a6-8ef1-ead2a2f14a82"], ["LIMIT", 1]]
  [1m[36mRolePermission Create (0.2ms)[0m  [1m[32mINSERT INTO "role_permissions" ("role_id", "permission_id", "created_at") VALUES ($1, $2, $3) RETURNING "id"[0m  [["role_id", "a7ad4f2c-166e-4162-8df1-3f2ea71b1441"], ["permission_id", "b2e29ed3-cefc-47a6-8ef1-ead2a2f14a82"], ["created_at", "2026-05-17 11:01:44.179772"]]
  [1m[36mTRANSACTION (0.2ms)[0m  [1m[35mCOMMIT[0m
  [1m[36mRolePermission Load (0.1ms)[0m  [1m[34mSELECT "role_permissions".* FROM "role_permissions" WHERE "role_permissions"."role_id" = $1 AND "role_permissions"."permission_id" = $2 LIMIT $3[0m  [["role_id", "91edcdf4-6b73-42f2-baff-123093374a23"], ["permission_id", "bb982a20-186e-45f4-a78d-890fd6204350"], ["LIMIT", 1]]
  [1m[36mTRANSACTION (0.0ms)[0m  [1m[35mBEGIN[0m
  [1m[36mRolePermission Exists? (2.0ms)[0m  [1m[34mSELECT 1 AS one FROM "role_permissions" WHERE "role_permissions"."role_id" = $1 AND "role_permissions"."permission_id" = $2 LIMIT $3[0m  [["role_id", "91edcdf4-6b73-42f2-baff-123093374a23"], ["permission_id", "bb982a20-186e-45f4-a78d-890fd6204350"], ["LIMIT", 1]]
  [1m[36mRolePermission Create (0.3ms)[0m  [1m[32mINSERT INTO "role_permissions" ("role_id", "permission_id", "created_at") VALUES ($1, $2, $3) RETURNING "id"[0m  [["role_id", "91edcdf4-6b73-42f2-baff-123093374a23"], ["permission_id", "bb982a20-186e-45f4-a78d-890fd6204350"], ["created_at", "2026-05-17 11:01:44.186661"]]
  [1m[36mTRANSACTION (0.4ms)[0m  [1m[35mCOMMIT[0m
  [1m[36mRolePermission Load (0.1ms)[0m  [1m[34mSELECT "role_permissions".* FROM "role_permissions" WHERE "role_permissions"."role_id" = $1 AND "role_permissions"."permission_id" = $2 LIMIT $3[0m  [["role_id", "91edcdf4-6b73-42f2-baff-123093374a23"], ["permission_id", "340a56ad-69d1-4781-b914-71bcb51a20ec"], ["LIMIT", 1]]
  [1m[36mTRANSACTION (0.1ms)[0m  [1m[35mBEGIN[0m
  [1m[36mRolePermission Exists? (2.7ms)[0m  [1m[34mSELECT 1 AS one FROM "role_permissions" WHERE "role_permissions"."role_id" = $1 AND "role_permissions"."permission_id" = $2 LIMIT $3[0m  [["role_id", "91edcdf4-6b73-42f2-baff-123093374a23"], ["permission_id", "340a56ad-69d1-4781-b914-71bcb51a20ec"], ["LIMIT", 1]]
  [1m[36mRolePermission Create (1.1ms)[0m  [1m[32mINSERT INTO "role_permissions" ("role_id", "permission_id", "created_at") VALUES ($1, $2, $3) RETURNING "id"[0m  [["role_id", "91edcdf4-6b73-42f2-baff-123093374a23"], ["permission_id", "340a56ad-69d1-4781-b914-71bcb51a20ec"], ["created_at", "2026-05-17 11:01:44.201580"]]
  [1m[36mTRANSACTION (0.2ms)[0m  [1m[35mCOMMIT[0m
  [1m[36mRolePermission Load (0.1ms)[0m  [1m[34mSELECT "role_permissions".* FROM "role_permissions" WHERE "role_permissions"."role_id" = $1 AND "role_permissions"."permission_id" = $2 LIMIT $3[0m  [["role_id", "91edcdf4-6b73-42f2-baff-123093374a23"], ["permission_id", "1846b868-40ef-42d1-b896-adb84a1d7675"], ["LIMIT", 1]]
  [1m[36mTRANSACTION (0.0ms)[0m  [1m[35mBEGIN[0m
  [1m[36mRolePermission Exists? (0.7ms)[0m  [1m[34mSELECT 1 AS one FROM "role_permissions" WHERE "role_permissions"."role_id" = $1 AND "role_permissions"."permission_id" = $2 LIMIT $3[0m  [["role_id", "91edcdf4-6b73-42f2-baff-123093374a23"], ["permission_id", "1846b868-40ef-42d1-b896-adb84a1d7675"], ["LIMIT", 1]]
  [1m[36mRolePermission Create (0.2ms)[0m  [1m[32mINSERT INTO "role_permissions" ("role_id", "permission_id", "created_at") VALUES ($1, $2, $3) RETURNING "id"[0m  [["role_id", "91edcdf4-6b73-42f2-baff-123093374a23"], ["permission_id", "1846b868-40ef-42d1-b896-adb84a1d7675"], ["created_at", "2026-05-17 11:01:44.205253"]]
  [1m[36mTRANSACTION (0.2ms)[0m  [1m[35mCOMMIT[0m
  [1m[36mRolePermission Load (0.1ms)[0m  [1m[34mSELECT "role_permissions".* FROM "role_permissions" WHERE "role_permissions"."role_id" = $1 AND "role_permissions"."permission_id" = $2 LIMIT $3[0m  [["role_id", "91edcdf4-6b73-42f2-baff-123093374a23"], ["permission_id", "99fe173e-3de7-4fa5-83d2-b62865575544"], ["LIMIT", 1]]
  [1m[36mTRANSACTION (0.0ms)[0m  [1m[35mBEGIN[0m
  [1m[36mRolePermission Exists? (0.6ms)[0m  [1m[34mSELECT 1 AS one FROM "role_permissions" WHERE "role_permissions"."role_id" = $1 AND "role_permissions"."permission_id" = $2 LIMIT $3[0m  [["role_id", "91edcdf4-6b73-42f2-baff-123093374a23"], ["permission_id", "99fe173e-3de7-4fa5-83d2-b62865575544"], ["LIMIT", 1]]
  [1m[36mRolePermission Create (0.3ms)[0m  [1m[32mINSERT INTO "role_permissions" ("role_id", "permission_id", "created_at") VALUES ($1, $2, $3) RETURNING "id"[0m  [["role_id", "91edcdf4-6b73-42f2-baff-123093374a23"], ["permission_id", "99fe173e-3de7-4fa5-83d2-b62865575544"], ["created_at", "2026-05-17 11:01:44.207839"]]
  [1m[36mTRANSACTION (0.3ms)[0m  [1m[35mCOMMIT[0m
  [1m[36mRolePermission Load (0.1ms)[0m  [1m[34mSELECT "role_permissions".* FROM "role_permissions" WHERE "role_permissions"."role_id" = $1 AND "role_permissions"."permission_id" = $2 LIMIT $3[0m  [["role_id", "91edcdf4-6b73-42f2-baff-123093374a23"], ["permission_id", "f85f75c8-bb89-403c-b6d0-4a253151a0cd"], ["LIMIT", 1]]
  [1m[36mTRANSACTION (0.0ms)[0m  [1m[35mBEGIN[0m
  [1m[36mRolePermission Exists? (0.6ms)[0m  [1m[34mSELECT 1 AS one FROM "role_permissions" WHERE "role_permissions"."role_id" = $1 AND "role_permissions"."permission_id" = $2 LIMIT $3[0m  [["role_id", "91edcdf4-6b73-42f2-baff-123093374a23"], ["permission_id", "f85f75c8-bb89-403c-b6d0-4a253151a0cd"], ["LIMIT", 1]]
  [1m[36mRolePermission Create (0.2ms)[0m  [1m[32mINSERT INTO "role_permissions" ("role_id", "permission_id", "created_at") VALUES ($1, $2, $3) RETURNING "id"[0m  [["role_id", "91edcdf4-6b73-42f2-baff-123093374a23"], ["permission_id", "f85f75c8-bb89-403c-b6d0-4a253151a0cd"], ["created_at", "2026-05-17 11:01:44.210353"]]
  [1m[36mTRANSACTION (0.3ms)[0m  [1m[35mCOMMIT[0m
  [1m[36mRolePermission Load (0.1ms)[0m  [1m[34mSELECT "role_permissions".* FROM "role_permissions" WHERE "role_permissions"."role_id" = $1 AND "role_permissions"."permission_id" = $2 LIMIT $3[0m  [["role_id", "91edcdf4-6b73-42f2-baff-123093374a23"], ["permission_id", "28b1ed25-6f09-4a7e-8ced-600e8ecf76e9"], ["LIMIT", 1]]
  [1m[36mTRANSACTION (0.0ms)[0m  [1m[35mBEGIN[0m
  [1m[36mRolePermission Exists? (0.5ms)[0m  [1m[34mSELECT 1 AS one FROM "role_permissions" WHERE "role_permissions"."role_id" = $1 AND "role_permissions"."permission_id" = $2 LIMIT $3[0m  [["role_id", "91edcdf4-6b73-42f2-baff-123093374a23"], ["permission_id", "28b1ed25-6f09-4a7e-8ced-600e8ecf76e9"], ["LIMIT", 1]]
  [1m[36mRolePermission Create (0.2ms)[0m  [1m[32mINSERT INTO "role_permissions" ("role_id", "permission_id", "created_at") VALUES ($1, $2, $3) RETURNING "id"[0m  [["role_id", "91edcdf4-6b73-42f2-baff-123093374a23"], ["permission_id", "28b1ed25-6f09-4a7e-8ced-600e8ecf76e9"], ["created_at", "2026-05-17 11:01:44.212805"]]
  [1m[36mTRANSACTION (0.1ms)[0m  [1m[35mCOMMIT[0m
  [1m[36mRolePermission Load (0.1ms)[0m  [1m[34mSELECT "role_permissions".* FROM "role_permissions" WHERE "role_permissions"."role_id" = $1 AND "role_permissions"."permission_id" = $2 LIMIT $3[0m  [["role_id", "91edcdf4-6b73-42f2-baff-123093374a23"], ["permission_id", "b26b5bde-fa34-4237-bd0c-4a54d2d0a631"], ["LIMIT", 1]]
  [1m[36mTRANSACTION (0.0ms)[0m  [1m[35mBEGIN[0m
  [1m[36mRolePermission Exists? (0.5ms)[0m  [1m[34mSELECT 1 AS one FROM "role_permissions" WHERE "role_permissions"."role_id" = $1 AND "role_permissions"."permission_id" = $2 LIMIT $3[0m  [["role_id", "91edcdf4-6b73-42f2-baff-123093374a23"], ["permission_id", "b26b5bde-fa34-4237-bd0c-4a54d2d0a631"], ["LIMIT", 1]]
  [1m[36mRolePermission Create (0.2ms)[0m  [1m[32mINSERT INTO "role_permissions" ("role_id", "permission_id", "created_at") VALUES ($1, $2, $3) RETURNING "id"[0m  [["role_id", "91edcdf4-6b73-42f2-baff-123093374a23"], ["permission_id", "b26b5bde-fa34-4237-bd0c-4a54d2d0a631"], ["created_at", "2026-05-17 11:01:44.215056"]]
  [1m[36mTRANSACTION (0.2ms)[0m  [1m[35mCOMMIT[0m
  [1m[36mRolePermission Load (0.1ms)[0m  [1m[34mSELECT "role_permissions".* FROM "role_permissions" WHERE "role_permissions"."role_id" = $1 AND "role_permissions"."permission_id" = $2 LIMIT $3[0m  [["role_id", "91edcdf4-6b73-42f2-baff-123093374a23"], ["permission_id", "24d3ee13-2aeb-459e-a787-2fa8eb44181f"], ["LIMIT", 1]]
  [1m[36mTRANSACTION (0.0ms)[0m  [1m[35mBEGIN[0m
  [1m[36mRolePermission Exists? (0.4ms)[0m  [1m[34mSELECT 1 AS one FROM "role_permissions" WHERE "role_permissions"."role_id" = $1 AND "role_permissions"."permission_id" = $2 LIMIT $3[0m  [["role_id", "91edcdf4-6b73-42f2-baff-123093374a23"], ["permission_id", "24d3ee13-2aeb-459e-a787-2fa8eb44181f"], ["LIMIT", 1]]
  [1m[36mRolePermission Create (0.2ms)[0m  [1m[32mINSERT INTO "role_permissions" ("role_id", "permission_id", "created_at") VALUES ($1, $2, $3) RETURNING "id"[0m  [["role_id", "91edcdf4-6b73-42f2-baff-123093374a23"], ["permission_id", "24d3ee13-2aeb-459e-a787-2fa8eb44181f"], ["created_at", "2026-05-17 11:01:44.217134"]]
  [1m[36mTRANSACTION (0.2ms)[0m  [1m[35mCOMMIT[0m
  [1m[36mRolePermission Load (0.1ms)[0m  [1m[34mSELECT "role_permissions".* FROM "role_permissions" WHERE "role_permissions"."role_id" = $1 AND "role_permissions"."permission_id" = $2 LIMIT $3[0m  [["role_id", "91edcdf4-6b73-42f2-baff-123093374a23"], ["permission_id", "33dc6499-f72f-4553-9c71-cb0ef5e7112d"], ["LIMIT", 1]]
  [1m[36mTRANSACTION (0.0ms)[0m  [1m[35mBEGIN[0m
  [1m[36mRolePermission Exists? (0.6ms)[0m  [1m[34mSELECT 1 AS one FROM "role_permissions" WHERE "role_permissions"."role_id" = $1 AND "role_permissions"."permission_id" = $2 LIMIT $3[0m  [["role_id", "91edcdf4-6b73-42f2-baff-123093374a23"], ["permission_id", "33dc6499-f72f-4553-9c71-cb0ef5e7112d"], ["LIMIT", 1]]
  [1m[36mRolePermission Create (0.2ms)[0m  [1m[32mINSERT INTO "role_permissions" ("role_id", "permission_id", "created_at") VALUES ($1, $2, $3) RETURNING "id"[0m  [["role_id", "91edcdf4-6b73-42f2-baff-123093374a23"], ["permission_id", "33dc6499-f72f-4553-9c71-cb0ef5e7112d"], ["created_at", "2026-05-17 11:01:44.219356"]]
  [1m[36mTRANSACTION (0.2ms)[0m  [1m[35mCOMMIT[0m
  [1m[36mRolePermission Load (0.1ms)[0m  [1m[34mSELECT "role_permissions".* FROM "role_permissions" WHERE "role_permissions"."role_id" = $1 AND "role_permissions"."permission_id" = $2 LIMIT $3[0m  [["role_id", "91edcdf4-6b73-42f2-baff-123093374a23"], ["permission_id", "b2e29ed3-cefc-47a6-8ef1-ead2a2f14a82"], ["LIMIT", 1]]
  [1m[36mTRANSACTION (0.1ms)[0m  [1m[35mBEGIN[0m
  [1m[36mRolePermission Exists? (0.6ms)[0m  [1m[34mSELECT 1 AS one FROM "role_permissions" WHERE "role_permissions"."role_id" = $1 AND "role_permissions"."permission_id" = $2 LIMIT $3[0m  [["role_id", "91edcdf4-6b73-42f2-baff-123093374a23"], ["permission_id", "b2e29ed3-cefc-47a6-8ef1-ead2a2f14a82"], ["LIMIT", 1]]
  [1m[36mRolePermission Create (0.2ms)[0m  [1m[32mINSERT INTO "role_permissions" ("role_id", "permission_id", "created_at") VALUES ($1, $2, $3) RETURNING "id"[0m  [["role_id", "91edcdf4-6b73-42f2-baff-123093374a23"], ["permission_id", "b2e29ed3-cefc-47a6-8ef1-ead2a2f14a82"], ["created_at", "2026-05-17 11:01:44.221672"]]
  [1m[36mTRANSACTION (0.2ms)[0m  [1m[35mCOMMIT[0m
  [1m[36mRolePermission Load (0.1ms)[0m  [1m[34mSELECT "role_permissions".* FROM "role_permissions" WHERE "role_permissions"."role_id" = $1 AND "role_permissions"."permission_id" = $2 LIMIT $3[0m  [["role_id", "49d9e1e7-73ed-43ef-87a8-563f9a7642c9"], ["permission_id", "047fb4ba-ca28-4157-8300-f9ceeaa8a2a5"], ["LIMIT", 1]]
  [1m[36mTRANSACTION (0.0ms)[0m  [1m[35mBEGIN[0m
  [1m[36mRolePermission Exists? (0.5ms)[0m  [1m[34mSELECT 1 AS one FROM "role_permissions" WHERE "role_permissions"."role_id" = $1 AND "role_permissions"."permission_id" = $2 LIMIT $3[0m  [["role_id", "49d9e1e7-73ed-43ef-87a8-563f9a7642c9"], ["permission_id", "047fb4ba-ca28-4157-8300-f9ceeaa8a2a5"], ["LIMIT", 1]]
  [1m[36mRolePermission Create (0.1ms)[0m  [1m[32mINSERT INTO "role_permissions" ("role_id", "permission_id", "created_at") VALUES ($1, $2, $3) RETURNING "id"[0m  [["role_id", "49d9e1e7-73ed-43ef-87a8-563f9a7642c9"], ["permission_id", "047fb4ba-ca28-4157-8300-f9ceeaa8a2a5"], ["created_at", "2026-05-17 11:01:44.223966"]]
  [1m[36mTRANSACTION (0.2ms)[0m  [1m[35mCOMMIT[0m
  [1m[36mRolePermission Load (0.1ms)[0m  [1m[34mSELECT "role_permissions".* FROM "role_permissions" WHERE "role_permissions"."role_id" = $1 AND "role_permissions"."permission_id" = $2 LIMIT $3[0m  [["role_id", "49d9e1e7-73ed-43ef-87a8-563f9a7642c9"], ["permission_id", "bb982a20-186e-45f4-a78d-890fd6204350"], ["LIMIT", 1]]
  [1m[36mTRANSACTION (0.0ms)[0m  [1m[35mBEGIN[0m
  [1m[36mRolePermission Exists? (0.4ms)[0m  [1m[34mSELECT 1 AS one FROM "role_permissions" WHERE "role_permissions"."role_id" = $1 AND "role_permissions"."permission_id" = $2 LIMIT $3[0m  [["role_id", "49d9e1e7-73ed-43ef-87a8-563f9a7642c9"], ["permission_id", "bb982a20-186e-45f4-a78d-890fd6204350"], ["LIMIT", 1]]
  [1m[36mRolePermission Create (0.1ms)[0m  [1m[32mINSERT INTO "role_permissions" ("role_id", "permission_id", "created_at") VALUES ($1, $2, $3) RETURNING "id"[0m  [["role_id", "49d9e1e7-73ed-43ef-87a8-563f9a7642c9"], ["permission_id", "bb982a20-186e-45f4-a78d-890fd6204350"], ["created_at", "2026-05-17 11:01:44.226043"]]
  [1m[36mTRANSACTION (0.2ms)[0m  [1m[35mCOMMIT[0m
  [1m[36mRolePermission Load (0.1ms)[0m  [1m[34mSELECT "role_permissions".* FROM "role_permissions" WHERE "role_permissions"."role_id" = $1 AND "role_permissions"."permission_id" = $2 LIMIT $3[0m  [["role_id", "49d9e1e7-73ed-43ef-87a8-563f9a7642c9"], ["permission_id", "340a56ad-69d1-4781-b914-71bcb51a20ec"], ["LIMIT", 1]]
  [1m[36mTRANSACTION (0.0ms)[0m  [1m[35mBEGIN[0m
  [1m[36mRolePermission Exists? (0.4ms)[0m  [1m[34mSELECT 1 AS one FROM "role_permissions" WHERE "role_permissions"."role_id" = $1 AND "role_permissions"."permission_id" = $2 LIMIT $3[0m  [["role_id", "49d9e1e7-73ed-43ef-87a8-563f9a7642c9"], ["permission_id", "340a56ad-69d1-4781-b914-71bcb51a20ec"], ["LIMIT", 1]]
  [1m[36mRolePermission Create (0.2ms)[0m  [1m[32mINSERT INTO "role_permissions" ("role_id", "permission_id", "created_at") VALUES ($1, $2, $3) RETURNING "id"[0m  [["role_id", "49d9e1e7-73ed-43ef-87a8-563f9a7642c9"], ["permission_id", "340a56ad-69d1-4781-b914-71bcb51a20ec"], ["created_at", "2026-05-17 11:01:44.228165"]]
  [1m[36mTRANSACTION (0.2ms)[0m  [1m[35mCOMMIT[0m
  [1m[36mRolePermission Load (0.1ms)[0m  [1m[34mSELECT "role_permissions".* FROM "role_permissions" WHERE "role_permissions"."role_id" = $1 AND "role_permissions"."permission_id" = $2 LIMIT $3[0m  [["role_id", "49d9e1e7-73ed-43ef-87a8-563f9a7642c9"], ["permission_id", "1846b868-40ef-42d1-b896-adb84a1d7675"], ["LIMIT", 1]]
  [1m[36mTRANSACTION (0.0ms)[0m  [1m[35mBEGIN[0m
  [1m[36mRolePermission Exists? (0.5ms)[0m  [1m[34mSELECT 1 AS one FROM "role_permissions" WHERE "role_permissions"."role_id" = $1 AND "role_permissions"."permission_id" = $2 LIMIT $3[0m  [["role_id", "49d9e1e7-73ed-43ef-87a8-563f9a7642c9"], ["permission_id", "1846b868-40ef-42d1-b896-adb84a1d7675"], ["LIMIT", 1]]
  [1m[36mRolePermission Create (0.2ms)[0m  [1m[32mINSERT INTO "role_permissions" ("role_id", "permission_id", "created_at") VALUES ($1, $2, $3) RETURNING "id"[0m  [["role_id", "49d9e1e7-73ed-43ef-87a8-563f9a7642c9"], ["permission_id", "1846b868-40ef-42d1-b896-adb84a1d7675"], ["created_at", "2026-05-17 11:01:44.230329"]]
  [1m[36mTRANSACTION (0.2ms)[0m  [1m[35mCOMMIT[0m
  [1m[36mRolePermission Load (0.1ms)[0m  [1m[34mSELECT "role_permissions".* FROM "role_permissions" WHERE "role_permissions"."role_id" = $1 AND "role_permissions"."permission_id" = $2 LIMIT $3[0m  [["role_id", "49d9e1e7-73ed-43ef-87a8-563f9a7642c9"], ["permission_id", "99fe173e-3de7-4fa5-83d2-b62865575544"], ["LIMIT", 1]]
  [1m[36mTRANSACTION (0.0ms)[0m  [1m[35mBEGIN[0m
  [1m[36mRolePermission Exists? (0.4ms)[0m  [1m[34mSELECT 1 AS one FROM "role_permissions" WHERE "role_permissions"."role_id" = $1 AND "role_permissions"."permission_id" = $2 LIMIT $3[0m  [["role_id", "49d9e1e7-73ed-43ef-87a8-563f9a7642c9"], ["permission_id", "99fe173e-3de7-4fa5-83d2-b62865575544"], ["LIMIT", 1]]
  [1m[36mRolePermission Create (0.1ms)[0m  [1m[32mINSERT INTO "role_permissions" ("role_id", "permission_id", "created_at") VALUES ($1, $2, $3) RETURNING "id"[0m  [["role_id", "49d9e1e7-73ed-43ef-87a8-563f9a7642c9"], ["permission_id", "99fe173e-3de7-4fa5-83d2-b62865575544"], ["created_at", "2026-05-17 11:01:44.232390"]]
  [1m[36mTRANSACTION (0.2ms)[0m  [1m[35mCOMMIT[0m
  [1m[36mRolePermission Load (0.1ms)[0m  [1m[34mSELECT "role_permissions".* FROM "role_permissions" WHERE "role_permissions"."role_id" = $1 AND "role_permissions"."permission_id" = $2 LIMIT $3[0m  [["role_id", "49d9e1e7-73ed-43ef-87a8-563f9a7642c9"], ["permission_id", "f85f75c8-bb89-403c-b6d0-4a253151a0cd"], ["LIMIT", 1]]
  [1m[36mTRANSACTION (0.0ms)[0m  [1m[35mBEGIN[0m
  [1m[36mRolePermission Exists? (0.4ms)[0m  [1m[34mSELECT 1 AS one FROM "role_permissions" WHERE "role_permissions"."role_id" = $1 AND "role_permissions"."permission_id" = $2 LIMIT $3[0m  [["role_id", "49d9e1e7-73ed-43ef-87a8-563f9a7642c9"], ["permission_id", "f85f75c8-bb89-403c-b6d0-4a253151a0cd"], ["LIMIT", 1]]
  [1m[36mRolePermission Create (0.2ms)[0m  [1m[32mINSERT INTO "role_permissions" ("role_id", "permission_id", "created_at") VALUES ($1, $2, $3) RETURNING "id"[0m  [["role_id", "49d9e1e7-73ed-43ef-87a8-563f9a7642c9"], ["permission_id", "f85f75c8-bb89-403c-b6d0-4a253151a0cd"], ["created_at", "2026-05-17 11:01:44.234401"]]
  [1m[36mTRANSACTION (0.1ms)[0m  [1m[35mCOMMIT[0m
  [1m[36mRolePermission Load (0.1ms)[0m  [1m[34mSELECT "role_permissions".* FROM "role_permissions" WHERE "role_permissions"."role_id" = $1 AND "role_permissions"."permission_id" = $2 LIMIT $3[0m  [["role_id", "49d9e1e7-73ed-43ef-87a8-563f9a7642c9"], ["permission_id", "b26b5bde-fa34-4237-bd0c-4a54d2d0a631"], ["LIMIT", 1]]
  [1m[36mTRANSACTION (0.0ms)[0m  [1m[35mBEGIN[0m
  [1m[36mRolePermission Exists? (0.4ms)[0m  [1m[34mSELECT 1 AS one FROM "role_permissions" WHERE "role_permissions"."role_id" = $1 AND "role_permissions"."permission_id" = $2 LIMIT $3[0m  [["role_id", "49d9e1e7-73ed-43ef-87a8-563f9a7642c9"], ["permission_id", "b26b5bde-fa34-4237-bd0c-4a54d2d0a631"], ["LIMIT", 1]]
  [1m[36mRolePermission Create (0.1ms)[0m  [1m[32mINSERT INTO "role_permissions" ("role_id", "permission_id", "created_at") VALUES ($1, $2, $3) RETURNING "id"[0m  [["role_id", "49d9e1e7-73ed-43ef-87a8-563f9a7642c9"], ["permission_id", "b26b5bde-fa34-4237-bd0c-4a54d2d0a631"], ["created_at", "2026-05-17 11:01:44.236383"]]
  [1m[36mTRANSACTION (0.1ms)[0m  [1m[35mCOMMIT[0m
  [1m[36mRolePermission Load (0.1ms)[0m  [1m[34mSELECT "role_permissions".* FROM "role_permissions" WHERE "role_permissions"."role_id" = $1 AND "role_permissions"."permission_id" = $2 LIMIT $3[0m  [["role_id", "49d9e1e7-73ed-43ef-87a8-563f9a7642c9"], ["permission_id", "24d3ee13-2aeb-459e-a787-2fa8eb44181f"], ["LIMIT", 1]]
  [1m[36mTRANSACTION (0.0ms)[0m  [1m[35mBEGIN[0m
  [1m[36mRolePermission Exists? (0.5ms)[0m  [1m[34mSELECT 1 AS one FROM "role_permissions" WHERE "role_permissions"."role_id" = $1 AND "role_permissions"."permission_id" = $2 LIMIT $3[0m  [["role_id", "49d9e1e7-73ed-43ef-87a8-563f9a7642c9"], ["permission_id", "24d3ee13-2aeb-459e-a787-2fa8eb44181f"], ["LIMIT", 1]]
  [1m[36mRolePermission Create (0.2ms)[0m  [1m[32mINSERT INTO "role_permissions" ("role_id", "permission_id", "created_at") VALUES ($1, $2, $3) RETURNING "id"[0m  [["role_id", "49d9e1e7-73ed-43ef-87a8-563f9a7642c9"], ["permission_id", "24d3ee13-2aeb-459e-a787-2fa8eb44181f"], ["created_at", "2026-05-17 11:01:44.238405"]]
  [1m[36mTRANSACTION (0.1ms)[0m  [1m[35mCOMMIT[0m
  [1m[36mRolePermission Load (0.1ms)[0m  [1m[34mSELECT "role_permissions".* FROM "role_permissions" WHERE "role_permissions"."role_id" = $1 AND "role_permissions"."permission_id" = $2 LIMIT $3[0m  [["role_id", "49d9e1e7-73ed-43ef-87a8-563f9a7642c9"], ["permission_id", "33dc6499-f72f-4553-9c71-cb0ef5e7112d"], ["LIMIT", 1]]
  [1m[36mTRANSACTION (0.0ms)[0m  [1m[35mBEGIN[0m
  [1m[36mRolePermission Exists? (0.4ms)[0m  [1m[34mSELECT 1 AS one FROM "role_permissions" WHERE "role_permissions"."role_id" = $1 AND "role_permissions"."permission_id" = $2 LIMIT $3[0m  [["role_id", "49d9e1e7-73ed-43ef-87a8-563f9a7642c9"], ["permission_id", "33dc6499-f72f-4553-9c71-cb0ef5e7112d"], ["LIMIT", 1]]
  [1m[36mRolePermission Create (0.1ms)[0m  [1m[32mINSERT INTO "role_permissions" ("role_id", "permission_id", "created_at") VALUES ($1, $2, $3) RETURNING "id"[0m  [["role_id", "49d9e1e7-73ed-43ef-87a8-563f9a7642c9"], ["permission_id", "33dc6499-f72f-4553-9c71-cb0ef5e7112d"], ["created_at", "2026-05-17 11:01:44.240390"]]
  [1m[36mTRANSACTION (0.1ms)[0m  [1m[35mCOMMIT[0m
  [1m[36mRolePermission Load (0.1ms)[0m  [1m[34mSELECT "role_permissions".* FROM "role_permissions" WHERE "role_permissions"."role_id" = $1 AND "role_permissions"."permission_id" = $2 LIMIT $3[0m  [["role_id", "49d9e1e7-73ed-43ef-87a8-563f9a7642c9"], ["permission_id", "caa49da3-8c5a-4f0e-8aa2-e777823de495"], ["LIMIT", 1]]
  [1m[36mTRANSACTION (0.0ms)[0m  [1m[35mBEGIN[0m
  [1m[36mRolePermission Exists? (0.5ms)[0m  [1m[34mSELECT 1 AS one FROM "role_permissions" WHERE "role_permissions"."role_id" = $1 AND "role_permissions"."permission_id" = $2 LIMIT $3[0m  [["role_id", "49d9e1e7-73ed-43ef-87a8-563f9a7642c9"], ["permission_id", "caa49da3-8c5a-4f0e-8aa2-e777823de495"], ["LIMIT", 1]]
  [1m[36mRolePermission Create (0.2ms)[0m  [1m[32mINSERT INTO "role_permissions" ("role_id", "permission_id", "created_at") VALUES ($1, $2, $3) RETURNING "id"[0m  [["role_id", "49d9e1e7-73ed-43ef-87a8-563f9a7642c9"], ["permission_id", "caa49da3-8c5a-4f0e-8aa2-e777823de495"], ["created_at", "2026-05-17 11:01:44.242344"]]
  [1m[36mTRANSACTION (0.2ms)[0m  [1m[35mCOMMIT[0m
  [1m[36mRolePermission Load (0.1ms)[0m  [1m[34mSELECT "role_permissions".* FROM "role_permissions" WHERE "role_permissions"."role_id" = $1 AND "role_permissions"."permission_id" = $2 LIMIT $3[0m  [["role_id", "49d9e1e7-73ed-43ef-87a8-563f9a7642c9"], ["permission_id", "0313f285-1188-40b7-a237-cc737e319be9"], ["LIMIT", 1]]
  [1m[36mTRANSACTION (0.0ms)[0m  [1m[35mBEGIN[0m
  [1m[36mRolePermission Exists? (0.5ms)[0m  [1m[34mSELECT 1 AS one FROM "role_permissions" WHERE "role_permissions"."role_id" = $1 AND "role_permissions"."permission_id" = $2 LIMIT $3[0m  [["role_id", "49d9e1e7-73ed-43ef-87a8-563f9a7642c9"], ["permission_id", "0313f285-1188-40b7-a237-cc737e319be9"], ["LIMIT", 1]]
  [1m[36mRolePermission Create (0.1ms)[0m  [1m[32mINSERT INTO "role_permissions" ("role_id", "permission_id", "created_at") VALUES ($1, $2, $3) RETURNING "id"[0m  [["role_id", "49d9e1e7-73ed-43ef-87a8-563f9a7642c9"], ["permission_id", "0313f285-1188-40b7-a237-cc737e319be9"], ["created_at", "2026-05-17 11:01:44.244448"]]
  [1m[36mTRANSACTION (0.2ms)[0m  [1m[35mCOMMIT[0m
  [1m[36mRolePermission Load (0.1ms)[0m  [1m[34mSELECT "role_permissions".* FROM "role_permissions" WHERE "role_permissions"."role_id" = $1 AND "role_permissions"."permission_id" = $2 LIMIT $3[0m  [["role_id", "49d9e1e7-73ed-43ef-87a8-563f9a7642c9"], ["permission_id", "b2e29ed3-cefc-47a6-8ef1-ead2a2f14a82"], ["LIMIT", 1]]
  [1m[36mTRANSACTION (0.0ms)[0m  [1m[35mBEGIN[0m
  [1m[36mRolePermission Exists? (0.5ms)[0m  [1m[34mSELECT 1 AS one FROM "role_permissions" WHERE "role_permissions"."role_id" = $1 AND "role_permissions"."permission_id" = $2 LIMIT $3[0m  [["role_id", "49d9e1e7-73ed-43ef-87a8-563f9a7642c9"], ["permission_id", "b2e29ed3-cefc-47a6-8ef1-ead2a2f14a82"], ["LIMIT", 1]]
  [1m[36mRolePermission Create (0.2ms)[0m  [1m[32mINSERT INTO "role_permissions" ("role_id", "permission_id", "created_at") VALUES ($1, $2, $3) RETURNING "id"[0m  [["role_id", "49d9e1e7-73ed-43ef-87a8-563f9a7642c9"], ["permission_id", "b2e29ed3-cefc-47a6-8ef1-ead2a2f14a82"], ["created_at", "2026-05-17 11:01:44.246498"]]
  [1m[36mTRANSACTION (0.1ms)[0m  [1m[35mCOMMIT[0m
  [1m[36mRolePermission Load (0.1ms)[0m  [1m[34mSELECT "role_permissions".* FROM "role_permissions" WHERE "role_permissions"."role_id" = $1 AND "role_permissions"."permission_id" = $2 LIMIT $3[0m  [["role_id", "4062eb4c-0d97-472b-a8ca-a606ec01f8b0"], ["permission_id", "bb982a20-186e-45f4-a78d-890fd6204350"], ["LIMIT", 1]]
  [1m[36mTRANSACTION (0.0ms)[0m  [1m[35mBEGIN[0m
  [1m[36mRolePermission Exists? (0.5ms)[0m  [1m[34mSELECT 1 AS one FROM "role_permissions" WHERE "role_permissions"."role_id" = $1 AND "role_permissions"."permission_id" = $2 LIMIT $3[0m  [["role_id", "4062eb4c-0d97-472b-a8ca-a606ec01f8b0"], ["permission_id", "bb982a20-186e-45f4-a78d-890fd6204350"], ["LIMIT", 1]]
  [1m[36mRolePermission Create (0.1ms)[0m  [1m[32mINSERT INTO "role_permissions" ("role_id", "permission_id", "created_at") VALUES ($1, $2, $3) RETURNING "id"[0m  [["role_id", "4062eb4c-0d97-472b-a8ca-a606ec01f8b0"], ["permission_id", "bb982a20-186e-45f4-a78d-890fd6204350"], ["created_at", "2026-05-17 11:01:44.248607"]]
  [1m[36mTRANSACTION (0.1ms)[0m  [1m[35mCOMMIT[0m
  [1m[36mRolePermission Load (0.0ms)[0m  [1m[34mSELECT "role_permissions".* FROM "role_permissions" WHERE "role_permissions"."role_id" = $1 AND "role_permissions"."permission_id" = $2 LIMIT $3[0m  [["role_id", "4062eb4c-0d97-472b-a8ca-a606ec01f8b0"], ["permission_id", "340a56ad-69d1-4781-b914-71bcb51a20ec"], ["LIMIT", 1]]
  [1m[36mTRANSACTION (0.0ms)[0m  [1m[35mBEGIN[0m
  [1m[36mRolePermission Exists? (0.4ms)[0m  [1m[34mSELECT 1 AS one FROM "role_permissions" WHERE "role_permissions"."role_id" = $1 AND "role_permissions"."permission_id" = $2 LIMIT $3[0m  [["role_id", "4062eb4c-0d97-472b-a8ca-a606ec01f8b0"], ["permission_id", "340a56ad-69d1-4781-b914-71bcb51a20ec"], ["LIMIT", 1]]
  [1m[36mRolePermission Create (0.2ms)[0m  [1m[32mINSERT INTO "role_permissions" ("role_id", "permission_id", "created_at") VALUES ($1, $2, $3) RETURNING "id"[0m  [["role_id", "4062eb4c-0d97-472b-a8ca-a606ec01f8b0"], ["permission_id", "340a56ad-69d1-4781-b914-71bcb51a20ec"], ["created_at", "2026-05-17 11:01:44.250521"]]
  [1m[36mTRANSACTION (0.2ms)[0m  [1m[35mCOMMIT[0m
  [1m[36mRolePermission Load (0.0ms)[0m  [1m[34mSELECT "role_permissions".* FROM "role_permissions" WHERE "role_permissions"."role_id" = $1 AND "role_permissions"."permission_id" = $2 LIMIT $3[0m  [["role_id", "4062eb4c-0d97-472b-a8ca-a606ec01f8b0"], ["permission_id", "1846b868-40ef-42d1-b896-adb84a1d7675"], ["LIMIT", 1]]
  [1m[36mTRANSACTION (0.0ms)[0m  [1m[35mBEGIN[0m
  [1m[36mRolePermission Exists? (0.5ms)[0m  [1m[34mSELECT 1 AS one FROM "role_permissions" WHERE "role_permissions"."role_id" = $1 AND "role_permissions"."permission_id" = $2 LIMIT $3[0m  [["role_id", "4062eb4c-0d97-472b-a8ca-a606ec01f8b0"], ["permission_id", "1846b868-40ef-42d1-b896-adb84a1d7675"], ["LIMIT", 1]]
  [1m[36mRolePermission Create (0.1ms)[0m  [1m[32mINSERT INTO "role_permissions" ("role_id", "permission_id", "created_at") VALUES ($1, $2, $3) RETURNING "id"[0m  [["role_id", "4062eb4c-0d97-472b-a8ca-a606ec01f8b0"], ["permission_id", "1846b868-40ef-42d1-b896-adb84a1d7675"], ["created_at", "2026-05-17 11:01:44.252597"]]
  [1m[36mTRANSACTION (0.1ms)[0m  [1m[35mCOMMIT[0m
  [1m[36mRolePermission Load (0.1ms)[0m  [1m[34mSELECT "role_permissions".* FROM "role_permissions" WHERE "role_permissions"."role_id" = $1 AND "role_permissions"."permission_id" = $2 LIMIT $3[0m  [["role_id", "4062eb4c-0d97-472b-a8ca-a606ec01f8b0"], ["permission_id", "99fe173e-3de7-4fa5-83d2-b62865575544"], ["LIMIT", 1]]
  [1m[36mTRANSACTION (0.0ms)[0m  [1m[35mBEGIN[0m
  [1m[36mRolePermission Exists? (0.4ms)[0m  [1m[34mSELECT 1 AS one FROM "role_permissions" WHERE "role_permissions"."role_id" = $1 AND "role_permissions"."permission_id" = $2 LIMIT $3[0m  [["role_id", "4062eb4c-0d97-472b-a8ca-a606ec01f8b0"], ["permission_id", "99fe173e-3de7-4fa5-83d2-b62865575544"], ["LIMIT", 1]]
  [1m[36mRolePermission Create (0.2ms)[0m  [1m[32mINSERT INTO "role_permissions" ("role_id", "permission_id", "created_at") VALUES ($1, $2, $3) RETURNING "id"[0m  [["role_id", "4062eb4c-0d97-472b-a8ca-a606ec01f8b0"], ["permission_id", "99fe173e-3de7-4fa5-83d2-b62865575544"], ["created_at", "2026-05-17 11:01:44.254468"]]
  [1m[36mTRANSACTION (0.1ms)[0m  [1m[35mCOMMIT[0m
  [1m[36mRolePermission Load (0.1ms)[0m  [1m[34mSELECT "role_permissions".* FROM "role_permissions" WHERE "role_permissions"."role_id" = $1 AND "role_permissions"."permission_id" = $2 LIMIT $3[0m  [["role_id", "4062eb4c-0d97-472b-a8ca-a606ec01f8b0"], ["permission_id", "f85f75c8-bb89-403c-b6d0-4a253151a0cd"], ["LIMIT", 1]]
  [1m[36mTRANSACTION (0.0ms)[0m  [1m[35mBEGIN[0m
  [1m[36mRolePermission Exists? (0.6ms)[0m  [1m[34mSELECT 1 AS one FROM "role_permissions" WHERE "role_permissions"."role_id" = $1 AND "role_permissions"."permission_id" = $2 LIMIT $3[0m  [["role_id", "4062eb4c-0d97-472b-a8ca-a606ec01f8b0"], ["permission_id", "f85f75c8-bb89-403c-b6d0-4a253151a0cd"], ["LIMIT", 1]]
  [1m[36mRolePermission Create (0.1ms)[0m  [1m[32mINSERT INTO "role_permissions" ("role_id", "permission_id", "created_at") VALUES ($1, $2, $3) RETURNING "id"[0m  [["role_id", "4062eb4c-0d97-472b-a8ca-a606ec01f8b0"], ["permission_id", "f85f75c8-bb89-403c-b6d0-4a253151a0cd"], ["created_at", "2026-05-17 11:01:44.256608"]]
  [1m[36mTRANSACTION (0.1ms)[0m  [1m[35mCOMMIT[0m
  [1m[36mRolePermission Load (0.0ms)[0m  [1m[34mSELECT "role_permissions".* FROM "role_permissions" WHERE "role_permissions"."role_id" = $1 AND "role_permissions"."permission_id" = $2 LIMIT $3[0m  [["role_id", "4062eb4c-0d97-472b-a8ca-a606ec01f8b0"], ["permission_id", "b26b5bde-fa34-4237-bd0c-4a54d2d0a631"], ["LIMIT", 1]]
  [1m[36mTRANSACTION (0.0ms)[0m  [1m[35mBEGIN[0m
  [1m[36mRolePermission Exists? (0.5ms)[0m  [1m[34mSELECT 1 AS one FROM "role_permissions" WHERE "role_permissions"."role_id" = $1 AND "role_permissions"."permission_id" = $2 LIMIT $3[0m  [["role_id", "4062eb4c-0d97-472b-a8ca-a606ec01f8b0"], ["permission_id", "b26b5bde-fa34-4237-bd0c-4a54d2d0a631"], ["LIMIT", 1]]
  [1m[36mRolePermission Create (0.2ms)[0m  [1m[32mINSERT INTO "role_permissions" ("role_id", "permission_id", "created_at") VALUES ($1, $2, $3) RETURNING "id"[0m  [["role_id", "4062eb4c-0d97-472b-a8ca-a606ec01f8b0"], ["permission_id", "b26b5bde-fa34-4237-bd0c-4a54d2d0a631"], ["created_at", "2026-05-17 11:01:44.258563"]]
  [1m[36mTRANSACTION (0.2ms)[0m  [1m[35mCOMMIT[0m
  [1m[36mRolePermission Load (0.1ms)[0m  [1m[34mSELECT "role_permissions".* FROM "role_permissions" WHERE "role_permissions"."role_id" = $1 AND "role_permissions"."permission_id" = $2 LIMIT $3[0m  [["role_id", "4062eb4c-0d97-472b-a8ca-a606ec01f8b0"], ["permission_id", "24d3ee13-2aeb-459e-a787-2fa8eb44181f"], ["LIMIT", 1]]
  [1m[36mTRANSACTION (0.0ms)[0m  [1m[35mBEGIN[0m
  [1m[36mRolePermission Exists? (0.5ms)[0m  [1m[34mSELECT 1 AS one FROM "role_permissions" WHERE "role_permissions"."role_id" = $1 AND "role_permissions"."permission_id" = $2 LIMIT $3[0m  [["role_id", "4062eb4c-0d97-472b-a8ca-a606ec01f8b0"], ["permission_id", "24d3ee13-2aeb-459e-a787-2fa8eb44181f"], ["LIMIT", 1]]
  [1m[36mRolePermission Create (0.2ms)[0m  [1m[32mINSERT INTO "role_permissions" ("role_id", "permission_id", "created_at") VALUES ($1, $2, $3) RETURNING "id"[0m  [["role_id", "4062eb4c-0d97-472b-a8ca-a606ec01f8b0"], ["permission_id", "24d3ee13-2aeb-459e-a787-2fa8eb44181f"], ["created_at", "2026-05-17 11:01:44.260652"]]
  [1m[36mTRANSACTION (0.1ms)[0m  [1m[35mCOMMIT[0m
  [1m[36mRolePermission Load (0.1ms)[0m  [1m[34mSELECT "role_permissions".* FROM "role_permissions" WHERE "role_permissions"."role_id" = $1 AND "role_permissions"."permission_id" = $2 LIMIT $3[0m  [["role_id", "4062eb4c-0d97-472b-a8ca-a606ec01f8b0"], ["permission_id", "33dc6499-f72f-4553-9c71-cb0ef5e7112d"], ["LIMIT", 1]]
  [1m[36mTRANSACTION (0.0ms)[0m  [1m[35mBEGIN[0m
  [1m[36mRolePermission Exists? (0.5ms)[0m  [1m[34mSELECT 1 AS one FROM "role_permissions" WHERE "role_permissions"."role_id" = $1 AND "role_permissions"."permission_id" = $2 LIMIT $3[0m  [["role_id", "4062eb4c-0d97-472b-a8ca-a606ec01f8b0"], ["permission_id", "33dc6499-f72f-4553-9c71-cb0ef5e7112d"], ["LIMIT", 1]]
  [1m[36mRolePermission Create (0.2ms)[0m  [1m[32mINSERT INTO "role_permissions" ("role_id", "permission_id", "created_at") VALUES ($1, $2, $3) RETURNING "id"[0m  [["role_id", "4062eb4c-0d97-472b-a8ca-a606ec01f8b0"], ["permission_id", "33dc6499-f72f-4553-9c71-cb0ef5e7112d"], ["created_at", "2026-05-17 11:01:44.262659"]]
  [1m[36mTRANSACTION (0.1ms)[0m  [1m[35mCOMMIT[0m
  [1m[36mRolePermission Load (0.1ms)[0m  [1m[34mSELECT "role_permissions".* FROM "role_permissions" WHERE "role_permissions"."role_id" = $1 AND "role_permissions"."permission_id" = $2 LIMIT $3[0m  [["role_id", "4062eb4c-0d97-472b-a8ca-a606ec01f8b0"], ["permission_id", "b2e29ed3-cefc-47a6-8ef1-ead2a2f14a82"], ["LIMIT", 1]]
  [1m[36mTRANSACTION (0.0ms)[0m  [1m[35mBEGIN[0m
  [1m[36mRolePermission Exists? (0.4ms)[0m  [1m[34mSELECT 1 AS one FROM "role_permissions" WHERE "role_permissions"."role_id" = $1 AND "role_permissions"."permission_id" = $2 LIMIT $3[0m  [["role_id", "4062eb4c-0d97-472b-a8ca-a606ec01f8b0"], ["permission_id", "b2e29ed3-cefc-47a6-8ef1-ead2a2f14a82"], ["LIMIT", 1]]
  [1m[36mRolePermission Create (0.3ms)[0m  [1m[32mINSERT INTO "role_permissions" ("role_id", "permission_id", "created_at") VALUES ($1, $2, $3) RETURNING "id"[0m  [["role_id", "4062eb4c-0d97-472b-a8ca-a606ec01f8b0"], ["permission_id", "b2e29ed3-cefc-47a6-8ef1-ead2a2f14a82"], ["created_at", "2026-05-17 11:01:44.264741"]]
  [1m[36mTRANSACTION (0.2ms)[0m  [1m[35mCOMMIT[0m
  [1m[36mRolePermission Load (0.1ms)[0m  [1m[34mSELECT "role_permissions".* FROM "role_permissions" WHERE "role_permissions"."role_id" = $1 AND "role_permissions"."permission_id" = $2 LIMIT $3[0m  [["role_id", "251fa639-6975-4181-9884-43cf69d98e5b"], ["permission_id", "1c70fa66-790a-4662-b139-7cdf6279a11f"], ["LIMIT", 1]]
  [1m[36mTRANSACTION (0.0ms)[0m  [1m[35mBEGIN[0m
  [1m[36mRolePermission Exists? (0.5ms)[0m  [1m[34mSELECT 1 AS one FROM "role_permissions" WHERE "role_permissions"."role_id" = $1 AND "role_permissions"."permission_id" = $2 LIMIT $3[0m  [["role_id", "251fa639-6975-4181-9884-43cf69d98e5b"], ["permission_id", "1c70fa66-790a-4662-b139-7cdf6279a11f"], ["LIMIT", 1]]
  [1m[36mRolePermission Create (0.2ms)[0m  [1m[32mINSERT INTO "role_permissions" ("role_id", "permission_id", "created_at") VALUES ($1, $2, $3) RETURNING "id"[0m  [["role_id", "251fa639-6975-4181-9884-43cf69d98e5b"], ["permission_id", "1c70fa66-790a-4662-b139-7cdf6279a11f"], ["created_at", "2026-05-17 11:01:44.266894"]]
  [1m[36mTRANSACTION (0.2ms)[0m  [1m[35mCOMMIT[0m
  [1m[36mRolePermission Load (0.1ms)[0m  [1m[34mSELECT "role_permissions".* FROM "role_permissions" WHERE "role_permissions"."role_id" = $1 AND "role_permissions"."permission_id" = $2 LIMIT $3[0m  [["role_id", "251fa639-6975-4181-9884-43cf69d98e5b"], ["permission_id", "a0b535af-6cf1-45fb-912a-1ad10361b0a1"], ["LIMIT", 1]]
  [1m[36mTRANSACTION (0.0ms)[0m  [1m[35mBEGIN[0m
  [1m[36mRolePermission Exists? (0.5ms)[0m  [1m[34mSELECT 1 AS one FROM "role_permissions" WHERE "role_permissions"."role_id" = $1 AND "role_permissions"."permission_id" = $2 LIMIT $3[0m  [["role_id", "251fa639-6975-4181-9884-43cf69d98e5b"], ["permission_id", "a0b535af-6cf1-45fb-912a-1ad10361b0a1"], ["LIMIT", 1]]
  [1m[36mRolePermission Create (0.2ms)[0m  [1m[32mINSERT INTO "role_permissions" ("role_id", "permission_id", "created_at") VALUES ($1, $2, $3) RETURNING "id"[0m  [["role_id", "251fa639-6975-4181-9884-43cf69d98e5b"], ["permission_id", "a0b535af-6cf1-45fb-912a-1ad10361b0a1"], ["created_at", "2026-05-17 11:01:44.268952"]]
  [1m[36mTRANSACTION (0.1ms)[0m  [1m[35mCOMMIT[0m
  [1m[36mRolePermission Load (0.0ms)[0m  [1m[34mSELECT "role_permissions".* FROM "role_permissions" WHERE "role_permissions"."role_id" = $1 AND "role_permissions"."permission_id" = $2 LIMIT $3[0m  [["role_id", "251fa639-6975-4181-9884-43cf69d98e5b"], ["permission_id", "e91210c0-d6b6-4684-bb28-3491c780ebc4"], ["LIMIT", 1]]
  [1m[36mTRANSACTION (0.0ms)[0m  [1m[35mBEGIN[0m
  [1m[36mRolePermission Exists? (0.8ms)[0m  [1m[34mSELECT 1 AS one FROM "role_permissions" WHERE "role_permissions"."role_id" = $1 AND "role_permissions"."permission_id" = $2 LIMIT $3[0m  [["role_id", "251fa639-6975-4181-9884-43cf69d98e5b"], ["permission_id", "e91210c0-d6b6-4684-bb28-3491c780ebc4"], ["LIMIT", 1]]
  [1m[36mRolePermission Create (0.2ms)[0m  [1m[32mINSERT INTO "role_permissions" ("role_id", "permission_id", "created_at") VALUES ($1, $2, $3) RETURNING "id"[0m  [["role_id", "251fa639-6975-4181-9884-43cf69d98e5b"], ["permission_id", "e91210c0-d6b6-4684-bb28-3491c780ebc4"], ["created_at", "2026-05-17 11:01:44.271222"]]
  [1m[36mTRANSACTION (0.6ms)[0m  [1m[35mCOMMIT[0m
  [1m[36mRolePermission Load (0.1ms)[0m  [1m[34mSELECT "role_permissions".* FROM "role_permissions" WHERE "role_permissions"."role_id" = $1 AND "role_permissions"."permission_id" = $2 LIMIT $3[0m  [["role_id", "251fa639-6975-4181-9884-43cf69d98e5b"], ["permission_id", "047fb4ba-ca28-4157-8300-f9ceeaa8a2a5"], ["LIMIT", 1]]
  [1m[36mTRANSACTION (0.0ms)[0m  [1m[35mBEGIN[0m
  [1m[36mRolePermission Exists? (0.5ms)[0m  [1m[34mSELECT 1 AS one FROM "role_permissions" WHERE "role_permissions"."role_id" = $1 AND "role_permissions"."permission_id" = $2 LIMIT $3[0m  [["role_id", "251fa639-6975-4181-9884-43cf69d98e5b"], ["permission_id", "047fb4ba-ca28-4157-8300-f9ceeaa8a2a5"], ["LIMIT", 1]]
  [1m[36mRolePermission Create (0.2ms)[0m  [1m[32mINSERT INTO "role_permissions" ("role_id", "permission_id", "created_at") VALUES ($1, $2, $3) RETURNING "id"[0m  [["role_id", "251fa639-6975-4181-9884-43cf69d98e5b"], ["permission_id", "047fb4ba-ca28-4157-8300-f9ceeaa8a2a5"], ["created_at", "2026-05-17 11:01:44.273948"]]
  [1m[36mTRANSACTION (0.1ms)[0m  [1m[35mCOMMIT[0m
  [1m[36mRolePermission Load (0.1ms)[0m  [1m[34mSELECT "role_permissions".* FROM "role_permissions" WHERE "role_permissions"."role_id" = $1 AND "role_permissions"."permission_id" = $2 LIMIT $3[0m  [["role_id", "251fa639-6975-4181-9884-43cf69d98e5b"], ["permission_id", "bb982a20-186e-45f4-a78d-890fd6204350"], ["LIMIT", 1]]
  [1m[36mTRANSACTION (0.0ms)[0m  [1m[35mBEGIN[0m
  [1m[36mRolePermission Exists? (0.5ms)[0m  [1m[34mSELECT 1 AS one FROM "role_permissions" WHERE "role_permissions"."role_id" = $1 AND "role_permissions"."permission_id" = $2 LIMIT $3[0m  [["role_id", "251fa639-6975-4181-9884-43cf69d98e5b"], ["permission_id", "bb982a20-186e-45f4-a78d-890fd6204350"], ["LIMIT", 1]]
  [1m[36mRolePermission Create (0.2ms)[0m  [1m[32mINSERT INTO "role_permissions" ("role_id", "permission_id", "created_at") VALUES ($1, $2, $3) RETURNING "id"[0m  [["role_id", "251fa639-6975-4181-9884-43cf69d98e5b"], ["permission_id", "bb982a20-186e-45f4-a78d-890fd6204350"], ["created_at", "2026-05-17 11:01:44.276147"]]
  [1m[36mTRANSACTION (0.2ms)[0m  [1m[35mCOMMIT[0m
  [1m[36mRolePermission Load (0.1ms)[0m  [1m[34mSELECT "role_permissions".* FROM "role_permissions" WHERE "role_permissions"."role_id" = $1 AND "role_permissions"."permission_id" = $2 LIMIT $3[0m  [["role_id", "251fa639-6975-4181-9884-43cf69d98e5b"], ["permission_id", "340a56ad-69d1-4781-b914-71bcb51a20ec"], ["LIMIT", 1]]
  [1m[36mTRANSACTION (0.0ms)[0m  [1m[35mBEGIN[0m
  [1m[36mRolePermission Exists? (0.4ms)[0m  [1m[34mSELECT 1 AS one FROM "role_permissions" WHERE "role_permissions"."role_id" = $1 AND "role_permissions"."permission_id" = $2 LIMIT $3[0m  [["role_id", "251fa639-6975-4181-9884-43cf69d98e5b"], ["permission_id", "340a56ad-69d1-4781-b914-71bcb51a20ec"], ["LIMIT", 1]]
  [1m[36mRolePermission Create (0.2ms)[0m  [1m[32mINSERT INTO "role_permissions" ("role_id", "permission_id", "created_at") VALUES ($1, $2, $3) RETURNING "id"[0m  [["role_id", "251fa639-6975-4181-9884-43cf69d98e5b"], ["permission_id", "340a56ad-69d1-4781-b914-71bcb51a20ec"], ["created_at", "2026-05-17 11:01:44.278232"]]
  [1m[36mTRANSACTION (0.1ms)[0m  [1m[35mCOMMIT[0m
  [1m[36mRolePermission Load (0.1ms)[0m  [1m[34mSELECT "role_permissions".* FROM "role_permissions" WHERE "role_permissions"."role_id" = $1 AND "role_permissions"."permission_id" = $2 LIMIT $3[0m  [["role_id", "251fa639-6975-4181-9884-43cf69d98e5b"], ["permission_id", "ccd51727-74bc-4bc6-beed-613d3061076a"], ["LIMIT", 1]]
  [1m[36mTRANSACTION (0.0ms)[0m  [1m[35mBEGIN[0m
  [1m[36mRolePermission Exists? (0.5ms)[0m  [1m[34mSELECT 1 AS one FROM "role_permissions" WHERE "role_permissions"."role_id" = $1 AND "role_permissions"."permission_id" = $2 LIMIT $3[0m  [["role_id", "251fa639-6975-4181-9884-43cf69d98e5b"], ["permission_id", "ccd51727-74bc-4bc6-beed-613d3061076a"], ["LIMIT", 1]]
  [1m[36mRolePermission Create (0.2ms)[0m  [1m[32mINSERT INTO "role_permissions" ("role_id", "permission_id", "created_at") VALUES ($1, $2, $3) RETURNING "id"[0m  [["role_id", "251fa639-6975-4181-9884-43cf69d98e5b"], ["permission_id", "ccd51727-74bc-4bc6-beed-613d3061076a"], ["created_at", "2026-05-17 11:01:44.280294"]]
  [1m[36mTRANSACTION (0.1ms)[0m  [1m[35mCOMMIT[0m
  [1m[36mRolePermission Load (0.1ms)[0m  [1m[34mSELECT "role_permissions".* FROM "role_permissions" WHERE "role_permissions"."role_id" = $1 AND "role_permissions"."permission_id" = $2 LIMIT $3[0m  [["role_id", "251fa639-6975-4181-9884-43cf69d98e5b"], ["permission_id", "48eaf575-d116-4acd-ace3-f0f421fb2ffd"], ["LIMIT", 1]]
  [1m[36mTRANSACTION (0.0ms)[0m  [1m[35mBEGIN[0m
  [1m[36mRolePermission Exists? (0.5ms)[0m  [1m[34mSELECT 1 AS one FROM "role_permissions" WHERE "role_permissions"."role_id" = $1 AND "role_permissions"."permission_id" = $2 LIMIT $3[0m  [["role_id", "251fa639-6975-4181-9884-43cf69d98e5b"], ["permission_id", "48eaf575-d116-4acd-ace3-f0f421fb2ffd"], ["LIMIT", 1]]
  [1m[36mRolePermission Create (0.1ms)[0m  [1m[32mINSERT INTO "role_permissions" ("role_id", "permission_id", "created_at") VALUES ($1, $2, $3) RETURNING "id"[0m  [["role_id", "251fa639-6975-4181-9884-43cf69d98e5b"], ["permission_id", "48eaf575-d116-4acd-ace3-f0f421fb2ffd"], ["created_at", "2026-05-17 11:01:44.282301"]]
  [1m[36mTRANSACTION (0.1ms)[0m  [1m[35mCOMMIT[0m
  [1m[36mRolePermission Load (0.1ms)[0m  [1m[34mSELECT "role_permissions".* FROM "role_permissions" WHERE "role_permissions"."role_id" = $1 AND "role_permissions"."permission_id" = $2 LIMIT $3[0m  [["role_id", "251fa639-6975-4181-9884-43cf69d98e5b"], ["permission_id", "1846b868-40ef-42d1-b896-adb84a1d7675"], ["LIMIT", 1]]
  [1m[36mTRANSACTION (0.0ms)[0m  [1m[35mBEGIN[0m
  [1m[36mRolePermission Exists? (0.5ms)[0m  [1m[34mSELECT 1 AS one FROM "role_permissions" WHERE "role_permissions"."role_id" = $1 AND "role_permissions"."permission_id" = $2 LIMIT $3[0m  [["role_id", "251fa639-6975-4181-9884-43cf69d98e5b"], ["permission_id", "1846b868-40ef-42d1-b896-adb84a1d7675"], ["LIMIT", 1]]
  [1m[36mRolePermission Create (0.2ms)[0m  [1m[32mINSERT INTO "role_permissions" ("role_id", "permission_id", "created_at") VALUES ($1, $2, $3) RETURNING "id"[0m  [["role_id", "251fa639-6975-4181-9884-43cf69d98e5b"], ["permission_id", "1846b868-40ef-42d1-b896-adb84a1d7675"], ["created_at", "2026-05-17 11:01:44.284278"]]
  [1m[36mTRANSACTION (0.2ms)[0m  [1m[35mCOMMIT[0m
  [1m[36mRolePermission Load (0.1ms)[0m  [1m[34mSELECT "role_permissions".* FROM "role_permissions" WHERE "role_permissions"."role_id" = $1 AND "role_permissions"."permission_id" = $2 LIMIT $3[0m  [["role_id", "251fa639-6975-4181-9884-43cf69d98e5b"], ["permission_id", "1a4c6495-bc14-4007-ac37-be575136857b"], ["LIMIT", 1]]
  [1m[36mTRANSACTION (0.0ms)[0m  [1m[35mBEGIN[0m
  [1m[36mRolePermission Exists? (0.5ms)[0m  [1m[34mSELECT 1 AS one FROM "role_permissions" WHERE "role_permissions"."role_id" = $1 AND "role_permissions"."permission_id" = $2 LIMIT $3[0m  [["role_id", "251fa639-6975-4181-9884-43cf69d98e5b"], ["permission_id", "1a4c6495-bc14-4007-ac37-be575136857b"], ["LIMIT", 1]]
  [1m[36mRolePermission Create (0.2ms)[0m  [1m[32mINSERT INTO "role_permissions" ("role_id", "permission_id", "created_at") VALUES ($1, $2, $3) RETURNING "id"[0m  [["role_id", "251fa639-6975-4181-9884-43cf69d98e5b"], ["permission_id", "1a4c6495-bc14-4007-ac37-be575136857b"], ["created_at", "2026-05-17 11:01:44.286440"]]
  [1m[36mTRANSACTION (0.2ms)[0m  [1m[35mCOMMIT[0m
  [1m[36mRolePermission Load (0.1ms)[0m  [1m[34mSELECT "role_permissions".* FROM "role_permissions" WHERE "role_permissions"."role_id" = $1 AND "role_permissions"."permission_id" = $2 LIMIT $3[0m  [["role_id", "251fa639-6975-4181-9884-43cf69d98e5b"], ["permission_id", "99fe173e-3de7-4fa5-83d2-b62865575544"], ["LIMIT", 1]]
  [1m[36mTRANSACTION (0.0ms)[0m  [1m[35mBEGIN[0m
  [1m[36mRolePermission Exists? (0.4ms)[0m  [1m[34mSELECT 1 AS one FROM "role_permissions" WHERE "role_permissions"."role_id" = $1 AND "role_permissions"."permission_id" = $2 LIMIT $3[0m  [["role_id", "251fa639-6975-4181-9884-43cf69d98e5b"], ["permission_id", "99fe173e-3de7-4fa5-83d2-b62865575544"], ["LIMIT", 1]]
  [1m[36mRolePermission Create (0.2ms)[0m  [1m[32mINSERT INTO "role_permissions" ("role_id", "permission_id", "created_at") VALUES ($1, $2, $3) RETURNING "id"[0m  [["role_id", "251fa639-6975-4181-9884-43cf69d98e5b"], ["permission_id", "99fe173e-3de7-4fa5-83d2-b62865575544"], ["created_at", "2026-05-17 11:01:44.288498"]]
  [1m[36mTRANSACTION (0.1ms)[0m  [1m[35mCOMMIT[0m
  [1m[36mRolePermission Load (0.1ms)[0m  [1m[34mSELECT "role_permissions".* FROM "role_permissions" WHERE "role_permissions"."role_id" = $1 AND "role_permissions"."permission_id" = $2 LIMIT $3[0m  [["role_id", "251fa639-6975-4181-9884-43cf69d98e5b"], ["permission_id", "d4fba961-3819-46b1-b50a-ad4a27bf1f6a"], ["LIMIT", 1]]
  [1m[36mTRANSACTION (0.0ms)[0m  [1m[35mBEGIN[0m
  [1m[36mRolePermission Exists? (0.4ms)[0m  [1m[34mSELECT 1 AS one FROM "role_permissions" WHERE "role_permissions"."role_id" = $1 AND "role_permissions"."permission_id" = $2 LIMIT $3[0m  [["role_id", "251fa639-6975-4181-9884-43cf69d98e5b"], ["permission_id", "d4fba961-3819-46b1-b50a-ad4a27bf1f6a"], ["LIMIT", 1]]
  [1m[36mRolePermission Create (0.1ms)[0m  [1m[32mINSERT INTO "role_permissions" ("role_id", "permission_id", "created_at") VALUES ($1, $2, $3) RETURNING "id"[0m  [["role_id", "251fa639-6975-4181-9884-43cf69d98e5b"], ["permission_id", "d4fba961-3819-46b1-b50a-ad4a27bf1f6a"], ["created_at", "2026-05-17 11:01:44.290619"]]
  [1m[36mTRANSACTION (0.2ms)[0m  [1m[35mCOMMIT[0m
  [1m[36mRolePermission Load (0.1ms)[0m  [1m[34mSELECT "role_permissions".* FROM "role_permissions" WHERE "role_permissions"."role_id" = $1 AND "role_permissions"."permission_id" = $2 LIMIT $3[0m  [["role_id", "251fa639-6975-4181-9884-43cf69d98e5b"], ["permission_id", "f85f75c8-bb89-403c-b6d0-4a253151a0cd"], ["LIMIT", 1]]
  [1m[36mTRANSACTION (0.0ms)[0m  [1m[35mBEGIN[0m
  [1m[36mRolePermission Exists? (0.5ms)[0m  [1m[34mSELECT 1 AS one FROM "role_permissions" WHERE "role_permissions"."role_id" = $1 AND "role_permissions"."permission_id" = $2 LIMIT $3[0m  [["role_id", "251fa639-6975-4181-9884-43cf69d98e5b"], ["permission_id", "f85f75c8-bb89-403c-b6d0-4a253151a0cd"], ["LIMIT", 1]]
  [1m[36mRolePermission Create (0.2ms)[0m  [1m[32mINSERT INTO "role_permissions" ("role_id", "permission_id", "created_at") VALUES ($1, $2, $3) RETURNING "id"[0m  [["role_id", "251fa639-6975-4181-9884-43cf69d98e5b"], ["permission_id", "f85f75c8-bb89-403c-b6d0-4a253151a0cd"], ["created_at", "2026-05-17 11:01:44.292761"]]
  [1m[36mTRANSACTION (0.2ms)[0m  [1m[35mCOMMIT[0m
  [1m[36mRolePermission Load (0.1ms)[0m  [1m[34mSELECT "role_permissions".* FROM "role_permissions" WHERE "role_permissions"."role_id" = $1 AND "role_permissions"."permission_id" = $2 LIMIT $3[0m  [["role_id", "251fa639-6975-4181-9884-43cf69d98e5b"], ["permission_id", "28b1ed25-6f09-4a7e-8ced-600e8ecf76e9"], ["LIMIT", 1]]
  [1m[36mTRANSACTION (0.1ms)[0m  [1m[35mBEGIN[0m
  [1m[36mRolePermission Exists? (0.5ms)[0m  [1m[34mSELECT 1 AS one FROM "role_permissions" WHERE "role_permissions"."role_id" = $1 AND "role_permissions"."permission_id" = $2 LIMIT $3[0m  [["role_id", "251fa639-6975-4181-9884-43cf69d98e5b"], ["permission_id", "28b1ed25-6f09-4a7e-8ced-600e8ecf76e9"], ["LIMIT", 1]]
  [1m[36mRolePermission Create (0.2ms)[0m  [1m[32mINSERT INTO "role_permissions" ("role_id", "permission_id", "created_at") VALUES ($1, $2, $3) RETURNING "id"[0m  [["role_id", "251fa639-6975-4181-9884-43cf69d98e5b"], ["permission_id", "28b1ed25-6f09-4a7e-8ced-600e8ecf76e9"], ["created_at", "2026-05-17 11:01:44.294835"]]
  [1m[36mTRANSACTION (0.2ms)[0m  [1m[35mCOMMIT[0m
  [1m[36mRolePermission Load (0.1ms)[0m  [1m[34mSELECT "role_permissions".* FROM "role_permissions" WHERE "role_permissions"."role_id" = $1 AND "role_permissions"."permission_id" = $2 LIMIT $3[0m  [["role_id", "251fa639-6975-4181-9884-43cf69d98e5b"], ["permission_id", "b26b5bde-fa34-4237-bd0c-4a54d2d0a631"], ["LIMIT", 1]]
  [1m[36mTRANSACTION (0.0ms)[0m  [1m[35mBEGIN[0m
  [1m[36mRolePermission Exists? (0.5ms)[0m  [1m[34mSELECT 1 AS one FROM "role_permissions" WHERE "role_permissions"."role_id" = $1 AND "role_permissions"."permission_id" = $2 LIMIT $3[0m  [["role_id", "251fa639-6975-4181-9884-43cf69d98e5b"], ["permission_id", "b26b5bde-fa34-4237-bd0c-4a54d2d0a631"], ["LIMIT", 1]]
  [1m[36mRolePermission Create (0.2ms)[0m  [1m[32mINSERT INTO "role_permissions" ("role_id", "permission_id", "created_at") VALUES ($1, $2, $3) RETURNING "id"[0m  [["role_id", "251fa639-6975-4181-9884-43cf69d98e5b"], ["permission_id", "b26b5bde-fa34-4237-bd0c-4a54d2d0a631"], ["created_at", "2026-05-17 11:01:44.296887"]]
  [1m[36mTRANSACTION (0.1ms)[0m  [1m[35mCOMMIT[0m
  [1m[36mRolePermission Load (0.1ms)[0m  [1m[34mSELECT "role_permissions".* FROM "role_permissions" WHERE "role_permissions"."role_id" = $1 AND "role_permissions"."permission_id" = $2 LIMIT $3[0m  [["role_id", "251fa639-6975-4181-9884-43cf69d98e5b"], ["permission_id", "24d3ee13-2aeb-459e-a787-2fa8eb44181f"], ["LIMIT", 1]]
  [1m[36mTRANSACTION (0.1ms)[0m  [1m[35mBEGIN[0m
  [1m[36mRolePermission Exists? (0.5ms)[0m  [1m[34mSELECT 1 AS one FROM "role_permissions" WHERE "role_permissions"."role_id" = $1 AND "role_permissions"."permission_id" = $2 LIMIT $3[0m  [["role_id", "251fa639-6975-4181-9884-43cf69d98e5b"], ["permission_id", "24d3ee13-2aeb-459e-a787-2fa8eb44181f"], ["LIMIT", 1]]
  [1m[36mRolePermission Create (0.1ms)[0m  [1m[32mINSERT INTO "role_permissions" ("role_id", "permission_id", "created_at") VALUES ($1, $2, $3) RETURNING "id"[0m  [["role_id", "251fa639-6975-4181-9884-43cf69d98e5b"], ["permission_id", "24d3ee13-2aeb-459e-a787-2fa8eb44181f"], ["created_at", "2026-05-17 11:01:44.298883"]]
  [1m[36mTRANSACTION (0.2ms)[0m  [1m[35mCOMMIT[0m
  [1m[36mRolePermission Load (0.1ms)[0m  [1m[34mSELECT "role_permissions".* FROM "role_permissions" WHERE "role_permissions"."role_id" = $1 AND "role_permissions"."permission_id" = $2 LIMIT $3[0m  [["role_id", "251fa639-6975-4181-9884-43cf69d98e5b"], ["permission_id", "33dc6499-f72f-4553-9c71-cb0ef5e7112d"], ["LIMIT", 1]]
  [1m[36mTRANSACTION (0.0ms)[0m  [1m[35mBEGIN[0m
  [1m[36mRolePermission Exists? (0.5ms)[0m  [1m[34mSELECT 1 AS one FROM "role_permissions" WHERE "role_permissions"."role_id" = $1 AND "role_permissions"."permission_id" = $2 LIMIT $3[0m  [["role_id", "251fa639-6975-4181-9884-43cf69d98e5b"], ["permission_id", "33dc6499-f72f-4553-9c71-cb0ef5e7112d"], ["LIMIT", 1]]
  [1m[36mRolePermission Create (0.2ms)[0m  [1m[32mINSERT INTO "role_permissions" ("role_id", "permission_id", "created_at") VALUES ($1, $2, $3) RETURNING "id"[0m  [["role_id", "251fa639-6975-4181-9884-43cf69d98e5b"], ["permission_id", "33dc6499-f72f-4553-9c71-cb0ef5e7112d"], ["created_at", "2026-05-17 11:01:44.300887"]]
  [1m[36mTRANSACTION (0.1ms)[0m  [1m[35mCOMMIT[0m
  [1m[36mRolePermission Load (0.1ms)[0m  [1m[34mSELECT "role_permissions".* FROM "role_permissions" WHERE "role_permissions"."role_id" = $1 AND "role_permissions"."permission_id" = $2 LIMIT $3[0m  [["role_id", "251fa639-6975-4181-9884-43cf69d98e5b"], ["permission_id", "caa49da3-8c5a-4f0e-8aa2-e777823de495"], ["LIMIT", 1]]
  [1m[36mTRANSACTION (0.0ms)[0m  [1m[35mBEGIN[0m
  [1m[36mRolePermission Exists? (0.4ms)[0m  [1m[34mSELECT 1 AS one FROM "role_permissions" WHERE "role_permissions"."role_id" = $1 AND "role_permissions"."permission_id" = $2 LIMIT $3[0m  [["role_id", "251fa639-6975-4181-9884-43cf69d98e5b"], ["permission_id", "caa49da3-8c5a-4f0e-8aa2-e777823de495"], ["LIMIT", 1]]
  [1m[36mRolePermission Create (0.1ms)[0m  [1m[32mINSERT INTO "role_permissions" ("role_id", "permission_id", "created_at") VALUES ($1, $2, $3) RETURNING "id"[0m  [["role_id", "251fa639-6975-4181-9884-43cf69d98e5b"], ["permission_id", "caa49da3-8c5a-4f0e-8aa2-e777823de495"], ["created_at", "2026-05-17 11:01:44.302882"]]
  [1m[36mTRANSACTION (0.2ms)[0m  [1m[35mCOMMIT[0m
  [1m[36mRolePermission Load (0.1ms)[0m  [1m[34mSELECT "role_permissions".* FROM "role_permissions" WHERE "role_permissions"."role_id" = $1 AND "role_permissions"."permission_id" = $2 LIMIT $3[0m  [["role_id", "251fa639-6975-4181-9884-43cf69d98e5b"], ["permission_id", "1332fbe9-acd5-4e58-a3a9-3177fde1c107"], ["LIMIT", 1]]
  [1m[36mTRANSACTION (0.0ms)[0m  [1m[35mBEGIN[0m
  [1m[36mRolePermission Exists? (0.5ms)[0m  [1m[34mSELECT 1 AS one FROM "role_permissions" WHERE "role_permissions"."role_id" = $1 AND "role_permissions"."permission_id" = $2 LIMIT $3[0m  [["role_id", "251fa639-6975-4181-9884-43cf69d98e5b"], ["permission_id", "1332fbe9-acd5-4e58-a3a9-3177fde1c107"], ["LIMIT", 1]]
  [1m[36mRolePermission Create (0.2ms)[0m  [1m[32mINSERT INTO "role_permissions" ("role_id", "permission_id", "created_at") VALUES ($1, $2, $3) RETURNING "id"[0m  [["role_id", "251fa639-6975-4181-9884-43cf69d98e5b"], ["permission_id", "1332fbe9-acd5-4e58-a3a9-3177fde1c107"], ["created_at", "2026-05-17 11:01:44.304934"]]
  [1m[36mTRANSACTION (0.2ms)[0m  [1m[35mCOMMIT[0m
  [1m[36mRolePermission Load (0.1ms)[0m  [1m[34mSELECT "role_permissions".* FROM "role_permissions" WHERE "role_permissions"."role_id" = $1 AND "role_permissions"."permission_id" = $2 LIMIT $3[0m  [["role_id", "251fa639-6975-4181-9884-43cf69d98e5b"], ["permission_id", "0313f285-1188-40b7-a237-cc737e319be9"], ["LIMIT", 1]]
  [1m[36mTRANSACTION (0.0ms)[0m  [1m[35mBEGIN[0m
  [1m[36mRolePermission Exists? (0.5ms)[0m  [1m[34mSELECT 1 AS one FROM "role_permissions" WHERE "role_permissions"."role_id" = $1 AND "role_permissions"."permission_id" = $2 LIMIT $3[0m  [["role_id", "251fa639-6975-4181-9884-43cf69d98e5b"], ["permission_id", "0313f285-1188-40b7-a237-cc737e319be9"], ["LIMIT", 1]]
  [1m[36mRolePermission Create (0.1ms)[0m  [1m[32mINSERT INTO "role_permissions" ("role_id", "permission_id", "created_at") VALUES ($1, $2, $3) RETURNING "id"[0m  [["role_id", "251fa639-6975-4181-9884-43cf69d98e5b"], ["permission_id", "0313f285-1188-40b7-a237-cc737e319be9"], ["created_at", "2026-05-17 11:01:44.307113"]]
  [1m[36mTRANSACTION (0.2ms)[0m  [1m[35mCOMMIT[0m
  [1m[36mRolePermission Load (0.1ms)[0m  [1m[34mSELECT "role_permissions".* FROM "role_permissions" WHERE "role_permissions"."role_id" = $1 AND "role_permissions"."permission_id" = $2 LIMIT $3[0m  [["role_id", "251fa639-6975-4181-9884-43cf69d98e5b"], ["permission_id", "b2e29ed3-cefc-47a6-8ef1-ead2a2f14a82"], ["LIMIT", 1]]
  [1m[36mTRANSACTION (0.0ms)[0m  [1m[35mBEGIN[0m
  [1m[36mRolePermission Exists? (0.6ms)[0m  [1m[34mSELECT 1 AS one FROM "role_permissions" WHERE "role_permissions"."role_id" = $1 AND "role_permissions"."permission_id" = $2 LIMIT $3[0m  [["role_id", "251fa639-6975-4181-9884-43cf69d98e5b"], ["permission_id", "b2e29ed3-cefc-47a6-8ef1-ead2a2f14a82"], ["LIMIT", 1]]
  [1m[36mRolePermission Create (0.2ms)[0m  [1m[32mINSERT INTO "role_permissions" ("role_id", "permission_id", "created_at") VALUES ($1, $2, $3) RETURNING "id"[0m  [["role_id", "251fa639-6975-4181-9884-43cf69d98e5b"], ["permission_id", "b2e29ed3-cefc-47a6-8ef1-ead2a2f14a82"], ["created_at", "2026-05-17 11:01:44.309200"]]
  [1m[36mTRANSACTION (0.2ms)[0m  [1m[35mCOMMIT[0m
  [1m[36mRolePermission Load (0.1ms)[0m  [1m[34mSELECT "role_permissions".* FROM "role_permissions" WHERE "role_permissions"."role_id" = $1 AND "role_permissions"."permission_id" = $2 LIMIT $3[0m  [["role_id", "251fa639-6975-4181-9884-43cf69d98e5b"], ["permission_id", "8d786265-0eba-45ac-8fc8-5c9dce156d61"], ["LIMIT", 1]]
  [1m[36mTRANSACTION (0.0ms)[0m  [1m[35mBEGIN[0m
  [1m[36mRolePermission Exists? (0.5ms)[0m  [1m[34mSELECT 1 AS one FROM "role_permissions" WHERE "role_permissions"."role_id" = $1 AND "role_permissions"."permission_id" = $2 LIMIT $3[0m  [["role_id", "251fa639-6975-4181-9884-43cf69d98e5b"], ["permission_id", "8d786265-0eba-45ac-8fc8-5c9dce156d61"], ["LIMIT", 1]]
  [1m[36mRolePermission Create (0.1ms)[0m  [1m[32mINSERT INTO "role_permissions" ("role_id", "permission_id", "created_at") VALUES ($1, $2, $3) RETURNING "id"[0m  [["role_id", "251fa639-6975-4181-9884-43cf69d98e5b"], ["permission_id", "8d786265-0eba-45ac-8fc8-5c9dce156d61"], ["created_at", "2026-05-17 11:01:44.311452"]]
  [1m[36mTRANSACTION (0.2ms)[0m  [1m[35mCOMMIT[0m
  [1m[36mRolePermission Load (0.1ms)[0m  [1m[34mSELECT "role_permissions".* FROM "role_permissions" WHERE "role_permissions"."role_id" = $1 AND "role_permissions"."permission_id" = $2 LIMIT $3[0m  [["role_id", "251fa639-6975-4181-9884-43cf69d98e5b"], ["permission_id", "3f830ff1-3588-49c9-ae44-eb494dd19b4f"], ["LIMIT", 1]]
  [1m[36mTRANSACTION (0.0ms)[0m  [1m[35mBEGIN[0m
  [1m[36mRolePermission Exists? (0.6ms)[0m  [1m[34mSELECT 1 AS one FROM "role_permissions" WHERE "role_permissions"."role_id" = $1 AND "role_permissions"."permission_id" = $2 LIMIT $3[0m  [["role_id", "251fa639-6975-4181-9884-43cf69d98e5b"], ["permission_id", "3f830ff1-3588-49c9-ae44-eb494dd19b4f"], ["LIMIT", 1]]
  [1m[36mRolePermission Create (0.1ms)[0m  [1m[32mINSERT INTO "role_permissions" ("role_id", "permission_id", "created_at") VALUES ($1, $2, $3) RETURNING "id"[0m  [["role_id", "251fa639-6975-4181-9884-43cf69d98e5b"], ["permission_id", "3f830ff1-3588-49c9-ae44-eb494dd19b4f"], ["created_at", "2026-05-17 11:01:44.313792"]]
  [1m[36mTRANSACTION (0.1ms)[0m  [1m[35mCOMMIT[0m
  [1m[36mRolePermission Load (0.1ms)[0m  [1m[34mSELECT "role_permissions".* FROM "role_permissions" WHERE "role_permissions"."role_id" = $1 AND "role_permissions"."permission_id" = $2 LIMIT $3[0m  [["role_id", "7a5d5d00-4dbb-4b63-8096-a731a3d09adc"], ["permission_id", "1846b868-40ef-42d1-b896-adb84a1d7675"], ["LIMIT", 1]]
  [1m[36mTRANSACTION (0.0ms)[0m  [1m[35mBEGIN[0m
  [1m[36mRolePermission Exists? (0.4ms)[0m  [1m[34mSELECT 1 AS one FROM "role_permissions" WHERE "role_permissions"."role_id" = $1 AND "role_permissions"."permission_id" = $2 LIMIT $3[0m  [["role_id", "7a5d5d00-4dbb-4b63-8096-a731a3d09adc"], ["permission_id", "1846b868-40ef-42d1-b896-adb84a1d7675"], ["LIMIT", 1]]
  [1m[36mRolePermission Create (0.1ms)[0m  [1m[32mINSERT INTO "role_permissions" ("role_id", "permission_id", "created_at") VALUES ($1, $2, $3) RETURNING "id"[0m  [["role_id", "7a5d5d00-4dbb-4b63-8096-a731a3d09adc"], ["permission_id", "1846b868-40ef-42d1-b896-adb84a1d7675"], ["created_at", "2026-05-17 11:01:44.315704"]]
  [1m[36mTRANSACTION (0.2ms)[0m  [1m[35mCOMMIT[0m
  [1m[36mRolePermission Load (0.1ms)[0m  [1m[34mSELECT "role_permissions".* FROM "role_permissions" WHERE "role_permissions"."role_id" = $1 AND "role_permissions"."permission_id" = $2 LIMIT $3[0m  [["role_id", "7a5d5d00-4dbb-4b63-8096-a731a3d09adc"], ["permission_id", "99fe173e-3de7-4fa5-83d2-b62865575544"], ["LIMIT", 1]]
  [1m[36mTRANSACTION (0.0ms)[0m  [1m[35mBEGIN[0m
  [1m[36mRolePermission Exists? (0.5ms)[0m  [1m[34mSELECT 1 AS one FROM "role_permissions" WHERE "role_permissions"."role_id" = $1 AND "role_permissions"."permission_id" = $2 LIMIT $3[0m  [["role_id", "7a5d5d00-4dbb-4b63-8096-a731a3d09adc"], ["permission_id", "99fe173e-3de7-4fa5-83d2-b62865575544"], ["LIMIT", 1]]
  [1m[36mRolePermission Create (0.2ms)[0m  [1m[32mINSERT INTO "role_permissions" ("role_id", "permission_id", "created_at") VALUES ($1, $2, $3) RETURNING "id"[0m  [["role_id", "7a5d5d00-4dbb-4b63-8096-a731a3d09adc"], ["permission_id", "99fe173e-3de7-4fa5-83d2-b62865575544"], ["created_at", "2026-05-17 11:01:44.317669"]]
  [1m[36mTRANSACTION (0.2ms)[0m  [1m[35mCOMMIT[0m
  [1m[36mRolePermission Load (0.1ms)[0m  [1m[34mSELECT "role_permissions".* FROM "role_permissions" WHERE "role_permissions"."role_id" = $1 AND "role_permissions"."permission_id" = $2 LIMIT $3[0m  [["role_id", "7a5d5d00-4dbb-4b63-8096-a731a3d09adc"], ["permission_id", "bb982a20-186e-45f4-a78d-890fd6204350"], ["LIMIT", 1]]
  [1m[36mTRANSACTION (0.0ms)[0m  [1m[35mBEGIN[0m
  [1m[36mRolePermission Exists? (0.5ms)[0m  [1m[34mSELECT 1 AS one FROM "role_permissions" WHERE "role_permissions"."role_id" = $1 AND "role_permissions"."permission_id" = $2 LIMIT $3[0m  [["role_id", "7a5d5d00-4dbb-4b63-8096-a731a3d09adc"], ["permission_id", "bb982a20-186e-45f4-a78d-890fd6204350"], ["LIMIT", 1]]
  [1m[36mRolePermission Create (0.1ms)[0m  [1m[32mINSERT INTO "role_permissions" ("role_id", "permission_id", "created_at") VALUES ($1, $2, $3) RETURNING "id"[0m  [["role_id", "7a5d5d00-4dbb-4b63-8096-a731a3d09adc"], ["permission_id", "bb982a20-186e-45f4-a78d-890fd6204350"], ["created_at", "2026-05-17 11:01:44.319708"]]
  [1m[36mTRANSACTION (0.1ms)[0m  [1m[35mCOMMIT[0m
  [1m[36mRolePermission Load (0.1ms)[0m  [1m[34mSELECT "role_permissions".* FROM "role_permissions" WHERE "role_permissions"."role_id" = $1 AND "role_permissions"."permission_id" = $2 LIMIT $3[0m  [["role_id", "7a5d5d00-4dbb-4b63-8096-a731a3d09adc"], ["permission_id", "340a56ad-69d1-4781-b914-71bcb51a20ec"], ["LIMIT", 1]]
  [1m[36mTRANSACTION (0.1ms)[0m  [1m[35mBEGIN[0m
  [1m[36mRolePermission Exists? (0.6ms)[0m  [1m[34mSELECT 1 AS one FROM "role_permissions" WHERE "role_permissions"."role_id" = $1 AND "role_permissions"."permission_id" = $2 LIMIT $3[0m  [["role_id", "7a5d5d00-4dbb-4b63-8096-a731a3d09adc"], ["permission_id", "340a56ad-69d1-4781-b914-71bcb51a20ec"], ["LIMIT", 1]]
  [1m[36mRolePermission Create (0.2ms)[0m  [1m[32mINSERT INTO "role_permissions" ("role_id", "permission_id", "created_at") VALUES ($1, $2, $3) RETURNING "id"[0m  [["role_id", "7a5d5d00-4dbb-4b63-8096-a731a3d09adc"], ["permission_id", "340a56ad-69d1-4781-b914-71bcb51a20ec"], ["created_at", "2026-05-17 11:01:44.321742"]]
  [1m[36mTRANSACTION (0.2ms)[0m  [1m[35mCOMMIT[0m
  [1m[36mRolePermission Load (0.1ms)[0m  [1m[34mSELECT "role_permissions".* FROM "role_permissions" WHERE "role_permissions"."role_id" = $1 AND "role_permissions"."permission_id" = $2 LIMIT $3[0m  [["role_id", "7a5d5d00-4dbb-4b63-8096-a731a3d09adc"], ["permission_id", "b26b5bde-fa34-4237-bd0c-4a54d2d0a631"], ["LIMIT", 1]]
  [1m[36mTRANSACTION (0.0ms)[0m  [1m[35mBEGIN[0m
  [1m[36mRolePermission Exists? (0.4ms)[0m  [1m[34mSELECT 1 AS one FROM "role_permissions" WHERE "role_permissions"."role_id" = $1 AND "role_permissions"."permission_id" = $2 LIMIT $3[0m  [["role_id", "7a5d5d00-4dbb-4b63-8096-a731a3d09adc"], ["permission_id", "b26b5bde-fa34-4237-bd0c-4a54d2d0a631"], ["LIMIT", 1]]
  [1m[36mRolePermission Create (0.1ms)[0m  [1m[32mINSERT INTO "role_permissions" ("role_id", "permission_id", "created_at") VALUES ($1, $2, $3) RETURNING "id"[0m  [["role_id", "7a5d5d00-4dbb-4b63-8096-a731a3d09adc"], ["permission_id", "b26b5bde-fa34-4237-bd0c-4a54d2d0a631"], ["created_at", "2026-05-17 11:01:44.323739"]]
  [1m[36mTRANSACTION (0.1ms)[0m  [1m[35mCOMMIT[0m
  [1m[36mRolePermission Load (0.1ms)[0m  [1m[34mSELECT "role_permissions".* FROM "role_permissions" WHERE "role_permissions"."role_id" = $1 AND "role_permissions"."permission_id" = $2 LIMIT $3[0m  [["role_id", "7a5d5d00-4dbb-4b63-8096-a731a3d09adc"], ["permission_id", "24d3ee13-2aeb-459e-a787-2fa8eb44181f"], ["LIMIT", 1]]
  [1m[36mTRANSACTION (0.0ms)[0m  [1m[35mBEGIN[0m
  [1m[36mRolePermission Exists? (0.5ms)[0m  [1m[34mSELECT 1 AS one FROM "role_permissions" WHERE "role_permissions"."role_id" = $1 AND "role_permissions"."permission_id" = $2 LIMIT $3[0m  [["role_id", "7a5d5d00-4dbb-4b63-8096-a731a3d09adc"], ["permission_id", "24d3ee13-2aeb-459e-a787-2fa8eb44181f"], ["LIMIT", 1]]
  [1m[36mRolePermission Create (0.2ms)[0m  [1m[32mINSERT INTO "role_permissions" ("role_id", "permission_id", "created_at") VALUES ($1, $2, $3) RETURNING "id"[0m  [["role_id", "7a5d5d00-4dbb-4b63-8096-a731a3d09adc"], ["permission_id", "24d3ee13-2aeb-459e-a787-2fa8eb44181f"], ["created_at", "2026-05-17 11:01:44.325716"]]
  [1m[36mTRANSACTION (0.2ms)[0m  [1m[35mCOMMIT[0m
  [1m[36mRolePermission Load (0.1ms)[0m  [1m[34mSELECT "role_permissions".* FROM "role_permissions" WHERE "role_permissions"."role_id" = $1 AND "role_permissions"."permission_id" = $2 LIMIT $3[0m  [["role_id", "7a5d5d00-4dbb-4b63-8096-a731a3d09adc"], ["permission_id", "0313f285-1188-40b7-a237-cc737e319be9"], ["LIMIT", 1]]
  [1m[36mTRANSACTION (0.0ms)[0m  [1m[35mBEGIN[0m
  [1m[36mRolePermission Exists? (0.4ms)[0m  [1m[34mSELECT 1 AS one FROM "role_permissions" WHERE "role_permissions"."role_id" = $1 AND "role_permissions"."permission_id" = $2 LIMIT $3[0m  [["role_id", "7a5d5d00-4dbb-4b63-8096-a731a3d09adc"], ["permission_id", "0313f285-1188-40b7-a237-cc737e319be9"], ["LIMIT", 1]]
  [1m[36mRolePermission Create (0.1ms)[0m  [1m[32mINSERT INTO "role_permissions" ("role_id", "permission_id", "created_at") VALUES ($1, $2, $3) RETURNING "id"[0m  [["role_id", "7a5d5d00-4dbb-4b63-8096-a731a3d09adc"], ["permission_id", "0313f285-1188-40b7-a237-cc737e319be9"], ["created_at", "2026-05-17 11:01:44.327839"]]
  [1m[36mTRANSACTION (0.1ms)[0m  [1m[35mCOMMIT[0m
  [1m[36mRolePermission Load (0.1ms)[0m  [1m[34mSELECT "role_permissions".* FROM "role_permissions" WHERE "role_permissions"."role_id" = $1 AND "role_permissions"."permission_id" = $2 LIMIT $3[0m  [["role_id", "7a5d5d00-4dbb-4b63-8096-a731a3d09adc"], ["permission_id", "b2e29ed3-cefc-47a6-8ef1-ead2a2f14a82"], ["LIMIT", 1]]
  [1m[36mTRANSACTION (0.0ms)[0m  [1m[35mBEGIN[0m
  [1m[36mRolePermission Exists? (0.5ms)[0m  [1m[34mSELECT 1 AS one FROM "role_permissions" WHERE "role_permissions"."role_id" = $1 AND "role_permissions"."permission_id" = $2 LIMIT $3[0m  [["role_id", "7a5d5d00-4dbb-4b63-8096-a731a3d09adc"], ["permission_id", "b2e29ed3-cefc-47a6-8ef1-ead2a2f14a82"], ["LIMIT", 1]]
  [1m[36mRolePermission Create (0.2ms)[0m  [1m[32mINSERT INTO "role_permissions" ("role_id", "permission_id", "created_at") VALUES ($1, $2, $3) RETURNING "id"[0m  [["role_id", "7a5d5d00-4dbb-4b63-8096-a731a3d09adc"], ["permission_id", "b2e29ed3-cefc-47a6-8ef1-ead2a2f14a82"], ["created_at", "2026-05-17 11:01:44.329746"]]
  [1m[36mTRANSACTION (0.4ms)[0m  [1m[35mCOMMIT[0m
  [1m[36mRolePermission Load (0.1ms)[0m  [1m[34mSELECT "role_permissions".* FROM "role_permissions" WHERE "role_permissions"."role_id" = $1 AND "role_permissions"."permission_id" = $2 LIMIT $3[0m  [["role_id", "7a5d5d00-4dbb-4b63-8096-a731a3d09adc"], ["permission_id", "3f830ff1-3588-49c9-ae44-eb494dd19b4f"], ["LIMIT", 1]]
  [1m[36mTRANSACTION (0.0ms)[0m  [1m[35mBEGIN[0m
  [1m[36mRolePermission Exists? (0.4ms)[0m  [1m[34mSELECT 1 AS one FROM "role_permissions" WHERE "role_permissions"."role_id" = $1 AND "role_permissions"."permission_id" = $2 LIMIT $3[0m  [["role_id", "7a5d5d00-4dbb-4b63-8096-a731a3d09adc"], ["permission_id", "3f830ff1-3588-49c9-ae44-eb494dd19b4f"], ["LIMIT", 1]]
  [1m[36mRolePermission Create (0.1ms)[0m  [1m[32mINSERT INTO "role_permissions" ("role_id", "permission_id", "created_at") VALUES ($1, $2, $3) RETURNING "id"[0m  [["role_id", "7a5d5d00-4dbb-4b63-8096-a731a3d09adc"], ["permission_id", "3f830ff1-3588-49c9-ae44-eb494dd19b4f"], ["created_at", "2026-05-17 11:01:44.332059"]]
  [1m[36mTRANSACTION (0.2ms)[0m  [1m[35mCOMMIT[0m
  [1m[36mActivityDefinition Load (0.3ms)[0m  [1m[34mSELECT "activity_definitions".* FROM "activity_definitions" WHERE "activity_definitions"."name" = $1 AND "activity_definitions"."scope_level" = $2 LIMIT $3[0m  [["name", "Youth Meeting"], ["scope_level", 2], ["LIMIT", 1]]
  [1m[36mTRANSACTION (0.0ms)[0m  [1m[35mBEGIN[0m
  [1m[36mActivityDefinition Create (0.4ms)[0m  [1m[32mINSERT INTO "activity_definitions" ("name", "scope_level", "compulsory_per_month", "is_active", "created_at") VALUES ($1, $2, $3, $4, $5) RETURNING "id"[0m  [["name", "Youth Meeting"], ["scope_level", 2], ["compulsory_per_month", 1], ["is_active", true], ["created_at", "2026-05-17 11:01:44.341132"]]
  [1m[36mTRANSACTION (0.2ms)[0m  [1m[35mCOMMIT[0m
  [1m[36mActivityDefinition Load (0.1ms)[0m  [1m[34mSELECT "activity_definitions".* FROM "activity_definitions" WHERE "activity_definitions"."name" = $1 AND "activity_definitions"."scope_level" = $2 LIMIT $3[0m  [["name", "Study Circle"], ["scope_level", 2], ["LIMIT", 1]]
  [1m[36mTRANSACTION (0.0ms)[0m  [1m[35mBEGIN[0m
  [1m[36mActivityDefinition Create (0.4ms)[0m  [1m[32mINSERT INTO "activity_definitions" ("name", "scope_level", "compulsory_per_month", "is_active", "created_at") VALUES ($1, $2, $3, $4, $5) RETURNING "id"[0m  [["name", "Study Circle"], ["scope_level", 2], ["compulsory_per_month", 0], ["is_active", true], ["created_at", "2026-05-17 11:01:44.343617"]]
  [1m[36mTRANSACTION (0.1ms)[0m  [1m[35mCOMMIT[0m
  [1m[36mActivityDefinition Load (0.1ms)[0m  [1m[34mSELECT "activity_definitions".* FROM "activity_definitions" WHERE "activity_definitions"."name" = $1 AND "activity_definitions"."scope_level" = $2 LIMIT $3[0m  [["name", "Sports Event"], ["scope_level", 2], ["LIMIT", 1]]
  [1m[36mTRANSACTION (0.0ms)[0m  [1m[35mBEGIN[0m
  [1m[36mActivityDefinition Create (0.6ms)[0m  [1m[32mINSERT INTO "activity_definitions" ("name", "scope_level", "compulsory_per_month", "is_active", "created_at") VALUES ($1, $2, $3, $4, $5) RETURNING "id"[0m  [["name", "Sports Event"], ["scope_level", 2], ["compulsory_per_month", 0], ["is_active", true], ["created_at", "2026-05-17 11:01:44.345150"]]
  [1m[36mTRANSACTION (0.1ms)[0m  [1m[35mCOMMIT[0m
  [1m[36mFormSection Load (0.8ms)[0m  [1m[34mSELECT "form_sections".* FROM "form_sections" WHERE "form_sections"."key" = $1 LIMIT $2[0m  [["key", "leadership"], ["LIMIT", 1]]
  [1m[36mTRANSACTION (0.0ms)[0m  [1m[35mBEGIN[0m
  [1m[36mFormSection Exists? (0.2ms)[0m  [1m[34mSELECT 1 AS one FROM "form_sections" WHERE "form_sections"."key" = $1 LIMIT $2[0m  [["key", "leadership"], ["LIMIT", 1]]
  [1m[36mFormSection Exists? (0.2ms)[0m  [1m[34mSELECT 1 AS one FROM "form_sections" WHERE "form_sections"."order_index" = $1 AND "form_sections"."scope_level" = $2 LIMIT $3[0m  [["order_index", 1], ["scope_level", 2], ["LIMIT", 1]]
  [1m[36mFormSection Create (0.6ms)[0m  [1m[32mINSERT INTO "form_sections" ("key", "label", "scope_level", "order_index", "is_active", "created_at") VALUES ($1, $2, $3, $4, $5, $6) RETURNING "id"[0m  [["key", "leadership"], ["label", "Leadership Info"], ["scope_level", 2], ["order_index", 1], ["is_active", true], ["created_at", "2026-05-17 11:01:44.354660"]]
  [1m[36mTRANSACTION (0.2ms)[0m  [1m[35mCOMMIT[0m
  [1m[36mFormSection Load (0.1ms)[0m  [1m[34mSELECT "form_sections".* FROM "form_sections" WHERE "form_sections"."key" = $1 LIMIT $2[0m  [["key", "youth_meeting"], ["LIMIT", 1]]
  [1m[36mTRANSACTION (0.1ms)[0m  [1m[35mBEGIN[0m
  [1m[36mFormSection Exists? (0.5ms)[0m  [1m[34mSELECT 1 AS one FROM "form_sections" WHERE "form_sections"."key" = $1 LIMIT $2[0m  [["key", "youth_meeting"], ["LIMIT", 1]]
  [1m[36mFormSection Exists? (0.1ms)[0m  [1m[34mSELECT 1 AS one FROM "form_sections" WHERE "form_sections"."order_index" = $1 AND "form_sections"."scope_level" = $2 LIMIT $3[0m  [["order_index", 2], ["scope_level", 2], ["LIMIT", 1]]
  [1m[36mFormSection Create (0.2ms)[0m  [1m[32mINSERT INTO "form_sections" ("key", "label", "scope_level", "order_index", "is_active", "created_at") VALUES ($1, $2, $3, $4, $5, $6) RETURNING "id"[0m  [["key", "youth_meeting"], ["label", "Monthly Youth Meeting"], ["scope_level", 2], ["order_index", 2], ["is_active", true], ["created_at", "2026-05-17 11:01:44.357797"]]
  [1m[36mTRANSACTION (0.2ms)[0m  [1m[35mCOMMIT[0m
  [1m[36mFormSection Load (0.1ms)[0m  [1m[34mSELECT "form_sections".* FROM "form_sections" WHERE "form_sections"."key" = $1 LIMIT $2[0m  [["key", "team_changes"], ["LIMIT", 1]]
  [1m[36mTRANSACTION (0.0ms)[0m  [1m[35mBEGIN[0m
  [1m[36mFormSection Exists? (0.4ms)[0m  [1m[34mSELECT 1 AS one FROM "form_sections" WHERE "form_sections"."key" = $1 LIMIT $2[0m  [["key", "team_changes"], ["LIMIT", 1]]
  [1m[36mFormSection Exists? (0.1ms)[0m  [1m[34mSELECT 1 AS one FROM "form_sections" WHERE "form_sections"."order_index" = $1 AND "form_sections"."scope_level" = $2 LIMIT $3[0m  [["order_index", 3], ["scope_level", 2], ["LIMIT", 1]]
  [1m[36mFormSection Create (0.2ms)[0m  [1m[32mINSERT INTO "form_sections" ("key", "label", "scope_level", "order_index", "is_active", "created_at") VALUES ($1, $2, $3, $4, $5, $6) RETURNING "id"[0m  [["key", "team_changes"], ["label", "Team Changes"], ["scope_level", 2], ["order_index", 3], ["is_active", true], ["created_at", "2026-05-17 11:01:44.360564"]]
  [1m[36mTRANSACTION (0.1ms)[0m  [1m[35mCOMMIT[0m
  [1m[36mFormSection Load (0.1ms)[0m  [1m[34mSELECT "form_sections".* FROM "form_sections" WHERE "form_sections"."key" = $1 LIMIT $2[0m  [["key", "activities"], ["LIMIT", 1]]
  [1m[36mTRANSACTION (0.0ms)[0m  [1m[35mBEGIN[0m
  [1m[36mFormSection Exists? (0.5ms)[0m  [1m[34mSELECT 1 AS one FROM "form_sections" WHERE "form_sections"."key" = $1 LIMIT $2[0m  [["key", "activities"], ["LIMIT", 1]]
  [1m[36mFormSection Exists? (0.2ms)[0m  [1m[34mSELECT 1 AS one FROM "form_sections" WHERE "form_sections"."order_index" = $1 AND "form_sections"."scope_level" = $2 LIMIT $3[0m  [["order_index", 4], ["scope_level", 2], ["LIMIT", 1]]
  [1m[36mFormSection Create (0.2ms)[0m  [1m[32mINSERT INTO "form_sections" ("key", "label", "scope_level", "order_index", "is_active", "created_at") VALUES ($1, $2, $3, $4, $5, $6) RETURNING "id"[0m  [["key", "activities"], ["label", "Activities"], ["scope_level", 2], ["order_index", 4], ["is_active", true], ["created_at", "2026-05-17 11:01:44.363218"]]
  [1m[36mTRANSACTION (0.3ms)[0m  [1m[35mCOMMIT[0m
  [1m[36mFormSection Load (0.2ms)[0m  [1m[34mSELECT "form_sections".* FROM "form_sections" WHERE "form_sections"."key" = $1 LIMIT $2[0m  [["key", "zone_summary"], ["LIMIT", 1]]
  [1m[36mTRANSACTION (0.1ms)[0m  [1m[35mBEGIN[0m
  [1m[36mFormSection Exists? (0.4ms)[0m  [1m[34mSELECT 1 AS one FROM "form_sections" WHERE "form_sections"."key" = $1 LIMIT $2[0m  [["key", "zone_summary"], ["LIMIT", 1]]
  [1m[36mFormSection Exists? (0.1ms)[0m  [1m[34mSELECT 1 AS one FROM "form_sections" WHERE "form_sections"."order_index" = $1 AND "form_sections"."scope_level" = $2 LIMIT $3[0m  [["order_index", 1], ["scope_level", 1], ["LIMIT", 1]]
  [1m[36mFormSection Create (0.2ms)[0m  [1m[32mINSERT INTO "form_sections" ("key", "label", "scope_level", "order_index", "is_active", "created_at") VALUES ($1, $2, $3, $4, $5, $6) RETURNING "id"[0m  [["key", "zone_summary"], ["label", "Zone Summary"], ["scope_level", 1], ["order_index", 1], ["is_active", true], ["created_at", "2026-05-17 11:01:44.365883"]]
  [1m[36mTRANSACTION (0.2ms)[0m  [1m[35mCOMMIT[0m
  [1m[36mFormSection Load (0.1ms)[0m  [1m[34mSELECT "form_sections".* FROM "form_sections" WHERE "form_sections"."key" = $1 LIMIT $2[0m  [["key", "zone_activities"], ["LIMIT", 1]]
  [1m[36mTRANSACTION (0.0ms)[0m  [1m[35mBEGIN[0m
  [1m[36mFormSection Exists? (0.6ms)[0m  [1m[34mSELECT 1 AS one FROM "form_sections" WHERE "form_sections"."key" = $1 LIMIT $2[0m  [["key", "zone_activities"], ["LIMIT", 1]]
  [1m[36mFormSection Exists? (0.1ms)[0m  [1m[34mSELECT 1 AS one FROM "form_sections" WHERE "form_sections"."order_index" = $1 AND "form_sections"."scope_level" = $2 LIMIT $3[0m  [["order_index", 2], ["scope_level", 1], ["LIMIT", 1]]
  [1m[36mFormSection Create (0.2ms)[0m  [1m[32mINSERT INTO "form_sections" ("key", "label", "scope_level", "order_index", "is_active", "created_at") VALUES ($1, $2, $3, $4, $5, $6) RETURNING "id"[0m  [["key", "zone_activities"], ["label", "Zone Activities"], ["scope_level", 1], ["order_index", 2], ["is_active", true], ["created_at", "2026-05-17 11:01:44.368699"]]
  [1m[36mTRANSACTION (0.2ms)[0m  [1m[35mCOMMIT[0m
  [1m[36mFormSection Load (0.1ms)[0m  [1m[34mSELECT "form_sections".* FROM "form_sections" WHERE "form_sections"."key" = $1 LIMIT $2[0m  [["key", "zila_summary"], ["LIMIT", 1]]
  [1m[36mTRANSACTION (0.0ms)[0m  [1m[35mBEGIN[0m
  [1m[36mFormSection Exists? (0.5ms)[0m  [1m[34mSELECT 1 AS one FROM "form_sections" WHERE "form_sections"."key" = $1 LIMIT $2[0m  [["key", "zila_summary"], ["LIMIT", 1]]
  [1m[36mFormSection Exists? (0.2ms)[0m  [1m[34mSELECT 1 AS one FROM "form_sections" WHERE "form_sections"."order_index" = $1 AND "form_sections"."scope_level" = $2 LIMIT $3[0m  [["order_index", 1], ["scope_level", 0], ["LIMIT", 1]]
  [1m[36mFormSection Create (0.2ms)[0m  [1m[32mINSERT INTO "form_sections" ("key", "label", "scope_level", "order_index", "is_active", "created_at") VALUES ($1, $2, $3, $4, $5, $6) RETURNING "id"[0m  [["key", "zila_summary"], ["label", "Zila Summary"], ["scope_level", 0], ["order_index", 1], ["is_active", true], ["created_at", "2026-05-17 11:01:44.371304"]]
  [1m[36mTRANSACTION (0.3ms)[0m  [1m[35mCOMMIT[0m
  [1m[36mFormField Load (0.6ms)[0m  [1m[34mSELECT "form_fields".* FROM "form_fields" WHERE "form_fields"."key" = $1 LIMIT $2[0m  [["key", "president_member_id"], ["LIMIT", 1]]
  [1m[36mTRANSACTION (0.0ms)[0m  [1m[35mBEGIN[0m
  [1m[36mFormField Exists? (0.2ms)[0m  [1m[34mSELECT 1 AS one FROM "form_fields" WHERE "form_fields"."key" = $1 LIMIT $2[0m  [["key", "president_member_id"], ["LIMIT", 1]]
  [1m[36mFormField Create (0.4ms)[0m  [1m[32mINSERT INTO "form_fields" ("key", "label", "field_type", "is_required", "prefill_source", "options", "validation", "helper_text", "is_active", "created_at") VALUES ($1, $2, $3, $4, $5, $6, $7, $8, $9, $10) RETURNING "id"[0m  [["key", "president_member_id"], ["label", "President (Sadar)"], ["field_type", "member_picker"], ["is_required", true], ["prefill_source", "unit.president_id"], ["options", nil], ["validation", nil], ["helper_text", nil], ["is_active", true], ["created_at", "2026-05-17 11:01:44.382817"]]
  [1m[36mTRANSACTION (0.2ms)[0m  [1m[35mCOMMIT[0m
  [1m[36mFormField Load (0.2ms)[0m  [1m[34mSELECT "form_fields".* FROM "form_fields" WHERE "form_fields"."key" = $1 LIMIT $2[0m  [["key", "secretary_member_id"], ["LIMIT", 1]]
  [1m[36mTRANSACTION (0.0ms)[0m  [1m[35mBEGIN[0m
  [1m[36mFormField Exists? (0.5ms)[0m  [1m[34mSELECT 1 AS one FROM "form_fields" WHERE "form_fields"."key" = $1 LIMIT $2[0m  [["key", "secretary_member_id"], ["LIMIT", 1]]
  [1m[36mFormField Create (0.2ms)[0m  [1m[32mINSERT INTO "form_fields" ("key", "label", "field_type", "is_required", "prefill_source", "options", "validation", "helper_text", "is_active", "created_at") VALUES ($1, $2, $3, $4, $5, $6, $7, $8, $9, $10) RETURNING "id"[0m  [["key", "secretary_member_id"], ["label", "Secretary"], ["field_type", "member_picker"], ["is_required", true], ["prefill_source", "last_report.secretary_member_id"], ["options", nil], ["validation", nil], ["helper_text", "Prefilled from last month's report. Change if needed."], ["is_active", true], ["created_at", "2026-05-17 11:01:44.385323"]]
  [1m[36mTRANSACTION (0.2ms)[0m  [1m[35mCOMMIT[0m
  [1m[36mFormField Load (0.1ms)[0m  [1m[34mSELECT "form_fields".* FROM "form_fields" WHERE "form_fields"."key" = $1 LIMIT $2[0m  [["key", "youth_meeting_held"], ["LIMIT", 1]]
  [1m[36mTRANSACTION (0.0ms)[0m  [1m[35mBEGIN[0m
  [1m[36mFormField Exists? (0.5ms)[0m  [1m[34mSELECT 1 AS one FROM "form_fields" WHERE "form_fields"."key" = $1 LIMIT $2[0m  [["key", "youth_meeting_held"], ["LIMIT", 1]]
  [1m[36mFormField Create (0.2ms)[0m  [1m[32mINSERT INTO "form_fields" ("key", "label", "field_type", "is_required", "prefill_source", "options", "validation", "helper_text", "is_active", "created_at") VALUES ($1, $2, $3, $4, $5, $6, $7, $8, $9, $10) RETURNING "id"[0m  [["key", "youth_meeting_held"], ["label", "Was youth meeting held?"], ["field_type", "boolean"], ["is_required", true], ["prefill_source", nil], ["options", nil], ["validation", nil], ["helper_text", nil], ["is_active", true], ["created_at", "2026-05-17 11:01:44.387521"]]
  [1m[36mTRANSACTION (0.2ms)[0m  [1m[35mCOMMIT[0m
  [1m[36mFormField Load (0.1ms)[0m  [1m[34mSELECT "form_fields".* FROM "form_fields" WHERE "form_fields"."key" = $1 LIMIT $2[0m  [["key", "youth_meeting_date"], ["LIMIT", 1]]
  [1m[36mTRANSACTION (0.0ms)[0m  [1m[35mBEGIN[0m
  [1m[36mFormField Exists? (0.5ms)[0m  [1m[34mSELECT 1 AS one FROM "form_fields" WHERE "form_fields"."key" = $1 LIMIT $2[0m  [["key", "youth_meeting_date"], ["LIMIT", 1]]
  [1m[36mFormField Create (0.2ms)[0m  [1m[32mINSERT INTO "form_fields" ("key", "label", "field_type", "is_required", "prefill_source", "options", "validation", "helper_text", "is_active", "created_at") VALUES ($1, $2, $3, $4, $5, $6, $7, $8, $9, $10) RETURNING "id"[0m  [["key", "youth_meeting_date"], ["label", "Meeting date"], ["field_type", "date"], ["is_required", false], ["prefill_source", nil], ["options", nil], ["validation", nil], ["helper_text", "Required if meeting was held."], ["is_active", true], ["created_at", "2026-05-17 11:01:44.389684"]]
  [1m[36mTRANSACTION (0.1ms)[0m  [1m[35mCOMMIT[0m
  [1m[36mFormField Load (0.1ms)[0m  [1m[34mSELECT "form_fields".* FROM "form_fields" WHERE "form_fields"."key" = $1 LIMIT $2[0m  [["key", "rukan_count"], ["LIMIT", 1]]
  [1m[36mTRANSACTION (0.1ms)[0m  [1m[35mBEGIN[0m
  [1m[36mFormField Exists? (0.5ms)[0m  [1m[34mSELECT 1 AS one FROM "form_fields" WHERE "form_fields"."key" = $1 LIMIT $2[0m  [["key", "rukan_count"], ["LIMIT", 1]]
  [1m[36mFormField Create (1.2ms)[0m  [1m[32mINSERT INTO "form_fields" ("key", "label", "field_type", "is_required", "prefill_source", "options", "validation", "helper_text", "is_active", "created_at") VALUES ($1, $2, $3, $4, $5, $6, $7, $8, $9, $10) RETURNING "id"[0m  [["key", "rukan_count"], ["label", "Rukan count"], ["field_type", "number"], ["is_required", false], ["prefill_source", nil], ["options", nil], ["validation", "{\"min\":0}"], ["helper_text", nil], ["is_active", true], ["created_at", "2026-05-17 11:01:44.391757"]]
  [1m[36mTRANSACTION (0.2ms)[0m  [1m[35mCOMMIT[0m
  [1m[36mFormField Load (0.1ms)[0m  [1m[34mSELECT "form_fields".* FROM "form_fields" WHERE "form_fields"."key" = $1 LIMIT $2[0m  [["key", "umeedwar_count"], ["LIMIT", 1]]
  [1m[36mTRANSACTION (0.0ms)[0m  [1m[35mBEGIN[0m
  [1m[36mFormField Exists? (0.5ms)[0m  [1m[34mSELECT 1 AS one FROM "form_fields" WHERE "form_fields"."key" = $1 LIMIT $2[0m  [["key", "umeedwar_count"], ["LIMIT", 1]]
  [1m[36mFormField Create (0.2ms)[0m  [1m[32mINSERT INTO "form_fields" ("key", "label", "field_type", "is_required", "prefill_source", "options", "validation", "helper_text", "is_active", "created_at") VALUES ($1, $2, $3, $4, $5, $6, $7, $8, $9, $10) RETURNING "id"[0m  [["key", "umeedwar_count"], ["label", "Umeedwar count"], ["field_type", "number"], ["is_required", false], ["prefill_source", nil], ["options", nil], ["validation", "{\"min\":0}"], ["helper_text", nil], ["is_active", true], ["created_at", "2026-05-17 11:01:44.394935"]]
  [1m[36mTRANSACTION (0.1ms)[0m  [1m[35mCOMMIT[0m
  [1m[36mFormField Load (0.1ms)[0m  [1m[34mSELECT "form_fields".* FROM "form_fields" WHERE "form_fields"."key" = $1 LIMIT $2[0m  [["key", "youth_member_count"], ["LIMIT", 1]]
  [1m[36mTRANSACTION (0.0ms)[0m  [1m[35mBEGIN[0m
  [1m[36mFormField Exists? (0.5ms)[0m  [1m[34mSELECT 1 AS one FROM "form_fields" WHERE "form_fields"."key" = $1 LIMIT $2[0m  [["key", "youth_member_count"], ["LIMIT", 1]]
  [1m[36mFormField Create (0.2ms)[0m  [1m[32mINSERT INTO "form_fields" ("key", "label", "field_type", "is_required", "prefill_source", "options", "validation", "helper_text", "is_active", "created_at") VALUES ($1, $2, $3, $4, $5, $6, $7, $8, $9, $10) RETURNING "id"[0m  [["key", "youth_member_count"], ["label", "Youth members"], ["field_type", "number"], ["is_required", false], ["prefill_source", nil], ["options", nil], ["validation", "{\"min\":0}"], ["helper_text", nil], ["is_active", true], ["created_at", "2026-05-17 11:01:44.396904"]]
  [1m[36mTRANSACTION (0.2ms)[0m  [1m[35mCOMMIT[0m
  [1m[36mFormField Load (0.1ms)[0m  [1m[34mSELECT "form_fields".* FROM "form_fields" WHERE "form_fields"."key" = $1 LIMIT $2[0m  [["key", "activities"], ["LIMIT", 1]]
  [1m[36mTRANSACTION (0.0ms)[0m  [1m[35mBEGIN[0m
  [1m[36mFormField Exists? (0.4ms)[0m  [1m[34mSELECT 1 AS one FROM "form_fields" WHERE "form_fields"."key" = $1 LIMIT $2[0m  [["key", "activities"], ["LIMIT", 1]]
  [1m[36mFormField Create (0.2ms)[0m  [1m[32mINSERT INTO "form_fields" ("key", "label", "field_type", "is_required", "prefill_source", "options", "validation", "helper_text", "is_active", "created_at") VALUES ($1, $2, $3, $4, $5, $6, $7, $8, $9, $10) RETURNING "id"[0m  [["key", "activities"], ["label", "Activities"], ["field_type", "activity_list"], ["is_required", false], ["prefill_source", nil], ["options", nil], ["validation", nil], ["helper_text", "Add all activities conducted this month. Compulsory activities are marked."], ["is_active", true], ["created_at", "2026-05-17 11:01:44.398956"]]
  [1m[36mTRANSACTION (0.2ms)[0m  [1m[35mCOMMIT[0m
  [1m[36mFormSectionField Load (0.7ms)[0m  [1m[34mSELECT "form_section_fields".* FROM "form_section_fields" WHERE "form_section_fields"."section_id" = $1 AND "form_section_fields"."field_id" = $2 LIMIT $3[0m  [["section_id", "fafb3d67-fec7-47c1-9dc4-7d59f18dc822"], ["field_id", "8c4cf44b-ea41-426c-a543-c5034e6b816e"], ["LIMIT", 1]]
  [1m[36mTRANSACTION (0.0ms)[0m  [1m[35mBEGIN[0m
  [1m[36mFormSectionField Exists? (0.2ms)[0m  [1m[34mSELECT 1 AS one FROM "form_section_fields" WHERE "form_section_fields"."section_id" = $1 AND "form_section_fields"."field_id" = $2 LIMIT $3[0m  [["section_id", "fafb3d67-fec7-47c1-9dc4-7d59f18dc822"], ["field_id", "8c4cf44b-ea41-426c-a543-c5034e6b816e"], ["LIMIT", 1]]
  [1m[36mFormSectionField Exists? (0.2ms)[0m  [1m[34mSELECT 1 AS one FROM "form_section_fields" WHERE "form_section_fields"."order_index" = $1 AND "form_section_fields"."section_id" = $2 LIMIT $3[0m  [["order_index", 1], ["section_id", "fafb3d67-fec7-47c1-9dc4-7d59f18dc822"], ["LIMIT", 1]]
  [1m[36mFormSectionField Create (1.0ms)[0m  [1m[32mINSERT INTO "form_section_fields" ("section_id", "field_id", "order_index", "created_at") VALUES ($1, $2, $3, $4) RETURNING "id"[0m  [["section_id", "fafb3d67-fec7-47c1-9dc4-7d59f18dc822"], ["field_id", "8c4cf44b-ea41-426c-a543-c5034e6b816e"], ["order_index", 1], ["created_at", "2026-05-17 11:01:44.408453"]]
  [1m[36mTRANSACTION (0.2ms)[0m  [1m[35mCOMMIT[0m
  [1m[36mFormSectionField Load (0.1ms)[0m  [1m[34mSELECT "form_section_fields".* FROM "form_section_fields" WHERE "form_section_fields"."section_id" = $1 AND "form_section_fields"."field_id" = $2 LIMIT $3[0m  [["section_id", "fafb3d67-fec7-47c1-9dc4-7d59f18dc822"], ["field_id", "88f81361-9cb5-4ee2-aaa7-e8470b6fe0e4"], ["LIMIT", 1]]
  [1m[36mTRANSACTION (0.0ms)[0m  [1m[35mBEGIN[0m
  [1m[36mFormSectionField Exists? (0.4ms)[0m  [1m[34mSELECT 1 AS one FROM "form_section_fields" WHERE "form_section_fields"."section_id" = $1 AND "form_section_fields"."field_id" = $2 LIMIT $3[0m  [["section_id", "fafb3d67-fec7-47c1-9dc4-7d59f18dc822"], ["field_id", "88f81361-9cb5-4ee2-aaa7-e8470b6fe0e4"], ["LIMIT", 1]]
  [1m[36mFormSectionField Exists? (0.1ms)[0m  [1m[34mSELECT 1 AS one FROM "form_section_fields" WHERE "form_section_fields"."order_index" = $1 AND "form_section_fields"."section_id" = $2 LIMIT $3[0m  [["order_index", 2], ["section_id", "fafb3d67-fec7-47c1-9dc4-7d59f18dc822"], ["LIMIT", 1]]
  [1m[36mFormSectionField Create (0.3ms)[0m  [1m[32mINSERT INTO "form_section_fields" ("section_id", "field_id", "order_index", "created_at") VALUES ($1, $2, $3, $4) RETURNING "id"[0m  [["section_id", "fafb3d67-fec7-47c1-9dc4-7d59f18dc822"], ["field_id", "88f81361-9cb5-4ee2-aaa7-e8470b6fe0e4"], ["order_index", 2], ["created_at", "2026-05-17 11:01:44.411995"]]
  [1m[36mTRANSACTION (0.3ms)[0m  [1m[35mCOMMIT[0m
  [1m[36mFormSectionField Load (0.2ms)[0m  [1m[34mSELECT "form_section_fields".* FROM "form_section_fields" WHERE "form_section_fields"."section_id" = $1 AND "form_section_fields"."field_id" = $2 LIMIT $3[0m  [["section_id", "f74e09e8-d1ef-4dc8-bc5c-08ced6a9fdcc"], ["field_id", "46583560-2e4f-4e51-9db8-d2506e15ca5b"], ["LIMIT", 1]]
  [1m[36mTRANSACTION (0.1ms)[0m  [1m[35mBEGIN[0m
  [1m[36mFormSectionField Exists? (0.6ms)[0m  [1m[34mSELECT 1 AS one FROM "form_section_fields" WHERE "form_section_fields"."section_id" = $1 AND "form_section_fields"."field_id" = $2 LIMIT $3[0m  [["section_id", "f74e09e8-d1ef-4dc8-bc5c-08ced6a9fdcc"], ["field_id", "46583560-2e4f-4e51-9db8-d2506e15ca5b"], ["LIMIT", 1]]
  [1m[36mFormSectionField Exists? (0.2ms)[0m  [1m[34mSELECT 1 AS one FROM "form_section_fields" WHERE "form_section_fields"."order_index" = $1 AND "form_section_fields"."section_id" = $2 LIMIT $3[0m  [["order_index", 1], ["section_id", "f74e09e8-d1ef-4dc8-bc5c-08ced6a9fdcc"], ["LIMIT", 1]]
  [1m[36mFormSectionField Create (0.3ms)[0m  [1m[32mINSERT INTO "form_section_fields" ("section_id", "field_id", "order_index", "created_at") VALUES ($1, $2, $3, $4) RETURNING "id"[0m  [["section_id", "f74e09e8-d1ef-4dc8-bc5c-08ced6a9fdcc"], ["field_id", "46583560-2e4f-4e51-9db8-d2506e15ca5b"], ["order_index", 1], ["created_at", "2026-05-17 11:01:44.415060"]]
  [1m[36mTRANSACTION (0.3ms)[0m  [1m[35mCOMMIT[0m
  [1m[36mFormSectionField Load (0.2ms)[0m  [1m[34mSELECT "form_section_fields".* FROM "form_section_fields" WHERE "form_section_fields"."section_id" = $1 AND "form_section_fields"."field_id" = $2 LIMIT $3[0m  [["section_id", "f74e09e8-d1ef-4dc8-bc5c-08ced6a9fdcc"], ["field_id", "9ffbe996-e477-4c76-9463-808a395e94b1"], ["LIMIT", 1]]
  [1m[36mTRANSACTION (0.0ms)[0m  [1m[35mBEGIN[0m
  [1m[36mFormSectionField Exists? (0.4ms)[0m  [1m[34mSELECT 1 AS one FROM "form_section_fields" WHERE "form_section_fields"."section_id" = $1 AND "form_section_fields"."field_id" = $2 LIMIT $3[0m  [["section_id", "f74e09e8-d1ef-4dc8-bc5c-08ced6a9fdcc"], ["field_id", "9ffbe996-e477-4c76-9463-808a395e94b1"], ["LIMIT", 1]]
  [1m[36mFormSectionField Exists? (0.1ms)[0m  [1m[34mSELECT 1 AS one FROM "form_section_fields" WHERE "form_section_fields"."order_index" = $1 AND "form_section_fields"."section_id" = $2 LIMIT $3[0m  [["order_index", 2], ["section_id", "f74e09e8-d1ef-4dc8-bc5c-08ced6a9fdcc"], ["LIMIT", 1]]
  [1m[36mFormSectionField Create (0.3ms)[0m  [1m[32mINSERT INTO "form_section_fields" ("section_id", "field_id", "order_index", "created_at") VALUES ($1, $2, $3, $4) RETURNING "id"[0m  [["section_id", "f74e09e8-d1ef-4dc8-bc5c-08ced6a9fdcc"], ["field_id", "9ffbe996-e477-4c76-9463-808a395e94b1"], ["order_index", 2], ["created_at", "2026-05-17 11:01:44.417813"]]
  [1m[36mTRANSACTION (0.2ms)[0m  [1m[35mCOMMIT[0m
  [1m[36mFormSectionField Load (0.1ms)[0m  [1m[34mSELECT "form_section_fields".* FROM "form_section_fields" WHERE "form_section_fields"."section_id" = $1 AND "form_section_fields"."field_id" = $2 LIMIT $3[0m  [["section_id", "9c11633f-866e-4465-8779-91866c919ded"], ["field_id", "9e11f822-dd00-4640-96e4-76b29f7943b5"], ["LIMIT", 1]]
  [1m[36mTRANSACTION (0.0ms)[0m  [1m[35mBEGIN[0m
  [1m[36mFormSectionField Exists? (0.4ms)[0m  [1m[34mSELECT 1 AS one FROM "form_section_fields" WHERE "form_section_fields"."section_id" = $1 AND "form_section_fields"."field_id" = $2 LIMIT $3[0m  [["section_id", "9c11633f-866e-4465-8779-91866c919ded"], ["field_id", "9e11f822-dd00-4640-96e4-76b29f7943b5"], ["LIMIT", 1]]
  [1m[36mFormSectionField Exists? (0.1ms)[0m  [1m[34mSELECT 1 AS one FROM "form_section_fields" WHERE "form_section_fields"."order_index" = $1 AND "form_section_fields"."section_id" = $2 LIMIT $3[0m  [["order_index", 1], ["section_id", "9c11633f-866e-4465-8779-91866c919ded"], ["LIMIT", 1]]
  [1m[36mFormSectionField Create (0.3ms)[0m  [1m[32mINSERT INTO "form_section_fields" ("section_id", "field_id", "order_index", "created_at") VALUES ($1, $2, $3, $4) RETURNING "id"[0m  [["section_id", "9c11633f-866e-4465-8779-91866c919ded"], ["field_id", "9e11f822-dd00-4640-96e4-76b29f7943b5"], ["order_index", 1], ["created_at", "2026-05-17 11:01:44.420505"]]
  [1m[36mTRANSACTION (0.2ms)[0m  [1m[35mCOMMIT[0m
  [1m[36mFormSectionField Load (0.1ms)[0m  [1m[34mSELECT "form_section_fields".* FROM "form_section_fields" WHERE "form_section_fields"."section_id" = $1 AND "form_section_fields"."field_id" = $2 LIMIT $3[0m  [["section_id", "9c11633f-866e-4465-8779-91866c919ded"], ["field_id", "5f69214b-f4e5-4cfb-a761-03195b019dd2"], ["LIMIT", 1]]
  [1m[36mTRANSACTION (0.0ms)[0m  [1m[35mBEGIN[0m
  [1m[36mFormSectionField Exists? (0.5ms)[0m  [1m[34mSELECT 1 AS one FROM "form_section_fields" WHERE "form_section_fields"."section_id" = $1 AND "form_section_fields"."field_id" = $2 LIMIT $3[0m  [["section_id", "9c11633f-866e-4465-8779-91866c919ded"], ["field_id", "5f69214b-f4e5-4cfb-a761-03195b019dd2"], ["LIMIT", 1]]
  [1m[36mFormSectionField Exists? (0.1ms)[0m  [1m[34mSELECT 1 AS one FROM "form_section_fields" WHERE "form_section_fields"."order_index" = $1 AND "form_section_fields"."section_id" = $2 LIMIT $3[0m  [["order_index", 2], ["section_id", "9c11633f-866e-4465-8779-91866c919ded"], ["LIMIT", 1]]
  [1m[36mFormSectionField Create (0.2ms)[0m  [1m[32mINSERT INTO "form_section_fields" ("section_id", "field_id", "order_index", "created_at") VALUES ($1, $2, $3, $4) RETURNING "id"[0m  [["section_id", "9c11633f-866e-4465-8779-91866c919ded"], ["field_id", "5f69214b-f4e5-4cfb-a761-03195b019dd2"], ["order_index", 2], ["created_at", "2026-05-17 11:01:44.423190"]]
  [1m[36mTRANSACTION (0.1ms)[0m  [1m[35mCOMMIT[0m
  [1m[36mFormSectionField Load (0.1ms)[0m  [1m[34mSELECT "form_section_fields".* FROM "form_section_fields" WHERE "form_section_fields"."section_id" = $1 AND "form_section_fields"."field_id" = $2 LIMIT $3[0m  [["section_id", "9c11633f-866e-4465-8779-91866c919ded"], ["field_id", "d5c806bd-81ea-4237-aefd-c6f8951240fd"], ["LIMIT", 1]]
  [1m[36mTRANSACTION (0.0ms)[0m  [1m[35mBEGIN[0m
  [1m[36mFormSectionField Exists? (0.5ms)[0m  [1m[34mSELECT 1 AS one FROM "form_section_fields" WHERE "form_section_fields"."section_id" = $1 AND "form_section_fields"."field_id" = $2 LIMIT $3[0m  [["section_id", "9c11633f-866e-4465-8779-91866c919ded"], ["field_id", "d5c806bd-81ea-4237-aefd-c6f8951240fd"], ["LIMIT", 1]]
  [1m[36mFormSectionField Exists? (0.1ms)[0m  [1m[34mSELECT 1 AS one FROM "form_section_fields" WHERE "form_section_fields"."order_index" = $1 AND "form_section_fields"."section_id" = $2 LIMIT $3[0m  [["order_index", 3], ["section_id", "9c11633f-866e-4465-8779-91866c919ded"], ["LIMIT", 1]]
  [1m[36mFormSectionField Create (0.2ms)[0m  [1m[32mINSERT INTO "form_section_fields" ("section_id", "field_id", "order_index", "created_at") VALUES ($1, $2, $3, $4) RETURNING "id"[0m  [["section_id", "9c11633f-866e-4465-8779-91866c919ded"], ["field_id", "d5c806bd-81ea-4237-aefd-c6f8951240fd"], ["order_index", 3], ["created_at", "2026-05-17 11:01:44.425847"]]
  [1m[36mTRANSACTION (0.2ms)[0m  [1m[35mCOMMIT[0m
  [1m[36mFormSectionField Load (0.1ms)[0m  [1m[34mSELECT "form_section_fields".* FROM "form_section_fields" WHERE "form_section_fields"."section_id" = $1 AND "form_section_fields"."field_id" = $2 LIMIT $3[0m  [["section_id", "fcf4bb01-e641-423d-bd7f-4c32df822ea3"], ["field_id", "d2c15dae-be4d-4328-a4c1-fae31619a58d"], ["LIMIT", 1]]
  [1m[36mTRANSACTION (0.0ms)[0m  [1m[35mBEGIN[0m
  [1m[36mFormSectionField Exists? (0.5ms)[0m  [1m[34mSELECT 1 AS one FROM "form_section_fields" WHERE "form_section_fields"."section_id" = $1 AND "form_section_fields"."field_id" = $2 LIMIT $3[0m  [["section_id", "fcf4bb01-e641-423d-bd7f-4c32df822ea3"], ["field_id", "d2c15dae-be4d-4328-a4c1-fae31619a58d"], ["LIMIT", 1]]
  [1m[36mFormSectionField Exists? (0.1ms)[0m  [1m[34mSELECT 1 AS one FROM "form_section_fields" WHERE "form_section_fields"."order_index" = $1 AND "form_section_fields"."section_id" = $2 LIMIT $3[0m  [["order_index", 1], ["section_id", "fcf4bb01-e641-423d-bd7f-4c32df822ea3"], ["LIMIT", 1]]
  [1m[36mFormSectionField Create (0.2ms)[0m  [1m[32mINSERT INTO "form_section_fields" ("section_id", "field_id", "order_index", "created_at") VALUES ($1, $2, $3, $4) RETURNING "id"[0m  [["section_id", "fcf4bb01-e641-423d-bd7f-4c32df822ea3"], ["field_id", "d2c15dae-be4d-4328-a4c1-fae31619a58d"], ["order_index", 1], ["created_at", "2026-05-17 11:01:44.429588"]]
  [1m[36mTRANSACTION (0.2ms)[0m  [1m[35mCOMMIT[0m
